temperature,humidity,wind_speed,pressure,rainfall
31.73,65.4,6.66,992.2,0.0
26.96,67.4,1.78,999.6,2.94
32.86,69.2,5.94,1003.3,0.0
39.42,85.0,1.8,1009.2,0.0
26.24,54.6,14.04,1016.2,0.0
26.24,52.8,2.09,1013.6,1.98
39.84,90.3,6.84,998.6,0.0
33.76,59.7,1.07,1005.0,0.0
24.48,45.3,15.0,1008.6,2.83
32.07,59.3,2.64,1005.9,0.0
24.52,62.1,1.56,1005.8,1.87
24.51,96.0,4.47,994.2,2.61
29.81,84.6,4.73,998.8,0.0
13.65,88.7,3.63,1004.8,0.0
15.06,82.8,2.27,983.3,0.0
23.78,85.0,2.45,1013.1,0.0
20.4,55.6,2.01,997.0,0.0
30.36,64.4,4.28,1013.5,4.65
21.19,50.2,2.32,1012.8,0.0
17.41,64.2,6.52,1003.7,0.0
38.99,80.3,5.42,1016.0,88.62
26.31,70.4,5.07,1013.9,0.0
28.51,91.6,1.9,1005.5,0.0
17.31,47.5,1.44,1004.6,5.68
23.92,77.0,5.0,1016.8,0.0
28.83,45.5,4.11,1009.9,0.0
19.37,69.7,4.67,1016.4,0.0
30.82,81.3,2.63,988.9,0.95
23.5,64.1,2.18,1008.8,13.3
25.81,77.9,5.29,995.4,0.0
23.49,50.7,1.95,1007.8,3.01
41.89,38.1,5.8,1013.7,16.15
27.9,78.0,4.43,1021.9,0.0
20.07,99.4,2.12,1000.5,0.66
34.17,50.1,4.39,1003.8,0.0
18.84,90.0,5.1,1007.2,0.0
29.57,68.8,6.56,1000.2,18.8
13.3,44.0,2.08,1015.8,4.92
18.04,47.6,2.6,1007.4,0.0
29.48,68.3,7.32,1009.0,7.75
33.54,60.7,4.41,1013.0,0.0
29.29,44.4,2.18,1007.4,0.0
27.13,37.5,6.11,1001.5,2.41
25.74,52.8,7.45,1007.5,0.0
16.91,71.5,3.77,1001.2,78.17
22.6,67.9,6.15,1008.9,0.34
24.55,59.0,2.93,1016.0,0.0
35.93,71.6,4.13,998.6,1.57
30.58,86.7,4.41,995.7,0.0
14.78,75.1,1.79,1008.4,4.01
30.43,65.8,2.23,1001.9,0.0
25.11,84.7,4.44,1008.3,0.0
22.92,50.7,9.74,1010.6,3.63
32.59,64.0,2.06,990.9,0.0
35.73,64.4,3.16,1013.5,0.0
34.98,45.7,5.67,998.6,0.0
21.71,60.4,4.63,1007.8,1.17
25.68,30.7,2.23,1002.7,0.0
30.48,100.0,9.99,1003.6,0.0
35.32,51.1,4.07,1021.6,3.84
24.41,96.6,3.83,1010.6,0.0
26.61,68.7,3.89,1015.2,6.12
19.7,78.2,2.91,1009.2,0.46
19.03,59.2,10.01,1013.0,0.75
34.09,71.7,0.83,1011.3,0.0
38.17,79.7,2.91,1010.0,10.46
27.46,80.0,1.57,1016.9,0.0
35.53,81.9,2.84,1009.3,2.27
30.71,61.4,7.6,1026.3,0.0
23.16,59.4,10.84,1015.7,0.0
30.71,39.3,1.93,998.9,0.94
39.54,77.4,3.92,1006.6,10.6
27.73,87.5,4.11,1011.2,0.0
39.73,97.1,2.17,1008.4,0.0
10.0,73.5,4.1,1013.5,0.0
34.16,54.2,9.36,1014.4,2.01
28.65,37.5,1.25,997.1,0.0
25.76,86.8,4.26,1018.2,0.0
28.69,35.7,4.94,1004.0,0.0
13.09,61.9,8.23,1003.2,0.0
26.35,64.0,2.17,1003.2,0.0
30.68,66.7,1.37,1014.5,1.22
39.08,68.6,2.11,1005.9,1.91
24.11,70.5,3.03,1002.7,0.0
21.94,30.0,4.68,1004.6,9.86
24.24,68.3,7.32,993.6,3.58
34.87,30.0,4.97,1001.3,0.75
30.47,81.2,1.86,998.1,5.45
24.03,58.0,3.39,1005.8,1.08
31.85,30.0,3.58,1013.3,3.17
28.73,53.3,4.2,1012.4,0.0
35.26,57.7,3.25,1018.1,0.0
22.73,89.4,4.67,1016.3,0.0
25.54,71.5,2.49,1003.8,0.0
25.06,74.2,8.01,1008.2,0.0
17.02,89.3,5.89,1007.7,0.0
30.22,66.3,4.72,990.8,0.37
29.96,81.6,2.8,998.3,0.0
28.04,80.3,3.7,1006.7,0.0
26.24,44.8,2.27,1006.6,0.0
17.38,94.5,6.39,1012.1,0.0
24.85,42.4,8.19,1011.7,0.99
25.43,84.5,6.96,993.8,0.0
21.98,40.7,1.09,1012.1,2.34
26.79,78.8,3.84,1009.4,0.0
31.03,100.0,0.92,1013.0,1.92
42.15,64.2,6.83,1016.5,0.0
29.31,63.4,3.18,1006.9,3.05
29.93,79.0,0.56,1018.0,0.0
27.44,62.1,3.32,1000.9,0.12
13.61,100.0,8.6,1000.4,2.39
27.8,71.5,9.39,1011.4,0.0
28.45,62.2,2.82,1005.0,0.15
45.0,58.3,4.68,1010.1,0.0
26.56,51.2,3.1,1023.9,2.5
30.26,56.7,7.73,1011.1,0.0
27.74,61.7,4.13,1009.7,0.0
19.23,59.2,2.35,1001.0,9.65
36.57,56.2,4.88,994.4,0.0
33.64,100.0,4.89,1007.4,1.31
33.93,49.5,3.41,1016.5,1.24
21.18,70.6,3.24,1005.4,3.75
38.52,78.7,7.85,1011.2,3.59
17.49,79.3,3.9,1019.4,93.3
32.4,66.9,1.23,1019.2,1.8
44.43,63.7,1.74,1011.4,0.0
20.57,76.1,4.06,1009.4,0.0
23.75,72.8,3.3,995.9,0.96
28.75,63.3,3.24,1003.0,0.0
24.22,39.9,1.32,1005.8,0.0
16.37,59.6,5.35,1001.2,0.0
28.51,47.4,4.38,1010.0,0.0
20.03,56.0,3.65,1023.3,9.81
31.55,68.6,1.05,1020.1,0.0
21.1,74.5,1.94,1010.0,0.07
39.62,100.0,1.25,1014.2,0.0
22.13,58.3,1.45,1002.2,0.0
25.58,81.9,1.61,1019.7,0.0
34.1,73.5,1.52,995.5,7.28
18.77,91.3,1.92,1015.3,8.1
29.71,78.4,10.16,1012.0,57.42
37.8,49.8,3.83,1002.0,0.0
15.94,37.0,2.96,1006.3,6.45
29.38,73.6,4.89,998.9,0.0
29.95,58.5,0.64,999.3,0.0
33.86,50.4,3.33,995.3,1.75
18.72,45.2,5.15,1014.1,0.0
18.1,70.9,9.51,1017.6,0.0
31.91,95.1,3.43,990.7,1.41
30.23,60.6,2.3,1022.7,8.33
29.88,78.6,1.34,1007.9,0.0
30.6,66.2,3.45,1010.3,0.0
22.9,44.8,2.31,996.2,3.8
29.74,81.2,2.57,1018.6,11.93
30.2,48.3,3.63,1009.6,0.81
22.64,68.4,2.13,1017.1,6.41
41.99,61.9,1.03,1017.8,1.23
31.55,84.1,4.15,1018.7,1.85
19.07,49.0,1.94,1002.8,8.68
32.92,75.0,5.67,1006.3,0.21
20.69,52.9,1.54,1003.1,0.0
33.9,58.8,6.97,1015.2,0.0
36.69,30.0,2.26,1010.7,0.0
21.84,100.0,8.76,1016.6,2.98
35.23,77.9,1.01,1016.9,0.0
31.1,54.2,6.47,994.2,1.34
34.17,47.8,2.06,1018.8,0.0
42.23,59.1,0.84,1015.6,0.08
26.16,80.9,1.71,1005.0,0.0
22.35,33.9,8.94,1010.8,0.93
21.33,65.5,2.52,1007.0,0.0
21.88,99.9,4.38,1012.9,1.79
27.42,47.6,2.54,1005.0,0.63
30.56,69.4,3.44,1011.8,1.91
30.08,100.0,2.51,1008.5,0.0
34.2,79.4,1.87,1004.5,113.8
28.1,70.3,4.51,1009.5,0.0
38.9,77.1,0.83,1029.7,0.0
26.02,60.8,1.35,1002.5,2.72
45.0,91.4,4.94,1006.0,0.0
32.69,60.8,3.19,1002.7,0.0
21.57,32.7,6.02,1003.5,0.0
19.97,61.0,0.91,1014.5,0.42
31.62,50.6,9.75,1013.7,0.0
26.32,62.9,4.98,1008.0,3.31
33.36,63.3,9.75,1016.2,0.0
31.55,89.6,6.33,1014.3,0.0
27.45,80.5,2.53,1006.7,0.0
21.65,72.7,5.59,995.7,0.0
16.64,67.9,8.41,1014.6,0.0
24.65,48.9,4.41,1009.4,0.0
34.42,30.0,4.9,1008.2,0.0
29.61,70.0,1.73,1004.3,0.0
18.66,82.3,5.02,1014.0,0.0
29.3,66.0,3.5,1010.8,11.34
30.89,58.4,2.52,1006.1,12.47
21.37,76.4,6.72,998.2,0.0
29.15,66.5,0.95,1016.5,0.0
28.44,98.3,4.52,1012.8,0.0
19.43,90.2,5.63,1010.0,146.91
30.68,85.3,3.06,986.7,3.4
32.21,81.6,9.2,1007.7,0.0
36.12,44.8,3.4,1006.1,0.0
35.9,79.9,1.7,1003.1,2.25
17.67,74.8,1.66,1014.0,5.52
20.97,78.9,3.52,1013.7,102.13
31.86,76.9,1.49,1011.5,0.0
31.85,76.1,10.88,1016.3,8.76
31.86,100.0,2.41,999.8,110.53
45.0,66.6,8.08,1004.4,0.0
32.28,84.9,7.21,1008.6,0.0
36.52,59.5,4.27,1003.0,0.46
35.16,82.2,3.0,1013.8,0.0
32.89,84.9,3.49,1003.8,0.0
25.64,74.6,6.27,1018.4,0.0
33.69,98.0,3.99,1000.6,9.1
22.2,52.1,6.76,1025.1,0.0
26.22,59.2,1.88,1024.2,0.0
24.36,71.8,4.38,1007.2,0.19
28.61,83.9,2.44,1017.2,2.12
45.0,71.2,2.23,1004.8,0.0
14.0,91.1,2.54,1016.1,0.0
33.15,56.1,5.26,1006.6,4.39
15.9,47.5,4.74,997.7,0.0
24.46,73.5,0.5,980.0,0.0
36.17,66.6,9.04,1005.9,0.0
28.48,77.8,4.33,1010.2,0.0
19.92,67.5,2.06,1018.6,0.0
22.64,61.9,5.78,1008.3,0.0
33.1,66.7,7.07,1016.0,0.0
22.52,68.5,3.83,1004.4,0.0
29.62,62.5,3.31,1005.3,0.0
28.34,64.3,2.58,1016.4,7.04
23.11,60.7,5.25,988.3,0.0
44.08,83.4,4.99,1008.1,5.23
32.75,71.5,6.36,1004.8,2.07
12.81,100.0,5.58,1018.9,0.0
29.4,70.9,4.65,1003.8,2.31
23.04,58.1,3.99,1012.1,1.96
34.39,100.0,4.26,1015.4,0.0
22.06,75.4,6.12,996.1,0.0
27.14,85.8,5.83,1006.9,0.0
31.79,78.7,3.3,1004.5,0.0
34.49,79.2,2.92,1015.6,0.59
19.0,77.6,9.91,1013.4,0.0
25.49,48.2,1.1,1006.1,3.24
24.44,74.6,2.22,999.6,11.59
23.1,44.2,4.14,1016.3,1.96
41.24,64.9,7.73,1007.5,5.9
31.04,54.9,6.93,995.1,0.0
18.54,74.4,3.78,995.7,0.0
34.88,74.0,1.14,1011.5,2.32
43.92,76.7,2.38,997.8,2.04
35.74,73.2,4.38,1022.9,0.0
16.6,57.1,5.39,1000.5,1.52
24.37,63.3,7.38,1008.0,0.0
37.5,84.6,3.46,1009.3,0.0
22.69,87.2,1.41,1002.2,1.29
31.33,47.4,1.11,990.1,0.0
33.81,40.4,2.97,1009.5,0.05
21.05,54.9,5.83,1002.0,0.0
27.55,86.8,3.49,1008.9,0.1
10.0,89.9,0.99,1007.0,0.0
20.32,51.4,2.76,1010.1,0.47
26.11,73.5,7.21,1020.5,0.0
18.64,100.0,0.61,1003.6,5.27
40.24,75.5,2.83,1004.2,2.35
17.27,93.6,6.9,994.7,0.0
24.7,86.0,2.02,1006.4,6.36
28.98,51.6,3.77,1011.3,0.0
38.81,64.6,5.67,1004.1,0.35
17.23,68.6,11.55,1011.3,5.11
36.72,69.9,5.93,1006.6,0.0
28.08,84.5,1.46,997.6,80.96
20.64,75.4,8.09,1010.5,0.0
31.47,30.0,4.04,1006.4,0.0
29.49,44.4,1.3,1009.0,0.0
23.5,30.0,0.61,1003.5,0.0
28.52,71.2,1.09,1002.8,4.74
25.11,72.3,2.34,1009.3,0.0
28.85,73.1,3.31,1006.2,0.0
32.97,50.7,4.15,1021.8,3.01
39.9,80.1,5.66,1014.4,0.61
18.72,80.9,1.13,1012.4,0.17
44.0,45.4,2.04,1006.6,0.0
13.36,41.6,3.63,991.8,0.0
26.86,68.0,3.43,1001.5,0.15
32.41,100.0,4.24,1002.8,1.0
30.11,98.6,2.87,1005.8,0.0
23.33,78.1,6.43,1007.7,0.0
26.44,54.9,4.86,1013.2,0.0
24.3,84.0,4.81,1010.2,0.0
23.58,59.9,1.22,1017.3,0.0
34.37,54.2,7.04,1005.5,5.16
30.68,30.0,7.62,1010.1,1.1
22.8,69.8,1.19,1010.8,11.1
34.75,56.7,10.85,1010.0,0.34
30.3,69.7,3.87,1018.3,4.87
34.1,30.0,2.28,1014.4,0.0
32.72,71.1,2.2,997.4,6.53
21.78,30.0,0.98,1007.1,0.0
23.8,87.6,8.24,1007.9,0.0
33.6,77.4,2.37,1025.2,1.42
32.58,63.0,2.65,1005.4,0.0
27.84,78.1,1.14,1000.1,0.0
28.88,50.4,4.45,1011.5,0.0
37.58,69.3,3.63,1012.0,0.0
23.56,82.3,8.45,1007.4,0.0
32.1,30.0,0.9,1006.2,2.23
26.48,59.9,4.28,1015.6,3.44
26.37,67.6,1.26,1001.2,3.37
36.24,64.5,1.97,1005.3,3.57
34.19,94.2,3.63,1003.8,0.59
34.1,47.8,9.79,1016.8,0.0
37.79,56.8,0.5,1010.3,2.15
28.16,33.5,0.51,999.5,0.0
33.11,95.2,1.28,1000.3,0.0
25.67,63.6,3.58,1023.0,0.38
30.43,60.1,1.06,1016.7,1.54
27.02,67.1,0.57,1014.7,0.0
28.73,79.5,4.5,1008.1,114.27
32.46,74.3,2.57,1020.1,1.05
21.86,100.0,7.03,999.2,0.18
43.69,76.2,4.54,1014.0,4.0
20.45,59.6,4.61,1004.5,0.0
18.89,57.9,1.98,1006.0,0.11
36.69,60.9,7.55,1013.8,0.0
33.94,41.0,1.45,1006.9,1.84
32.68,68.7,2.72,1004.5,0.0
32.71,82.1,3.79,1004.0,0.0
27.91,57.0,6.89,992.1,1.19
21.27,53.5,1.07,1014.1,0.0
28.57,95.3,4.7,999.9,0.0
22.92,42.3,1.8,1022.9,0.0
35.31,30.8,2.8,1005.7,0.0
26.9,47.2,6.77,1018.5,0.0
21.81,40.3,2.84,993.5,0.48
25.59,75.0,2.78,1013.9,0.0
31.1,61.5,1.46,1015.9,0.0
23.77,64.0,1.43,1018.4,0.0
21.83,88.8,4.9,995.8,1.97
29.83,55.6,3.79,1002.4,0.0
29.84,82.0,4.49,1012.6,5.03
24.2,95.2,2.83,1009.2,143.93
24.47,59.8,2.94,1010.3,1.4
29.74,81.3,4.99,1005.1,1.46
17.14,63.6,3.82,1020.4,0.0
17.44,84.6,0.5,1028.9,0.0
22.61,39.7,8.79,1008.8,0.0
26.4,38.4,2.14,1011.6,7.5
30.33,61.0,6.46,1008.4,0.0
39.07,52.0,6.6,1018.3,0.0
34.43,58.7,5.15,1014.6,0.0
26.8,64.0,5.73,999.5,0.63
27.86,81.0,11.25,1003.1,1.13
20.48,60.7,0.51,999.9,0.0
27.86,53.2,4.78,1029.6,0.0
25.84,61.7,6.52,1013.1,3.14
30.42,54.2,0.92,1003.2,0.0
21.8,51.2,5.67,1002.6,0.0
31.9,39.0,1.4,1014.4,0.0
39.5,69.3,2.51,1015.2,0.0
27.18,57.8,2.99,1014.4,0.0
31.01,85.4,1.97,1004.6,0.0
33.18,41.9,3.24,1010.4,0.0
24.99,58.2,4.04,1008.9,0.0
29.68,100.0,1.11,1000.5,5.76
28.09,51.1,7.21,1000.6,0.0
28.73,63.7,4.24,1011.3,0.0
22.2,46.1,6.47,1009.6,0.0
28.18,43.7,3.81,1012.4,0.0
31.73,95.9,10.57,1014.3,0.0
38.88,71.1,6.76,1020.0,1.66
35.19,70.4,3.05,1001.8,0.0
44.15,37.5,1.89,1013.0,2.84
22.24,74.5,1.95,1014.0,0.0
34.54,88.8,2.05,1005.5,1.4
29.38,88.7,6.08,1009.0,0.0
44.42,80.0,3.82,1005.7,0.0
21.94,47.7,10.0,1024.9,0.66
21.7,73.6,3.25,1008.8,2.1
23.5,80.0,3.11,1011.6,0.0
12.07,35.7,2.29,1005.9,0.0
24.06,47.8,2.17,1004.2,0.0
22.31,84.0,0.82,997.6,1.13
29.13,83.8,7.44,1016.8,10.32
30.56,40.1,1.2,1014.1,7.4
42.07,82.3,1.94,1005.6,0.1
35.13,69.7,2.95,1000.8,0.0
23.67,82.1,0.86,1009.4,2.05
21.26,56.6,2.47,1004.0,0.0
31.69,79.6,1.47,1006.2,1.15
18.1,83.2,3.23,997.9,0.0
41.74,61.7,13.33,1009.7,0.0
36.85,68.3,2.77,1009.9,1.39
24.48,56.3,4.4,1016.8,7.56
15.15,97.7,6.04,1006.8,7.34
38.15,65.8,2.09,1005.3,0.0
27.14,51.4,0.52,995.5,0.0
37.28,55.1,1.19,1016.8,0.48
16.04,70.3,3.82,1015.1,1.19
23.5,81.6,0.93,1008.2,0.0
28.04,44.0,3.47,997.4,0.0
28.35,100.0,3.96,998.3,0.0
24.62,73.6,1.38,1003.6,15.45
32.67,76.4,3.68,1015.7,1.78
19.99,66.3,2.41,1010.3,0.0
26.93,68.3,4.57,996.1,0.0
28.9,65.3,5.29,1011.2,0.0
31.86,86.3,2.05,1001.3,0.0
33.34,67.9,10.87,1003.8,2.61
19.57,81.8,0.88,1015.8,0.0
16.49,60.2,1.55,1014.1,0.39
37.58,71.5,2.01,1016.7,1.82
30.49,53.5,4.56,1007.8,2.62
22.39,89.9,0.92,1015.1,0.0
39.63,53.0,8.13,1003.3,0.02
28.87,62.2,2.22,1005.9,0.0
36.84,62.3,2.64,1005.4,0.0
28.51,61.6,1.48,1008.2,4.4
43.46,81.0,4.19,997.7,5.18
41.17,62.3,5.49,1006.2,6.87
26.13,93.1,2.64,1019.6,0.0
35.29,53.3,7.75,999.3,8.06
32.84,71.0,2.55,997.4,0.0
38.26,54.0,2.89,998.0,0.0
20.76,75.6,2.33,1029.3,0.0
33.15,67.7,4.7,1011.7,0.0
35.94,65.2,3.53,1005.8,5.12
14.81,89.4,2.19,1008.5,2.11
19.13,56.2,3.67,1009.8,0.0
12.71,78.6,4.87,1002.9,0.0
25.98,54.2,4.12,1003.9,0.0
33.38,70.0,2.1,1006.7,0.0
39.27,46.5,3.95,1002.2,0.0
28.56,56.1,1.71,1004.8,1.42
40.21,66.5,2.64,1010.8,0.0
17.65,100.0,1.82,1000.0,0.0
15.22,69.8,3.25,1028.9,0.0
27.58,97.8,5.03,1014.0,4.09
30.88,72.0,10.06,997.8,0.0
27.75,61.0,7.59,988.2,0.48
12.49,95.7,10.84,1002.5,0.0
27.33,75.9,6.12,1013.5,0.0
18.22,56.4,8.22,1011.9,0.0
33.02,76.5,0.5,1007.1,3.18
30.75,62.7,13.02,1003.2,0.0
20.95,32.2,3.11,1000.8,3.18
24.15,84.8,13.12,1004.8,0.0
20.06,87.7,9.67,999.9,117.21
27.53,100.0,3.76,1004.8,2.43
35.16,75.6,0.51,1018.6,7.31
20.61,63.5,6.21,1001.8,0.0
31.78,83.0,0.5,1012.9,0.0
24.02,83.3,5.46,1014.1,0.0
22.05,97.5,0.83,999.4,0.0
27.2,67.2,3.56,1001.3,0.0
20.24,65.0,6.01,1016.6,0.0
23.85,55.1,5.12,1000.6,0.0
19.02,77.7,5.48,1007.5,0.0
42.74,40.1,5.48,1024.3,1.33
28.26,82.0,6.35,1015.8,0.0
22.75,78.6,2.18,1008.7,0.46
29.6,78.5,7.44,1014.7,5.62
27.16,70.5,1.6,1007.6,0.0
26.34,95.6,7.39,1016.1,0.0
32.61,83.7,5.14,991.6,0.0
33.68,57.1,3.85,1006.9,0.0
24.02,57.4,2.09,991.3,13.91
23.68,52.2,1.08,1009.3,0.0
25.94,77.9,2.01,1006.1,57.26
10.74,50.0,2.08,1018.9,2.59
16.64,87.5,6.15,1013.7,11.57
38.25,91.8,1.17,1003.8,0.79
40.34,52.2,4.2,1004.8,2.75
26.13,64.7,4.7,1011.0,1.84
32.32,68.3,1.26,1003.4,0.0
30.33,83.9,6.02,1007.7,106.05
45.0,97.0,4.36,1018.5,0.0
36.4,37.7,7.61,1001.4,5.29
27.04,62.3,6.63,1004.4,5.19
20.83,63.2,4.27,1005.5,1.6
15.95,42.8,1.88,1030.0,5.07
29.53,59.3,1.89,1012.9,2.58
22.33,75.7,1.26,1017.1,6.81
17.33,63.0,1.54,1014.1,0.0
23.15,40.2,4.8,1014.7,3.88
19.89,100.0,3.7,1011.8,0.0
40.65,72.8,0.92,1010.9,0.0
34.61,70.0,4.94,996.4,0.0
27.94,48.2,6.79,1010.9,0.0
39.1,72.7,7.07,1007.1,6.24
28.58,65.0,0.8,1012.4,0.0
21.54,34.0,6.73,1007.4,0.0
39.42,48.7,4.89,1014.1,3.07
32.04,82.3,2.52,1015.5,6.67
20.22,100.0,9.24,984.7,0.0
26.57,74.6,1.97,1004.5,0.0
21.43,87.9,0.5,993.1,121.46
17.63,65.2,2.61,1009.9,2.02
34.95,66.4,2.21,1005.6,0.53
42.32,87.6,4.6,1018.8,0.92
17.51,97.9,5.22,1009.7,0.0
32.22,91.4,5.39,1004.1,125.49
23.12,48.8,3.63,1015.5,5.62
24.35,66.8,3.79,1005.5,2.26
23.56,73.0,8.94,1004.0,0.0
21.52,63.3,0.62,1011.1,1.43
28.36,75.0,5.56,1020.9,2.15
21.77,82.8,4.01,1014.8,0.0
30.03,86.1,2.59,1012.5,3.75
27.62,98.3,3.23,1030.0,0.64
26.21,62.1,4.06,1002.1,2.56
21.19,43.4,1.67,1002.0,0.0
23.67,74.4,4.81,1009.2,140.89
33.67,100.0,5.17,1020.1,0.0
31.76,59.4,5.48,1000.5,0.0
20.67,80.4,7.79,1022.0,0.0
28.74,80.5,1.54,996.5,0.0
33.64,71.4,2.09,1007.0,4.08
15.48,68.1,1.13,1009.4,0.0
32.08,51.4,4.11,1000.9,7.92
23.03,30.0,2.87,1003.0,4.19
32.28,48.0,6.72,1014.4,0.0
22.28,61.0,9.35,1019.5,0.0
14.46,87.8,8.53,991.1,4.19
15.79,66.1,4.13,1009.4,3.21
28.36,58.7,12.47,1007.1,0.0
29.95,52.0,4.77,1008.9,0.0
21.22,79.8,1.72,1005.5,58.46
32.79,92.5,1.66,997.7,3.4
15.54,87.1,4.48,1020.3,2.58
27.5,78.9,5.53,1017.3,0.0
18.92,41.4,1.75,1007.2,0.0
23.11,61.7,3.05,1004.1,6.06
28.36,100.0,0.5,1003.1,4.74
21.55,88.2,0.63,987.3,0.0
25.12,40.3,1.44,1010.8,0.78
35.55,67.0,3.0,1014.2,0.0
23.67,74.5,4.12,1009.1,144.59
34.27,54.3,2.64,1007.3,0.0
19.53,30.0,2.1,1009.1,0.0
31.97,69.8,4.78,1001.2,14.25
38.81,53.8,3.72,1004.0,0.0
10.0,53.9,3.21,1006.7,1.92
22.02,61.6,1.31,1013.6,0.0
32.33,65.6,3.35,1019.0,0.0
26.48,67.8,2.29,1006.2,0.0
30.78,52.1,0.78,999.6,0.0
23.47,64.0,4.82,1008.3,0.0
28.65,36.4,6.58,1024.1,0.58
26.83,73.6,2.18,1000.3,4.49
36.76,30.0,3.34,1015.1,0.0
29.91,62.8,1.51,1018.7,0.0
30.53,84.5,1.76,1005.1,69.15
24.91,48.9,3.2,1002.4,0.35
24.34,80.9,6.21,1012.6,0.0
24.76,88.8,4.91,1010.8,1.46
30.96,30.0,3.3,1013.6,0.0
24.84,65.3,2.17,1024.6,0.0
30.17,30.0,1.63,1009.3,0.0
43.57,65.9,1.72,998.5,0.89
34.53,67.9,1.4,1008.5,2.22
25.55,30.0,7.56,1009.9,4.1
37.01,100.0,1.23,1018.1,3.31
24.94,73.1,3.54,1006.4,104.49
12.71,52.7,9.39,1004.7,0.0
20.44,94.4,2.49,997.0,0.0
13.97,35.7,8.53,1012.4,0.0
25.36,45.9,4.16,1030.0,1.08
28.14,30.0,5.87,1006.2,0.0
40.57,100.0,1.52,1011.6,8.13
30.45,74.0,3.57,1003.6,0.0
26.36,79.9,2.64,997.7,0.0
34.22,73.4,1.6,1011.5,0.0
11.42,78.3,2.99,1008.2,53.32
29.77,69.4,5.74,988.9,0.0
33.78,72.9,3.94,1020.9,8.24
16.91,69.9,0.66,1011.3,0.0
36.58,57.0,1.7,1008.6,1.01
30.54,67.2,0.74,1004.6,0.0
24.89,72.9,4.65,1011.2,0.0
32.75,70.0,9.31,1011.6,0.0
45.0,41.4,3.55,1011.2,0.66
29.36,43.8,1.25,1016.5,0.0
29.86,87.5,0.77,1018.4,1.08
24.55,62.5,9.11,1024.0,3.16
21.63,78.5,1.47,1001.3,0.0
34.23,48.3,1.94,1003.4,2.79
21.58,41.5,3.61,1010.9,0.55
28.54,52.8,1.63,1001.8,0.0
24.42,64.0,2.65,1003.1,9.23
31.59,56.0,4.78,1011.8,0.0
30.5,91.3,4.01,1015.2,2.29
35.78,71.2,3.82,1018.2,0.0
24.17,100.0,3.07,1006.5,17.21
25.98,75.3,3.73,1011.7,0.0
20.66,30.0,6.54,1009.9,0.0
24.67,87.0,1.31,1008.1,0.0
30.83,40.8,4.82,1001.5,8.42
33.68,72.1,4.91,1000.5,0.0
21.08,54.1,1.24,1013.3,1.33
34.52,100.0,6.46,1001.3,0.0
38.17,93.9,2.24,993.8,0.35
31.1,54.6,2.24,1007.7,1.74
42.08,65.7,2.21,1019.6,0.0
22.2,72.4,9.75,985.6,2.51
18.67,83.5,3.14,1005.7,0.01
14.66,68.5,2.66,1013.4,0.0
39.22,49.6,3.3,993.4,0.0
32.91,55.1,2.98,1006.3,0.0
27.58,67.9,2.82,998.9,0.0
30.1,90.2,2.38,999.9,5.22
19.56,75.7,8.42,1004.8,1.18
45.0,54.1,2.89,999.0,0.0
28.97,79.7,1.86,998.3,0.03
28.82,61.0,7.62,1007.5,12.31
33.44,84.0,4.99,1025.8,0.29
31.61,100.0,6.3,1014.1,1.81
29.68,61.5,1.84,1016.1,3.86
22.07,82.4,3.34,1014.4,0.0
31.54,54.6,6.33,1002.4,7.81
42.12,66.0,8.55,1010.5,12.24
38.09,68.5,3.66,1016.8,0.0
39.95,64.5,3.76,1014.6,3.56
24.17,100.0,4.72,1009.6,0.0
20.58,62.5,7.93,1012.2,2.03
27.06,78.6,4.41,1027.7,0.72
28.42,33.3,9.73,1014.7,1.67
36.21,75.8,4.65,1005.5,0.53
15.31,88.6,3.92,1007.4,0.0
39.47,58.5,3.42,999.6,2.52
26.81,30.0,3.46,1026.8,0.41
24.8,67.3,7.09,1020.8,0.0
20.41,68.3,2.76,1008.7,0.0
15.59,81.0,1.61,1025.4,0.0
34.17,100.0,2.33,1013.1,0.0
28.55,61.2,6.71,1004.6,4.94
18.33,52.6,1.85,1015.3,0.03
18.29,47.0,5.73,1011.2,0.53
25.48,71.6,2.33,1014.7,0.0
40.52,76.6,1.46,997.0,3.66
26.05,58.2,2.63,1001.5,0.0
16.73,82.0,6.54,1019.9,3.84
26.16,76.4,9.29,1021.5,0.79
25.95,68.8,2.71,1019.3,0.56
10.0,51.8,6.01,1025.7,0.07
27.59,59.3,2.18,1012.6,2.37
26.27,30.0,0.5,1012.1,0.0
33.22,72.2,2.55,1000.7,3.17
41.87,68.5,7.18,1003.4,0.0
36.45,71.4,1.03,992.1,0.0
25.98,77.1,1.89,1005.4,0.03
19.7,74.9,6.98,991.5,0.0
45.0,66.0,4.33,1016.6,0.0
28.44,68.9,3.87,1011.1,0.0
28.1,42.7,1.29,991.8,0.0
27.82,57.5,2.1,1006.5,16.32
29.49,68.9,3.43,1023.7,11.38
26.92,54.8,4.91,1007.0,6.79
23.7,83.5,12.65,1000.0,3.05
23.9,56.1,4.55,993.7,0.77
27.75,71.9,3.98,994.0,0.75
23.92,70.1,4.54,1012.3,2.56
22.65,81.4,0.94,1004.5,0.0
28.8,84.2,5.39,1005.2,1.69
26.09,80.5,0.87,1004.6,2.38
39.28,30.1,8.21,1006.9,1.9
10.0,89.5,1.65,998.2,115.16
36.19,95.5,1.35,1010.5,0.36
37.35,59.3,1.22,996.6,0.0
12.45,72.3,3.9,1002.0,0.0
25.43,52.0,3.25,1016.1,4.4
25.21,32.9,4.88,1011.0,0.0
17.44,54.7,3.17,1013.5,0.0
22.17,58.3,3.45,1025.2,0.0
19.67,61.6,0.97,1007.5,0.83
41.14,50.7,5.18,1008.2,4.12
35.02,54.8,4.94,1005.9,0.0
37.54,67.8,5.85,1004.5,0.0
33.41,54.1,3.43,999.9,0.0
19.53,77.8,4.03,1008.7,87.43
24.07,80.3,5.21,1010.8,1.11
31.67,100.0,5.35,1011.3,0.0
18.83,88.3,4.99,1008.5,3.65
33.35,72.4,6.03,1015.4,1.37
26.2,56.8,6.93,1008.2,0.0
25.19,73.3,2.85,1004.7,0.59
33.33,73.9,3.55,1000.6,1.07
31.33,58.8,5.23,995.6,0.0
25.29,82.1,1.94,1019.7,0.0
36.69,42.8,1.64,1002.4,0.0
19.89,63.6,1.68,1000.6,0.0
32.62,78.0,2.1,1004.7,0.0
32.45,62.8,2.46,1005.8,0.0
25.68,64.3,4.83,1021.1,1.96
30.45,65.5,3.44,1005.4,0.0
18.62,53.0,10.37,1029.1,1.99
34.93,89.1,1.85,1008.5,0.07
26.61,49.7,12.98,1024.5,0.61
24.08,73.7,5.53,1015.2,0.0
35.87,75.4,1.69,1010.9,0.0
22.72,50.9,0.72,1020.6,0.0
17.44,69.3,1.54,1017.0,4.39
16.33,51.6,0.71,1013.1,0.0
32.55,93.0,3.46,1026.5,1.09
18.4,47.5,5.08,1004.0,0.0
41.16,56.2,3.0,1000.0,0.0
12.39,46.0,2.19,1002.6,0.0
40.72,43.6,1.66,1022.0,2.32
29.58,96.6,7.69,1019.6,6.72
27.27,77.8,2.49,1003.8,70.92
23.91,70.5,6.98,989.2,1.81
30.99,56.2,0.77,1006.4,2.38
27.72,84.3,9.39,999.9,0.0
36.27,53.2,4.02,1004.0,0.0
28.86,82.3,2.22,999.6,0.0
29.13,52.3,1.78,995.1,0.0
25.27,56.4,4.2,1023.1,0.0
27.57,81.6,3.56,1002.5,3.09
30.31,83.5,2.44,1019.3,0.0
15.17,78.8,0.77,1006.2,0.37
17.89,49.1,3.33,999.0,0.0
33.57,60.0,14.77,1012.1,1.04
29.28,70.8,3.44,1004.9,0.0
26.62,52.7,1.17,1006.3,0.0
28.14,92.7,1.09,1009.2,0.0
30.61,30.0,0.86,1001.5,0.0
23.95,54.0,5.42,995.0,3.99
22.16,58.8,8.45,1007.6,0.0
29.47,30.0,1.35,1015.7,0.0
20.66,42.9,1.75,1000.8,1.17
31.06,79.3,7.52,1009.2,5.33
15.23,68.5,4.93,1020.0,0.0
35.72,96.3,0.9,1007.3,0.65
31.54,95.8,5.15,1008.7,5.45
29.92,75.8,5.06,1008.4,5.13
35.37,73.6,10.73,1002.5,80.67
40.49,69.2,2.93,1000.1,0.71
35.61,30.0,2.5,1000.1,2.24
14.19,42.9,1.01,1010.9,2.04
18.4,69.8,3.52,1014.1,0.56
23.31,79.1,2.35,1014.4,1.58
28.2,73.2,4.76,1005.0,0.0
31.88,51.9,5.17,1016.7,2.45
22.56,84.9,3.68,1010.5,0.0
29.4,94.7,8.76,1008.6,7.56
22.33,84.9,2.31,981.3,4.77
23.41,85.8,2.15,1001.5,2.74
17.45,57.9,7.41,995.8,0.0
21.08,87.4,4.39,1013.0,0.0
17.86,70.6,2.97,1008.8,0.0
20.68,77.2,7.95,999.4,0.0
35.9,74.6,3.0,1010.4,5.99
20.88,65.8,2.16,996.6,0.0
45.0,52.5,2.68,999.6,0.0
31.7,66.5,2.96,1002.3,0.0
29.39,85.8,1.65,1012.3,0.0
21.56,60.1,3.11,1019.2,7.02
33.25,84.1,3.54,1003.3,0.0
23.68,81.3,5.6,1018.6,0.0
28.92,62.6,7.34,1008.4,0.0
45.0,93.0,7.42,1009.9,0.0
27.28,61.6,3.45,1007.5,0.0
36.62,95.2,1.98,1006.4,3.63
22.73,75.8,1.57,1011.5,1.54
27.74,67.7,1.97,1013.9,2.47
41.28,52.0,0.96,1000.9,0.0
23.3,66.4,1.87,1006.5,0.0
41.59,64.3,15.0,1021.4,0.0
33.31,45.4,8.01,1009.4,0.0
23.78,64.1,3.87,1010.3,0.56
32.74,53.5,2.72,1017.3,0.0
35.29,78.5,4.63,1004.0,0.0
32.66,91.5,1.54,1007.7,0.0
16.22,45.9,2.9,1014.5,0.0
22.55,98.8,0.73,1017.9,0.0
26.14,65.7,4.65,989.1,0.96
27.44,50.4,7.57,1002.1,0.23
32.66,81.6,1.98,1000.0,12.8
29.33,60.0,1.38,1007.0,0.0
17.98,66.5,2.01,1000.6,3.52
30.85,60.7,0.5,1013.3,0.0
32.58,53.3,1.83,1009.4,0.0
32.2,81.0,2.17,1015.1,7.28
36.11,62.8,10.48,1015.6,0.0
34.25,42.1,3.95,1013.4,0.0
31.44,77.9,1.75,1005.3,3.78
27.47,46.3,2.51,1008.8,0.0
15.54,47.2,2.12,1004.3,0.39
31.22,89.5,2.17,997.1,74.58
29.56,46.5,4.68,1015.6,3.09
30.04,30.0,1.56,1007.3,0.0
18.42,79.2,1.31,996.0,0.0
19.89,62.5,6.61,1012.3,4.52
35.9,64.1,4.07,1006.2,3.6
27.7,62.3,0.5,991.5,0.58
33.11,72.2,3.73,997.0,3.21
28.21,54.5,1.35,1002.4,0.0
28.22,94.6,1.1,1009.7,3.71
35.04,41.4,7.24,1014.3,0.0
24.13,76.0,1.74,1014.0,0.0
28.72,79.6,2.7,1012.8,0.0
24.53,54.3,3.4,1007.7,0.0
24.74,49.6,7.42,1021.8,0.0
25.68,86.3,1.31,1013.6,3.36
29.67,50.2,4.22,1009.8,0.05
24.41,57.1,3.66,1012.5,0.0
37.42,84.0,4.41,1004.8,0.1
21.29,68.6,3.91,1007.5,7.09
26.6,35.7,2.75,991.3,8.26
24.7,99.4,3.36,1004.9,0.0
38.85,58.5,8.8,1022.1,0.0
29.47,60.8,4.23,1009.2,2.27
35.74,72.6,3.95,1008.9,1.89
16.86,79.3,1.85,1016.0,0.0
30.0,100.0,10.15,1010.9,2.16
34.67,38.1,3.98,1001.7,3.55
28.62,82.9,5.6,1008.2,0.0
35.99,81.4,1.33,998.9,0.0
24.12,65.5,2.3,1009.5,2.34
38.57,82.2,1.74,1001.3,7.23
45.0,84.8,4.86,1015.4,5.96
25.28,43.1,0.96,1003.9,0.75
24.66,99.5,4.94,1001.4,0.0
38.9,39.9,4.79,1007.1,0.0
39.85,47.6,0.65,1010.9,2.66
24.08,63.3,4.64,998.3,3.78
24.85,100.0,2.53,1003.8,4.04
25.89,62.5,10.41,1008.8,0.0
17.92,67.4,5.26,1018.7,0.0
21.11,93.8,2.48,987.8,131.79
20.47,62.6,3.59,1012.9,0.4
22.24,46.8,5.98,1004.9,4.82
27.74,60.5,0.78,1004.0,0.0
29.76,92.7,3.24,1002.6,0.0
39.63,69.3,5.79,1005.1,0.0
20.51,100.0,2.73,1013.0,0.48
35.38,81.3,4.62,1003.7,0.0
26.4,56.4,3.11,1021.3,0.0
27.63,68.9,0.69,1013.0,6.17
33.06,52.6,4.96,1009.6,1.24
19.58,56.0,7.29,1006.7,15.18
30.87,100.0,1.25,1017.5,0.0
29.25,86.3,3.62,1018.7,2.17
31.69,83.5,1.46,998.7,0.0
30.17,56.8,1.27,1002.4,0.69
45.0,96.3,2.12,1013.1,2.86
23.22,87.8,4.79,1015.5,0.0
24.02,100.0,2.0,1005.6,0.0
23.33,100.0,1.79,1002.1,98.94
23.83,41.4,2.45,1008.6,0.0
23.22,48.0,2.72,1019.8,0.0
36.92,49.9,3.28,1008.3,1.25
38.65,51.0,9.72,997.9,0.0
23.72,73.8,11.35,1008.9,7.55
21.76,57.8,3.39,1014.3,0.0
31.54,100.0,4.93,1007.2,3.52
23.86,100.0,0.61,1018.1,0.0
32.75,67.9,7.17,1014.9,0.0
29.52,100.0,3.79,1007.5,0.0
16.63,94.8,0.73,1008.3,0.4
39.61,59.9,6.15,993.3,0.0
41.47,31.8,4.75,1017.7,0.0
23.4,64.1,5.33,1005.4,0.0
25.09,56.4,13.11,1004.8,0.0
30.14,71.7,3.41,1003.6,0.0
30.51,69.6,4.39,1011.7,0.0
32.94,69.1,3.73,999.0,7.11
43.08,77.4,2.12,1000.1,0.0
26.67,46.2,6.76,1007.6,0.0
22.01,75.4,3.54,1003.0,0.0
17.66,60.1,4.25,1010.7,0.0
22.52,71.6,8.12,1003.3,0.0
27.75,85.2,4.34,1020.8,0.85
41.46,46.0,6.7,1013.5,0.0
24.12,62.9,0.88,1013.4,0.0
29.68,65.9,2.29,1003.2,21.16
27.88,58.7,6.1,1027.2,0.0
36.91,84.2,3.03,1004.5,0.37
45.0,55.0,13.22,1002.3,0.03
24.02,58.0,2.26,1013.7,0.0
24.33,55.2,12.26,1009.6,0.0
35.83,87.7,1.25,1001.5,0.0
33.11,59.1,0.69,1025.6,0.0
41.85,76.3,1.23,1015.8,0.0
32.38,100.0,6.73,1008.0,0.0
25.31,66.7,0.89,1027.2,1.49
32.43,88.0,1.45,1014.5,88.88
36.32,98.1,2.04,1007.9,2.68
34.15,86.5,9.22,1026.3,2.2
31.8,67.7,5.15,1013.3,0.33
36.0,79.6,3.09,1012.9,0.31
36.77,44.8,0.5,1004.9,2.52
38.37,54.0,4.04,1008.4,0.0
32.87,57.1,0.98,1004.7,0.72
26.75,100.0,4.36,1019.5,0.0
29.1,53.4,5.38,995.1,2.86
37.05,53.1,4.28,1018.9,1.25
21.87,49.2,6.85,1001.0,0.0
30.77,78.1,2.03,1007.5,0.0
25.05,70.6,7.12,1005.6,0.03
28.22,87.6,2.25,1003.8,9.96
37.59,80.1,1.37,1013.5,0.0
29.43,43.2,2.15,1008.0,0.0
28.35,53.5,3.38,1002.7,0.0
17.8,92.6,1.21,1009.2,0.0
33.6,64.3,3.07,1002.4,2.39
32.84,89.4,4.42,1003.7,0.0
44.22,65.3,1.99,996.0,0.0
25.69,50.6,6.56,1004.4,0.0
29.64,62.5,2.99,1012.0,0.0
29.87,50.6,0.67,1008.3,0.0
39.83,57.8,2.93,1022.5,0.0
27.29,71.6,0.91,1028.9,113.51
30.09,77.2,0.85,1004.3,137.92
32.56,39.4,1.59,1001.3,0.3
29.4,67.7,5.96,1017.0,0.0
24.65,57.4,4.09,1010.7,0.0
29.46,56.3,0.61,1017.1,4.85
36.05,70.4,6.25,1011.2,0.0
20.3,58.1,8.46,1006.4,0.0
29.0,92.9,3.8,1006.5,0.1
22.75,89.4,1.87,1011.5,0.0
36.96,89.3,2.54,1006.3,5.11
16.58,59.1,4.65,1017.8,6.74
23.81,50.7,0.5,997.6,0.0
30.83,69.5,2.51,1017.7,0.0
39.74,65.3,0.96,993.0,0.0
27.51,57.0,3.92,1009.2,5.01
23.84,46.8,1.33,1005.4,2.45
42.11,67.3,9.93,995.9,0.0
17.14,60.7,4.49,991.5,0.0
11.51,80.4,4.19,999.2,0.0
31.3,80.0,2.83,1008.4,0.0
24.23,87.8,1.7,1003.2,0.0
20.34,45.3,1.02,999.7,0.0
33.31,75.2,4.79,1018.8,88.09
29.83,54.9,1.05,998.1,4.73
23.77,46.0,2.69,1013.4,0.0
18.4,60.3,2.33,1000.9,2.44
34.54,87.2,6.37,999.0,11.1
32.88,61.3,5.24,1003.2,0.0
27.26,96.2,7.8,1013.0,0.0
41.85,77.9,1.51,997.0,21.06
19.97,60.9,2.55,1010.3,0.0
16.56,88.9,5.74,1000.3,0.0
22.81,76.0,4.32,1001.8,0.0
27.66,51.2,2.16,1011.2,3.57
29.83,100.0,13.88,1025.4,0.0
26.19,72.7,7.89,1000.7,0.0
30.64,68.3,4.47,1013.8,0.0
18.61,52.6,0.68,1005.5,0.0
38.83,89.2,3.51,1004.2,0.0
27.38,77.3,2.71,1016.6,0.0
36.38,79.3,5.78,1001.3,0.0
30.57,58.9,1.5,998.8,14.11
31.43,83.0,2.43,1011.7,5.34
32.27,84.4,6.08,1020.8,112.91
31.36,56.0,4.76,1014.0,1.44
32.82,42.5,1.13,996.7,0.0
37.97,78.5,6.71,1003.1,0.0
29.47,39.7,3.58,1015.8,0.0
33.32,70.7,2.45,1020.6,0.0
27.33,59.9,7.86,1009.8,1.46
38.8,89.9,2.52,1003.4,2.34
22.93,60.9,5.41,1021.2,0.0
41.51,87.9,9.38,1007.4,0.0
27.7,58.7,5.4,1003.2,0.0
17.27,86.0,3.69,1001.8,7.67
28.96,100.0,4.21,998.4,3.04
22.89,48.8,0.5,1030.0,0.68
34.3,73.3,4.56,1019.4,0.0
23.11,100.0,3.3,1002.7,3.91
24.65,69.2,4.25,1021.9,0.0
13.83,69.1,1.04,1012.3,3.03
24.61,82.2,8.89,1011.8,0.0
10.0,68.7,1.11,1002.3,0.0
16.12,37.3,1.64,1003.9,0.0
33.7,88.4,5.31,1007.7,0.12
33.89,31.9,2.39,992.3,1.98
31.19,60.5,2.58,1004.1,2.36
20.75,89.7,2.39,1008.0,0.0
27.64,61.6,2.13,1018.5,0.12
27.97,55.5,5.7,1003.1,0.0
19.31,83.8,11.51,1014.5,0.0
39.28,52.7,3.48,991.5,0.0
34.58,46.0,3.19,1017.3,0.66
26.34,72.9,1.77,1000.8,7.91
28.2,64.7,4.36,1009.0,0.0
29.56,45.6,2.97,1011.3,3.19
12.69,79.5,6.58,1009.7,0.0
26.15,76.4,1.26,1007.1,0.29
22.89,61.5,2.81,998.1,2.46
20.49,62.8,5.49,1000.9,5.03
25.89,76.5,5.07,1016.0,0.0
41.48,89.4,3.48,1003.2,2.73
32.81,62.9,2.1,1007.2,0.0
23.72,79.8,2.08,996.1,3.34
32.29,78.2,5.17,1014.9,0.0
38.5,83.8,6.49,997.4,12.97
34.93,68.7,6.88,1015.3,13.03
28.45,51.6,2.85,999.5,0.0
23.15,59.7,2.29,1016.1,1.67
33.24,74.2,4.25,1008.1,111.05
30.95,100.0,2.98,1003.5,0.67
34.71,59.3,2.38,1020.8,0.0
32.76,82.5,2.75,1007.4,0.0
35.87,62.1,4.97,1005.1,0.0
23.99,70.0,2.36,1015.3,1.98
37.88,95.3,2.33,996.2,1.06
29.48,81.8,3.09,987.8,5.6
43.56,45.7,1.61,1017.3,9.0
22.83,57.7,4.71,1001.3,0.0
41.02,90.6,1.72,1014.9,0.0
29.48,70.6,3.16,1008.4,11.43
23.11,47.3,3.73,998.7,2.51
24.37,53.3,0.5,1012.9,0.0
25.6,80.7,2.69,1004.7,0.28
31.18,85.9,4.7,999.4,11.66
31.92,68.3,1.18,999.6,1.98
23.7,100.0,3.23,994.1,9.98
27.82,82.8,2.6,1011.2,0.0
44.07,63.6,2.03,1000.5,4.48
40.96,53.3,1.85,1007.7,1.15
31.27,50.5,2.65,1006.5,0.0
28.29,74.0,7.03,1000.5,5.4
28.9,59.2,4.32,995.8,0.64
32.6,98.1,3.14,1028.3,0.0
20.33,94.4,5.57,1007.6,0.0
26.07,79.4,3.99,1022.6,0.0
15.49,46.8,5.91,1017.3,0.0
30.99,55.9,2.12,1005.4,0.0
32.85,90.6,2.86,1009.4,0.0
24.38,57.9,7.84,1009.2,0.0
39.8,88.2,0.9,1022.8,5.6
18.81,76.5,5.34,1014.6,0.0
17.02,68.9,3.61,1001.5,5.93
29.68,55.3,2.62,1010.8,3.65
35.85,66.3,14.14,1014.4,1.49
40.63,71.4,1.21,998.6,0.0
24.56,86.6,0.55,1012.0,4.24
36.09,52.1,5.03,1018.8,4.51
27.71,63.3,1.1,1001.1,3.55
26.71,68.8,4.28,1002.2,2.06
34.63,79.9,3.58,1017.3,0.0
32.89,51.6,0.52,1005.2,0.0
16.18,44.3,8.42,1000.1,0.0
39.07,80.1,1.9,1015.1,0.0
38.35,40.7,3.59,1012.6,0.0
23.31,91.1,11.5,1008.8,74.4
30.97,65.2,9.98,1017.0,0.69
31.71,40.1,10.86,1017.6,0.82
29.96,59.4,4.11,1007.3,3.41
23.87,74.8,4.64,1023.8,82.24
22.96,58.4,1.83,1020.7,2.04
27.81,68.4,2.1,992.1,0.0
36.8,81.3,6.74,999.8,9.36
32.08,64.4,7.17,990.0,1.06
25.22,51.1,1.77,1005.4,0.16
33.79,62.6,2.31,998.3,0.43
10.0,93.5,5.5,1001.5,0.19
36.62,98.3,1.02,1016.7,0.0
14.95,31.6,5.04,994.0,0.0
25.28,87.6,1.9,1009.0,0.29
19.6,72.5,5.59,1009.0,0.0
18.29,84.6,7.3,1007.3,6.73
36.71,58.1,2.31,1009.0,7.97
24.49,36.2,2.85,990.1,0.85
30.6,78.5,7.97,1001.5,8.79
27.65,51.1,9.29,1020.3,3.02
31.58,43.0,2.81,998.4,18.57
28.58,44.3,4.31,1021.3,0.08
18.38,78.8,1.9,996.7,0.0
35.47,70.5,1.28,995.8,0.0
24.3,82.1,1.85,1000.4,0.0
16.33,80.0,3.57,1017.0,10.09
24.79,60.4,2.9,1003.6,0.0
39.26,66.7,1.19,1010.8,0.0
34.38,58.8,0.5,1008.6,0.96
25.39,64.2,1.37,1007.6,0.0
25.38,50.6,5.61,1018.2,2.24
25.59,75.0,5.87,1014.2,2.97
43.58,87.4,6.81,998.9,4.08
30.86,53.3,4.14,1005.8,3.37
31.23,91.1,11.06,1021.9,0.0
35.73,70.0,2.91,1010.6,50.83
29.79,72.3,3.27,995.9,0.75
26.06,37.4,3.11,996.5,0.0
26.53,35.5,2.08,1015.1,3.1
27.46,70.6,4.2,1013.6,2.01
27.72,82.2,0.69,1000.6,0.0
33.46,55.9,5.19,1014.0,0.0
28.39,98.1,6.2,1020.8,0.0
33.49,81.2,6.4,1019.7,5.69
27.39,51.6,1.57,1020.8,2.33
28.59,68.6,1.92,1012.4,2.46
13.01,100.0,4.38,1006.6,0.71
34.87,45.6,2.55,1004.8,0.0
30.6,77.5,6.19,1007.9,0.0
35.49,62.2,3.17,1001.0,1.87
10.0,80.7,2.22,1005.1,0.0
43.66,90.8,2.68,1018.2,93.65
26.95,61.0,4.53,995.1,0.0
36.31,88.1,1.5,995.7,134.53
20.2,100.0,11.29,1014.6,2.71
32.6,69.2,6.19,1005.2,1.36
20.1,82.1,2.31,992.6,0.0
23.32,57.4,2.06,1007.5,0.0
42.36,68.3,1.75,1006.4,4.19
26.57,64.8,3.23,1004.6,0.0
29.63,82.3,1.33,1013.5,5.31
34.53,89.7,3.17,997.3,0.0
31.72,66.0,2.75,1008.1,0.0
29.13,95.6,1.11,1006.3,0.0
30.74,95.5,2.48,1008.3,6.07
45.0,83.2,1.97,994.1,8.9
27.57,58.7,3.58,1003.8,0.0
29.51,57.0,1.06,1008.2,0.0
35.88,53.4,0.96,1012.3,1.4
36.29,85.1,2.48,1022.8,1.21
36.9,46.2,3.43,1014.4,1.67
32.79,80.2,2.88,1011.7,0.0
19.43,48.5,2.28,1018.2,0.0
40.25,82.8,3.76,1005.6,0.0
19.4,68.3,1.38,1020.4,0.78
30.27,92.0,1.08,1017.0,0.0
22.34,88.5,0.91,1004.4,0.86
27.52,93.8,4.12,1023.4,1.32
30.47,94.3,10.75,1011.6,0.0
30.41,70.6,1.67,1025.5,0.0
31.16,47.1,1.17,1010.4,1.93
40.1,49.1,5.45,1003.5,0.0
31.4,30.4,6.18,1001.9,0.0
26.17,48.5,2.03,1005.2,0.0
35.23,69.2,2.79,1003.4,0.0
36.92,57.9,3.48,1018.2,0.79
18.79,64.8,10.08,1007.8,4.49
32.48,76.9,1.24,995.1,4.43
33.26,62.5,1.58,1009.7,3.41
25.77,47.8,2.58,1009.0,1.55
38.32,67.0,0.5,1004.3,0.0
26.87,51.8,4.3,1010.1,0.95
28.94,63.1,4.28,1007.6,0.0
26.7,92.2,1.49,1013.1,0.0
28.12,63.1,3.36,1012.6,0.0
19.78,99.9,4.26,1010.9,0.0
17.2,93.8,3.02,997.6,0.0
39.96,57.6,0.94,1025.0,1.3
21.65,48.0,6.68,995.6,0.0
20.56,67.1,2.01,1007.0,0.0
11.85,88.8,4.78,999.2,0.0
23.21,59.2,4.95,1011.2,11.4
18.08,84.3,4.01,1009.1,0.88
40.32,89.8,1.71,1006.6,0.0
35.57,54.1,3.37,1020.1,4.92
22.84,55.8,2.0,1016.9,0.0
44.89,80.8,8.6,1005.4,1.06
35.36,70.7,0.5,1014.4,0.0
25.56,55.7,2.87,1020.5,3.93
10.0,61.7,3.79,1016.8,0.04
45.0,66.7,1.85,1006.9,0.0
17.58,39.8,6.81,995.3,0.64
15.66,81.8,4.96,1010.6,0.0
35.67,59.4,6.35,1013.3,0.0
45.0,30.0,5.2,1001.8,0.0
38.38,67.6,1.61,1008.2,1.32
32.23,54.7,1.31,1007.3,0.0
32.46,98.4,0.91,1019.1,7.24
34.4,57.5,1.53,1022.8,6.07
33.69,48.2,2.3,1017.4,0.0
30.11,77.1,5.19,1007.3,0.0
28.78,56.1,1.74,1017.2,0.0
27.53,54.0,4.07,1013.2,6.0
22.35,77.2,2.67,1007.4,3.92
25.89,49.3,4.64,1024.7,0.0
15.3,41.8,5.9,1002.1,1.95
27.26,99.1,3.66,1012.8,0.0
20.59,78.4,1.11,1014.7,0.0
19.72,63.2,3.88,1005.7,2.64
29.35,67.9,7.71,1012.5,12.35
38.44,77.1,1.48,1015.6,0.0
34.89,85.5,7.33,1010.0,0.0
16.22,54.4,1.9,1011.8,0.0
20.58,74.6,3.11,1008.8,6.43
35.06,58.9,1.62,1014.4,8.99
20.63,64.6,2.77,1006.2,0.4
26.32,70.9,8.23,1005.5,80.1
32.13,67.9,0.92,1008.2,0.0
20.74,81.2,7.08,1017.5,0.0
28.79,76.8,2.35,994.0,0.0
17.99,40.9,2.59,1000.7,0.0
23.49,43.6,0.89,1026.2,0.0
30.4,61.3,1.52,1010.2,0.0
16.05,100.0,4.87,1004.7,0.0
31.3,52.7,4.28,1014.4,17.43
27.85,64.3,7.11,1001.7,3.19
32.14,58.3,1.36,991.2,0.85
29.68,58.0,4.23,1010.8,17.18
38.23,71.2,2.76,1002.2,3.13
28.94,93.2,5.34,1008.8,0.0
24.78,76.2,0.5,1010.6,12.16
28.92,53.5,3.0,1009.1,4.86
32.07,100.0,3.55,994.3,10.05
28.37,69.4,3.19,1008.2,1.57
28.3,57.6,1.67,1011.6,0.19
22.74,93.4,4.64,996.8,11.63
23.03,59.6,3.38,995.8,2.78
17.48,97.9,0.99,999.4,118.01
41.12,52.3,0.66,1014.0,0.0
18.67,93.7,3.54,992.0,5.01
22.8,71.6,1.21,1014.6,0.22
22.61,91.2,3.31,1011.1,0.24
34.71,100.0,4.2,1005.9,8.83
25.79,47.6,0.5,996.2,0.0
37.36,91.0,2.4,1001.6,0.0
22.95,42.6,1.99,1014.3,0.0
30.09,49.2,2.17,1018.1,0.0
21.73,53.5,1.39,999.7,0.0
44.09,77.1,5.7,1017.1,2.87
19.09,68.6,6.38,1013.5,8.73
30.32,65.0,1.71,1007.9,0.0
32.75,70.6,1.6,1002.1,0.0
31.1,78.6,0.5,1003.3,5.74
26.61,80.0,1.52,1022.6,4.71
27.03,87.7,2.34,1009.4,0.0
28.33,100.0,1.38,1018.6,0.0
26.9,67.6,0.87,1009.9,0.0
35.23,58.6,6.92,1004.4,0.0
44.58,79.0,3.53,1012.7,0.41
23.82,47.4,5.44,1025.3,0.33
17.73,55.8,2.42,1002.8,5.96
27.34,86.0,1.77,1015.3,5.85
45.0,65.8,4.68,1009.5,0.0
21.97,46.3,4.33,996.4,0.0
40.29,41.2,1.25,996.2,0.0
40.58,68.9,0.5,1004.4,0.0
23.85,88.6,4.39,1010.8,0.0
32.27,88.3,3.5,1015.0,0.0
40.21,70.0,3.01,995.4,3.04
25.16,100.0,2.15,1013.2,0.0
26.47,66.1,3.13,1007.1,0.0
23.64,65.5,3.44,1008.0,0.0
20.39,30.0,4.35,1012.7,0.0
23.13,59.9,4.14,1022.0,0.0
18.82,83.3,3.13,1010.4,133.13
28.26,96.2,1.85,997.1,0.0
22.23,53.1,0.5,1006.5,5.16
29.75,76.3,4.36,1014.8,0.0
16.33,86.8,2.98,1015.1,130.24
30.48,68.2,2.92,1013.3,0.0
34.25,30.0,0.72,1003.9,0.0
13.05,72.5,6.12,997.1,101.34
30.81,81.7,2.02,1012.7,3.1
37.21,50.9,4.28,998.3,0.0
18.93,63.4,0.5,1013.5,0.0
40.54,47.2,1.57,1013.5,3.11
31.14,30.0,0.9,1004.3,0.0
22.71,86.5,3.81,1007.1,8.35
27.58,67.9,3.15,1009.6,0.0
32.19,96.8,2.29,1003.1,0.0
28.57,83.4,0.96,996.9,2.08
32.04,61.6,8.85,1007.7,0.48
21.09,66.5,1.29,1008.5,0.45
29.27,78.2,2.35,1018.9,3.86
17.4,85.4,8.86,1001.7,2.15
27.17,73.8,2.24,1016.5,0.0
21.22,87.9,6.92,998.8,0.0
22.48,62.7,3.49,997.2,0.0
37.27,50.1,6.26,1005.6,1.67
36.18,66.8,6.41,1000.5,0.0
32.57,71.7,1.17,997.1,0.0
19.81,46.4,12.48,1023.6,0.62
25.63,43.9,6.89,1004.4,7.95
37.1,76.1,2.58,1026.5,0.0
29.06,60.7,5.96,1000.0,0.0
45.0,65.0,2.35,994.3,0.0
30.95,61.5,6.03,1018.3,0.0
29.44,95.4,2.39,1002.2,122.81
25.68,90.7,5.5,1009.1,0.0
29.0,45.7,3.32,997.2,0.74
26.86,58.4,5.91,1007.7,0.0
33.31,83.3,2.67,997.0,0.0
35.18,78.8,5.38,1007.4,0.0
22.11,67.3,3.24,1004.2,0.0
18.02,47.5,3.9,1009.8,0.0
14.23,55.7,1.44,1013.0,0.0
31.81,58.7,2.54,1009.9,6.93
19.72,73.0,6.57,1011.6,0.0
11.85,98.7,2.54,1007.1,0.0
30.91,55.6,3.34,1004.5,0.0
45.0,49.5,2.77,1011.8,1.9
27.95,66.0,3.7,1007.1,0.0
34.29,86.6,1.11,1007.4,0.0
28.61,42.0,2.42,1011.2,0.0
27.26,94.2,3.06,999.7,0.0
34.89,64.9,0.72,1019.4,0.0
25.82,54.8,11.14,1006.0,3.6
30.01,39.2,4.36,1009.0,0.0
30.41,80.7,5.02,1007.6,0.0
22.99,64.9,5.49,1013.2,1.73
35.44,71.1,4.05,1010.7,0.0
26.69,51.8,10.13,1007.6,0.0
22.33,62.3,1.94,1019.6,10.35
32.02,59.2,0.81,982.4,1.05
21.26,66.2,2.33,1017.9,0.79
28.21,55.9,6.48,1015.4,0.66
27.93,40.4,0.87,993.3,0.0
36.14,100.0,3.05,1015.4,1.76
31.56,43.5,1.81,1016.5,3.07
27.81,71.3,6.43,1012.5,0.0
34.13,36.1,5.93,995.5,0.27
38.43,32.1,0.74,1013.5,0.51
32.18,69.8,0.5,1016.1,0.0
28.08,71.1,3.09,1003.4,0.63
18.16,90.7,3.17,1011.5,0.0
20.01,75.2,2.46,1005.2,5.89
25.71,65.3,1.07,1015.1,0.0
23.43,50.9,1.76,1005.5,1.34
26.6,95.0,5.05,1003.4,0.0
28.42,84.7,0.63,1007.7,2.5
31.97,45.6,6.74,997.3,0.0
27.47,68.7,1.95,1006.9,0.0
31.65,70.6,12.27,1010.9,2.19
28.48,61.8,1.38,1015.0,0.0
13.18,81.9,4.54,1010.0,1.0
20.95,83.0,15.0,996.5,0.46
26.92,64.6,2.08,1018.8,0.0
18.93,62.9,2.96,1019.5,4.83
32.5,95.0,6.92,1008.9,2.39
39.48,84.8,5.56,1002.0,0.0
37.14,69.3,6.68,1003.7,0.0
26.4,38.7,7.69,1006.4,0.01
39.18,74.2,0.86,1010.2,117.81
29.12,80.6,3.95,1005.6,2.86
25.47,30.0,7.59,1001.1,0.18
23.4,72.5,2.7,1016.2,6.19
25.73,60.5,4.04,1010.1,4.38
25.09,64.0,3.98,999.6,0.0
29.28,51.7,2.36,1010.3,4.08
29.2,65.3,2.73,1009.3,0.22
28.02,93.1,1.53,1002.3,1.35
31.28,60.0,3.16,1017.6,0.0
36.93,85.4,7.97,1009.1,0.0
35.12,53.5,7.78,1006.3,0.0
16.86,81.7,2.1,1007.3,5.14
10.0,68.0,0.61,1011.6,1.02
35.01,74.3,3.27,1007.4,0.36
17.75,68.1,0.66,1007.4,7.96
26.31,79.5,2.24,1016.5,0.0
19.22,30.0,6.53,996.7,0.0
14.49,42.4,2.28,998.0,6.34
32.06,75.5,4.96,1014.2,0.0
33.69,31.2,1.22,1027.3,7.71
23.68,58.4,7.03,1015.0,0.0
10.0,67.0,2.3,1022.9,0.0
23.9,53.1,6.23,1004.5,0.0
30.94,55.6,7.06,1002.9,2.59
16.91,72.9,2.42,1011.7,0.0
29.38,86.2,1.09,1015.6,0.0
27.89,50.7,3.2,997.5,0.0
32.34,57.6,1.22,1006.3,0.0
28.9,54.8,2.46,1007.8,5.99
20.7,30.0,3.31,1002.6,21.04
36.97,70.6,3.05,1003.5,0.07
26.81,84.8,0.96,1014.7,1.36
27.8,86.3,6.24,1011.8,2.95
21.0,52.3,3.19,1014.4,1.76
24.68,45.5,7.0,1010.7,12.03
21.36,68.4,6.55,1001.0,0.0
26.7,82.9,5.77,1011.4,1.75
40.84,70.8,11.67,1000.4,4.62
17.71,73.2,2.31,1005.5,94.34
15.9,88.6,2.14,999.7,0.0
39.03,54.7,5.77,1003.1,0.87
26.43,64.0,1.56,1008.7,0.0
22.98,97.4,3.01,1004.3,0.0
35.8,64.5,4.72,1000.9,2.66
23.46,45.2,6.76,1017.1,0.0
41.7,56.0,3.09,1007.0,0.0
33.08,51.1,0.5,1003.8,0.0
24.34,74.4,6.49,999.3,67.53
44.18,51.9,6.89,993.0,2.29
23.46,72.9,2.39,1006.2,0.0
33.57,54.8,4.95,997.0,2.63
30.24,30.0,7.54,1013.7,0.0
37.76,73.5,6.77,1008.2,0.0
39.71,70.7,5.61,1020.5,0.0
28.24,77.3,4.2,1009.8,0.0
22.35,55.9,12.22,1002.2,6.71
31.45,54.0,3.65,993.0,0.0
22.92,75.2,0.5,1014.5,3.12
43.1,95.3,2.55,997.6,0.0
29.02,68.2,3.2,1004.7,0.72
25.26,75.6,4.53,1021.4,0.83
29.39,62.2,2.23,1012.9,1.07
17.9,40.2,3.5,1011.1,0.29
20.71,85.4,6.45,1015.6,0.0
37.0,84.4,10.87,1015.3,0.0
23.07,80.8,1.14,1020.6,0.0
20.15,64.7,3.14,1003.2,0.0
32.02,78.7,1.07,1005.0,0.0
36.89,84.1,2.65,1000.6,0.43
33.39,97.2,1.79,1007.7,0.68
35.47,85.8,4.62,1006.9,0.0
22.32,69.1,4.04,994.0,1.17
17.34,44.5,2.11,1002.8,0.0
39.26,70.8,3.28,1019.5,9.46
25.58,72.6,1.71,1010.0,0.0
26.12,80.8,5.32,1013.7,0.0
37.96,92.4,3.95,1007.0,2.68
32.17,66.3,3.83,992.9,0.0
31.42,100.0,0.56,1007.0,11.65
44.24,36.3,12.0,1016.3,0.0
23.17,75.5,1.09,998.5,1.68
34.96,53.6,1.49,1014.0,1.97
28.43,33.7,10.68,994.4,11.91
30.01,64.4,2.1,1008.2,0.0
39.46,41.8,11.89,1012.4,0.0
31.81,65.1,4.54,1005.5,0.0
32.04,68.6,0.97,1027.8,0.09
36.04,88.1,5.02,1004.1,0.0
25.26,40.9,1.55,1003.4,0.0
21.71,84.4,10.62,1009.6,3.75
20.16,69.8,2.2,1002.0,0.6
13.25,86.5,1.48,996.5,2.82
43.42,60.2,4.17,999.2,0.0
19.73,44.0,2.78,1014.1,0.0
26.34,46.1,5.87,1005.6,0.0
25.92,44.7,6.26,1021.6,8.94
30.31,76.6,2.71,1004.5,0.0
34.12,94.6,3.4,1013.7,0.0
34.45,57.8,6.1,1012.1,0.0
23.63,79.3,8.49,1004.4,0.0
26.75,40.6,4.28,1001.0,0.06
30.12,71.2,4.01,994.1,3.37
26.13,80.0,4.44,1012.4,52.53
40.06,41.9,4.64,1017.6,0.0
31.68,64.3,3.29,995.3,1.3
33.51,80.9,15.0,1005.0,0.0
32.97,30.0,4.13,1002.7,0.0
36.8,92.0,0.5,1012.4,4.74
29.36,74.4,1.85,1005.4,0.0
18.27,80.9,2.48,1018.6,3.37
31.0,60.6,1.3,1004.9,0.0
23.11,37.0,3.99,998.1,0.0
24.04,77.6,1.17,1004.2,1.8
32.4,66.5,2.21,1005.1,0.0
37.29,68.6,1.92,1012.2,0.0
28.16,87.6,1.77,1005.0,0.0
30.32,81.7,3.0,1011.5,3.01
40.77,100.0,2.51,1001.7,97.28
29.81,70.8,1.49,1005.6,0.0
45.0,55.6,8.78,1001.7,0.0
32.24,64.6,5.98,1001.2,0.78
14.79,75.5,2.47,1018.2,0.0
33.65,86.3,5.3,1002.3,0.0
30.86,41.6,9.6,1005.2,0.0
37.67,68.2,1.25,1016.4,0.0
33.05,97.0,2.92,1014.0,5.48
26.96,63.7,1.78,1021.1,1.27
18.82,84.8,2.3,1011.9,2.45
26.43,76.9,8.54,1003.2,0.0
21.62,85.2,3.11,1024.5,0.0
23.65,53.4,8.99,1012.7,0.0
32.41,53.5,3.27,1006.8,0.0
40.52,68.4,3.1,1008.5,0.0
30.96,40.4,2.16,1009.4,1.27
19.03,63.1,3.39,1006.1,9.07
31.33,72.6,5.23,997.0,0.0
36.97,100.0,0.59,1021.0,3.21
23.43,75.2,6.74,1007.8,0.0
26.99,79.3,0.5,1009.5,4.34
28.11,89.0,2.32,1024.6,1.28
22.11,50.6,1.15,1002.5,0.0
32.86,65.0,2.29,1013.2,0.0
27.09,100.0,3.72,1001.7,0.0
31.15,66.6,6.4,1010.6,3.4
21.34,88.1,6.13,1009.6,3.33
24.72,85.3,1.09,1014.3,0.0
33.42,41.4,3.72,1017.7,0.0
25.2,73.6,3.95,1003.4,0.0
40.95,70.6,5.27,1019.3,0.0
25.0,73.9,2.27,1019.9,0.0
29.69,54.4,2.87,1006.0,0.0
34.99,47.9,0.5,1007.9,3.01
17.36,59.4,2.35,1004.0,3.84
14.79,66.2,2.26,1005.6,0.0
16.56,89.3,1.34,998.4,4.19
37.47,100.0,0.63,1014.2,0.0
23.86,93.1,5.41,991.6,0.0
45.0,83.5,8.34,1002.4,0.0
23.77,49.9,3.38,1007.6,3.39
29.38,60.6,2.24,1018.4,0.0
39.57,71.8,2.25,1003.6,0.0
43.05,56.6,9.94,1011.4,0.22
43.46,78.4,3.77,1007.4,0.0
37.06,81.0,2.89,1015.6,0.0
35.68,77.7,11.54,1011.0,0.34
32.44,86.5,5.78,1014.6,5.2
33.84,51.7,6.92,1003.6,0.0
23.87,84.8,2.58,999.9,0.0
21.86,55.5,6.45,1010.9,0.0
27.97,51.1,2.25,1004.1,0.0
26.72,77.6,3.32,1008.2,0.0
24.6,89.9,5.77,1010.5,0.0
33.22,76.8,5.76,1017.9,0.0
35.16,68.4,5.38,1014.3,0.0
28.66,73.6,0.5,1002.6,0.0
39.08,70.5,1.61,998.8,15.61
19.44,47.7,2.34,1021.7,0.0
26.55,45.6,5.7,995.3,0.0
22.62,66.6,2.95,1004.4,1.52
14.0,69.4,1.11,1013.2,6.44
27.38,68.2,4.12,1021.1,0.0
27.09,80.2,6.22,1006.5,0.0
39.35,64.1,0.95,1008.2,2.83
32.73,78.1,1.55,1001.0,1.37
20.32,65.4,1.81,1009.0,11.31
41.91,100.0,3.17,998.8,0.0
37.16,69.5,4.56,1002.0,0.0
32.37,100.0,4.33,1014.1,6.41
26.3,74.3,2.7,1004.5,0.0
20.8,64.2,3.07,1015.3,0.0
25.21,51.8,3.6,1006.8,1.23
36.17,42.0,7.46,997.0,2.88
42.13,50.2,7.5,1017.3,2.99
39.57,52.2,6.17,997.5,0.96
24.33,75.1,2.38,1003.2,124.15
19.6,58.5,1.06,1006.4,0.0
29.06,71.4,5.36,1016.0,4.91
14.74,91.1,2.52,1003.8,0.0
30.42,66.4,8.67,1000.6,18.88
26.89,100.0,0.76,1009.3,0.0
24.5,46.8,2.68,1006.3,6.81
16.04,65.3,11.03,1004.3,5.74
31.85,58.3,4.45,1009.7,0.0
24.0,84.9,1.49,998.4,0.0
19.23,30.0,0.5,994.2,0.4
10.0,42.0,3.97,1025.1,2.97
27.79,66.1,6.43,1008.8,3.95
41.29,95.9,9.62,1009.4,1.79
40.46,72.1,1.0,1001.7,0.0
24.57,43.7,5.71,1015.2,1.01
23.48,46.5,1.07,1003.7,0.0
31.52,98.1,4.45,985.7,0.0
20.51,56.8,1.14,1003.5,2.49
30.26,51.0,4.38,1005.7,0.0
33.75,94.6,0.6,1006.6,0.0
37.2,86.2,5.92,1006.4,0.0
27.25,90.9,5.26,1002.8,0.0
26.47,50.9,4.77,1002.1,2.35
21.42,40.5,2.16,1005.6,5.53
21.8,70.4,3.08,994.8,2.39
26.3,74.0,5.26,992.3,2.19
30.76,74.6,5.17,1008.8,0.0
34.85,94.6,10.13,1008.9,0.0
21.98,36.8,5.0,1015.0,1.98
39.2,83.5,9.55,1006.0,0.82
25.97,48.3,8.34,998.5,1.79
27.84,83.4,2.7,992.5,147.72
22.4,59.5,1.12,1000.9,0.0
10.0,53.3,2.45,1011.4,0.77
34.63,57.0,0.5,1019.5,0.0
33.53,42.0,2.26,1008.4,0.0
25.89,68.7,3.49,998.3,4.78
28.5,54.1,4.7,1001.0,0.0
31.87,82.2,2.53,1001.2,0.0
16.28,79.5,6.11,1004.8,0.0
24.03,98.4,8.22,1017.0,0.0
33.96,74.6,5.63,1017.6,2.01
18.59,77.4,6.29,1006.6,0.0
30.2,93.2,3.43,1009.5,1.02
17.83,56.7,8.2,1001.6,0.0
31.5,41.2,5.39,994.3,0.5
27.73,71.6,2.28,1022.3,0.0
15.89,42.4,8.13,989.4,0.0
36.74,100.0,1.01,993.3,0.0
22.49,94.2,3.96,1022.4,0.0
21.92,100.0,5.62,1008.1,4.28
29.5,69.1,2.22,999.0,0.84
36.61,77.9,1.7,1013.5,2.46
20.38,59.7,8.84,1014.2,9.97
28.46,83.9,0.5,997.3,0.0
31.22,46.1,0.59,1003.7,0.0
33.2,30.0,6.43,1015.0,0.0
29.32,53.8,1.83,1001.5,0.0
25.25,41.8,2.14,1010.3,0.0
21.79,94.6,1.7,1019.4,0.25
28.65,100.0,1.74,988.9,0.0
19.96,42.7,3.04,1005.3,4.38
10.0,91.3,10.04,1010.1,4.77
31.27,85.1,4.62,993.7,0.0
34.78,39.7,5.28,1003.8,4.87
10.28,61.0,4.84,1016.4,1.93
20.43,57.6,0.5,1002.4,2.26
32.64,81.5,2.38,996.1,141.07
43.43,45.9,5.04,1017.0,0.0
28.16,66.2,3.2,1011.6,3.68
22.54,55.7,1.04,1007.4,3.8
26.63,76.5,0.77,1007.2,6.99
38.31,64.1,1.67,1016.2,1.34
23.16,58.4,2.28,1010.4,0.0
22.01,64.2,3.66,1013.2,1.47
24.38,100.0,0.85,1002.5,0.0
20.85,60.5,0.5,992.7,0.0
28.92,49.3,2.99,1013.0,0.0
40.19,78.5,4.24,1016.8,0.0
30.42,65.4,1.43,1006.2,1.56
26.11,42.5,3.15,1015.1,0.84
25.81,100.0,7.72,1005.3,0.27
16.28,61.7,1.39,1007.3,8.45
34.62,61.2,6.8,1022.0,0.0
27.42,70.9,1.92,1005.7,6.0
26.65,99.1,0.97,1005.2,0.0
45.0,37.8,1.69,993.0,0.61
30.24,73.0,5.76,1013.5,1.27
22.36,100.0,1.79,1002.3,0.0
24.8,70.3,6.45,1009.2,0.0
36.61,45.8,2.78,1005.5,0.19
28.85,56.9,1.04,1004.4,0.0
17.21,71.7,1.65,1007.1,0.0
34.89,92.0,3.53,1007.7,0.0
22.99,61.9,1.86,1017.4,0.22
42.05,82.9,2.28,1020.2,0.0
36.1,42.2,0.52,1013.2,2.78
24.65,42.0,2.74,1018.2,0.0
37.61,59.3,2.85,1014.8,0.0
28.51,93.9,1.06,1012.0,0.0
34.4,69.2,4.19,1019.6,0.0
31.64,73.2,5.79,997.5,1.23
21.65,73.0,7.78,1002.5,0.0
23.17,88.0,3.6,1001.4,0.0
35.72,57.0,5.36,1005.6,0.0
25.49,80.4,5.31,1013.5,0.0
24.97,53.0,4.62,999.1,0.0
20.84,100.0,4.3,1012.0,0.0
31.18,53.6,0.88,1003.3,0.0
43.47,52.1,0.93,1005.2,2.18
19.99,77.9,5.93,1009.6,0.0
28.18,69.4,10.95,1021.4,0.0
38.59,73.9,2.37,1002.3,0.0
27.4,72.1,5.65,1007.4,0.0
31.39,48.4,3.74,999.4,0.0
20.03,97.0,2.84,1002.2,7.46
31.21,84.1,5.38,999.3,13.2
26.6,92.5,2.31,1010.0,0.0
35.39,58.5,4.73,1011.4,7.19
36.91,75.5,4.13,1013.5,0.85
45.0,71.6,3.99,1002.0,0.0
32.35,88.3,7.02,1012.1,0.0
30.44,88.9,1.45,1008.9,3.52
29.46,71.5,1.46,1007.5,2.34
25.35,40.7,2.89,998.1,0.0
30.54,100.0,1.85,1009.2,3.36
25.78,78.0,3.09,1009.5,0.0
29.26,57.0,2.4,1008.8,0.0
37.88,75.3,3.36,1011.2,0.0
20.45,40.8,6.09,1013.6,0.0
36.55,87.0,1.63,999.2,12.09
37.88,41.5,1.47,1006.3,0.0
27.11,64.0,4.67,1012.1,0.0
12.09,72.4,1.33,1005.9,0.0
23.44,86.7,8.82,1015.7,117.15
37.73,69.9,7.23,1008.7,0.0
27.83,79.4,8.96,992.4,0.08
20.51,67.5,1.17,1014.7,0.0
24.21,67.4,3.77,1007.1,0.63
34.3,69.5,1.48,993.8,0.0
32.1,64.6,9.39,1006.0,1.82
26.21,37.6,3.03,997.9,0.0
25.25,54.2,3.95,1014.0,0.0
25.06,72.4,2.38,1007.7,0.0
21.08,63.5,4.81,1000.6,1.05
40.12,65.2,3.07,1014.5,4.7
25.58,62.2,4.86,1011.7,0.0
37.13,52.5,3.61,1006.1,3.73
39.41,59.1,6.14,998.0,0.16
35.49,62.5,5.45,1001.3,0.0
24.76,68.1,9.75,1001.1,6.39
31.03,75.1,2.2,1014.0,1.57
27.82,64.8,6.27,994.6,0.0
21.22,49.5,3.5,1007.6,0.0
30.43,42.8,5.74,1006.0,0.0
19.16,100.0,2.44,1016.3,0.0
36.91,47.7,1.33,1009.9,0.0
24.52,58.7,4.86,1012.3,0.0
29.51,77.3,2.26,1003.8,0.0
30.12,74.5,1.55,998.2,0.0
26.06,77.4,2.8,1005.4,0.0
32.4,60.0,4.75,1014.2,0.0
24.44,72.3,10.02,1014.2,0.4
34.53,69.1,3.03,1004.6,5.77
17.91,62.4,3.33,1001.1,3.17
28.95,72.4,2.96,999.5,11.73
42.54,87.0,2.91,1006.9,0.0
20.5,67.6,2.93,1009.1,0.0
22.92,67.7,4.04,1019.8,9.44
31.85,87.2,2.75,1009.0,0.0
29.35,85.3,6.43,1012.9,3.45
30.63,96.5,4.09,1001.8,0.0
31.67,36.4,2.53,1008.3,0.0
32.76,84.3,4.35,1009.1,113.15
36.32,78.8,7.55,1006.9,5.07
31.07,52.1,7.22,1007.8,0.0
26.19,72.5,4.94,1009.0,2.85
33.04,86.9,9.3,1011.8,0.0
42.25,53.1,9.65,1017.4,5.86
27.01,76.0,2.01,989.9,0.0
20.69,83.7,3.88,1016.9,5.74
36.3,48.7,9.46,994.3,0.83
27.1,65.4,2.49,1010.5,0.0
11.7,73.4,5.11,1026.8,2.15
34.36,53.7,2.76,1007.7,0.0
23.99,52.2,1.5,1009.4,4.07
27.32,65.6,2.34,1005.5,4.31
30.49,82.4,2.42,1013.3,0.0
29.43,79.6,6.94,1010.9,0.0
33.32,52.5,8.15,1002.6,4.53
24.73,79.7,2.12,1007.1,0.0
31.85,53.0,0.5,999.1,0.0
26.05,39.0,8.43,1007.0,8.51
33.54,61.4,0.98,1004.6,0.22
32.62,88.2,4.64,1009.1,0.15
20.98,79.8,10.03,1002.3,0.0
36.14,68.0,0.93,1006.3,0.0
23.98,60.5,5.7,1008.1,0.0
34.06,61.0,2.95,1008.6,1.93
30.75,70.0,3.65,1010.2,0.0
41.79,48.8,2.99,1006.6,0.0
26.32,61.7,1.49,1001.7,0.0
25.38,64.1,5.79,1008.7,1.64
27.85,43.7,3.5,1006.6,0.0
25.73,52.9,1.4,1016.2,1.48
34.0,75.4,13.44,1017.2,0.57
15.88,68.2,2.59,997.0,2.89
20.1,62.4,1.7,1012.9,2.82
19.99,51.6,3.87,1014.5,1.07
35.13,96.4,0.5,997.2,1.57
40.83,52.9,1.48,1012.6,2.0
27.22,72.5,4.51,1015.2,2.89
26.73,59.2,2.77,1000.4,0.0
28.53,68.7,0.5,1006.1,0.46
36.71,76.2,2.08,1009.5,100.22
21.04,43.3,2.42,1012.6,0.0
29.79,67.9,4.18,1000.1,1.88
35.31,89.4,4.89,1017.3,0.0
31.76,99.7,4.38,991.8,0.0
29.42,65.7,6.08,1018.6,0.0
35.51,68.8,3.47,1012.4,0.0
10.0,100.0,1.63,1003.0,0.67
33.08,88.4,4.99,1014.9,0.0
23.09,56.9,0.95,999.6,0.0
14.27,56.9,5.33,1008.9,1.32
31.83,85.2,1.08,1009.9,98.64
38.3,49.8,2.69,1009.9,0.0
26.97,87.6,5.04,1001.3,4.28
35.15,74.0,1.71,1004.0,0.0
40.09,77.3,8.53,1009.0,2.22
37.86,63.4,0.99,1002.2,1.83
40.3,56.7,3.82,1010.2,0.0
33.57,94.3,3.14,1003.1,3.22
28.57,63.6,4.26,1016.0,0.0
15.99,60.6,2.96,1020.5,6.65
26.15,66.6,14.14,1005.6,0.27
21.68,71.5,7.25,1015.4,0.0
44.28,49.4,4.42,1006.3,0.0
26.68,57.8,8.95,1000.5,4.93
28.92,56.9,4.88,1004.6,3.12
32.14,83.2,4.14,1008.7,0.0
28.33,52.1,1.46,993.7,0.0
40.71,36.4,8.58,1013.0,0.0
23.33,32.6,0.53,1008.7,0.0
29.46,41.5,6.08,1016.0,2.74
22.43,92.5,5.53,1012.9,0.0
18.1,68.3,5.21,1009.0,0.0
23.41,77.0,0.66,1005.2,5.84
27.72,77.7,2.94,1020.2,0.0
24.78,69.0,2.98,1025.4,5.2
22.81,66.7,2.47,1005.3,0.74
17.45,86.8,0.56,1016.3,0.0
27.38,70.6,2.84,1002.3,0.0
16.71,93.2,1.58,1003.3,0.0
33.7,79.2,4.5,1004.9,147.98
28.62,56.9,5.12,1013.5,0.0
17.07,59.1,3.25,999.4,0.0
25.68,54.9,2.52,1020.4,0.0
22.36,89.9,1.26,1015.5,0.0
30.39,60.7,1.57,1013.3,2.97
38.05,53.6,5.23,1005.6,2.97
13.94,73.8,1.42,1014.6,115.92
28.86,66.3,7.45,984.7,0.0
26.8,73.3,4.87,1011.5,0.49
33.04,100.0,3.45,1009.3,52.49
29.6,84.4,4.8,992.9,0.0
22.36,68.5,2.24,1011.3,0.0
25.61,42.6,7.88,1012.7,0.54
22.03,59.0,0.55,993.2,0.0
36.07,80.8,3.75,998.5,0.15
28.16,46.9,0.92,1024.5,0.0
42.26,100.0,5.18,1006.5,3.79
27.55,68.3,3.35,1015.8,6.47
22.69,68.9,4.99,1017.0,1.21
16.65,56.0,0.89,1011.2,0.0
14.48,76.9,8.34,1016.1,149.41
16.12,47.2,1.12,991.1,0.0
30.0,100.0,2.04,1006.2,0.0
31.82,91.7,6.12,983.4,10.32
16.14,85.7,4.52,994.0,1.66
34.71,43.0,4.14,1003.6,0.0
24.38,71.7,4.36,1002.7,1.17
29.1,89.8,0.5,1008.3,0.0
40.09,78.7,0.92,1007.8,0.0
34.73,50.0,1.36,1009.1,0.82
25.99,56.3,1.83,1009.4,0.0
21.32,59.9,3.03,1010.7,0.0
11.86,57.1,0.75,1000.3,0.0
22.61,95.5,0.5,1002.2,0.43
26.42,33.4,0.8,1007.7,0.0
20.6,79.8,6.43,1007.8,148.54
27.02,44.7,0.51,999.3,1.57
28.58,50.7,1.43,1016.7,0.38
26.31,31.8,2.78,1013.8,0.0
23.12,58.1,2.75,1001.1,0.0
29.26,95.2,4.92,1006.3,5.48
31.31,72.8,1.96,1024.1,0.0
19.82,46.4,2.36,1009.3,0.0
38.58,86.3,2.75,1011.2,3.73
27.26,90.2,3.54,1003.1,1.48
28.14,69.9,3.84,1005.5,0.0
33.31,100.0,1.35,1020.1,0.15
29.75,82.8,2.46,1008.9,2.3
35.15,80.3,3.04,1007.4,0.0
30.15,53.5,5.65,1008.1,0.0
23.41,79.3,1.1,1028.4,0.0
30.71,71.9,8.21,1008.3,0.58
19.42,77.4,2.26,1001.4,0.08
28.81,55.7,2.47,1002.8,0.0
27.75,70.3,0.92,1014.2,15.16
26.44,53.3,2.76,996.6,3.96
27.04,30.0,0.66,1011.6,7.48
13.89,86.0,5.64,1002.2,0.0
23.88,41.0,9.42,993.1,0.0
28.7,69.9,4.43,1000.2,0.0
29.2,74.0,6.34,1008.2,0.0
20.29,73.9,6.08,1019.2,0.0
37.49,62.9,4.4,1015.3,0.0
21.5,72.9,5.04,1005.7,0.0
35.27,76.5,3.42,1015.8,11.84
31.2,81.2,4.63,1005.1,0.0
23.15,99.2,4.33,996.3,0.0
41.31,72.2,7.04,1008.2,0.46
19.05,69.2,3.2,996.0,2.18
34.89,51.7,9.45,1014.3,0.0
35.5,75.8,3.1,1014.4,3.84
22.97,80.0,2.51,1001.0,0.0
38.44,64.5,6.49,1009.2,0.0
26.12,77.8,3.26,1009.1,0.0
30.17,62.7,2.22,1015.0,3.89
29.95,80.1,1.73,998.0,5.53
26.99,84.4,3.12,1012.8,0.0
34.08,84.2,2.34,997.5,0.0
33.95,70.1,6.52,1014.2,0.0
14.89,49.3,5.2,1016.5,0.95
37.78,57.0,4.23,1002.6,0.35
15.53,78.7,12.83,1017.8,0.0
35.74,100.0,7.15,995.4,0.0
36.45,61.9,10.36,1016.8,0.0
19.82,76.2,2.03,1019.5,0.0
24.92,58.0,8.02,1010.8,0.0
19.71,50.5,5.19,1006.4,1.44
26.39,55.8,2.03,1010.5,0.0
25.69,30.5,1.42,1003.2,1.43
33.85,92.4,3.88,1029.0,0.0
37.83,30.0,3.42,1003.3,0.0
38.47,63.3,0.71,1018.5,0.0
23.78,46.8,2.52,1002.1,0.0
26.43,52.1,0.79,1020.8,0.0
15.37,92.8,2.09,1024.1,0.0
21.96,71.6,4.81,1011.1,0.92
35.24,50.6,6.97,1010.3,0.0
40.12,57.4,6.8,1000.3,0.0
18.74,54.2,1.5,999.4,0.0
23.56,67.2,1.12,1010.4,0.0
27.8,71.1,1.08,1019.7,0.0
30.1,100.0,3.63,1003.6,0.0
21.93,33.5,12.82,1025.7,0.0
31.18,67.4,1.46,1003.1,6.03
24.45,62.3,6.5,1009.8,0.0
27.89,85.0,1.77,1009.9,0.0
32.1,74.4,0.92,1007.2,0.0
28.05,78.6,0.59,991.6,2.61
24.73,74.2,2.57,1003.0,0.0
27.18,51.2,2.86,1009.6,2.0
27.34,89.8,5.66,1007.2,0.0
25.22,82.4,15.0,1013.1,0.0
26.06,84.5,4.43,1014.1,0.49
39.99,90.8,8.53,1006.1,85.8
32.21,75.5,4.29,1000.3,5.29
25.78,94.7,3.19,1020.4,0.0
33.23,74.8,15.0,997.2,0.0
25.5,64.1,0.82,1003.2,0.0
36.8,67.9,3.89,1001.2,0.0
30.77,67.6,4.52,1014.0,0.63
27.2,58.7,2.71,1018.5,0.0
31.36,97.4,6.12,1006.6,0.0
16.22,73.3,2.25,1009.8,0.0
19.55,69.7,0.83,1011.4,0.0
19.05,75.0,2.08,1022.4,3.15
29.07,100.0,7.44,993.8,0.0
40.99,47.6,3.27,1014.0,7.04
44.73,52.8,0.99,1011.0,0.0
32.79,43.1,2.52,1005.0,0.0
31.76,63.8,6.99,1010.6,0.0
14.49,72.4,1.34,1013.9,0.0
23.93,59.6,1.2,1012.7,6.61
22.09,58.3,2.73,1025.3,0.85
23.34,70.6,5.19,1009.0,0.0
26.74,59.0,5.2,1008.2,0.0
24.46,73.6,1.82,1006.5,7.67
13.16,88.1,2.45,1012.4,93.41
33.61,80.2,3.04,1007.7,0.0
19.95,83.9,0.5,1008.1,0.0
29.79,87.5,4.14,1008.1,0.64
43.56,73.1,3.16,1006.9,0.43
21.1,65.1,6.32,1003.1,6.29
10.0,54.1,2.84,1011.3,6.53
25.85,61.0,3.57,1005.7,0.0
36.26,58.6,4.99,1012.9,0.0
42.69,81.2,1.76,1008.9,0.0
18.78,74.2,1.54,1004.9,0.0
31.73,80.5,4.75,1020.5,0.0
24.51,47.1,4.27,1007.2,0.0
27.21,93.8,2.56,1013.0,0.0
45.0,60.3,3.92,1002.4,10.87
16.73,48.2,4.3,991.8,0.0
29.9,60.1,3.28,1003.5,2.36
31.51,100.0,3.84,990.9,0.3
36.14,61.0,5.26,1006.1,0.0
28.73,62.1,6.63,1019.7,0.0
30.31,64.5,3.4,1000.8,0.0
25.06,65.3,3.78,991.2,2.12
30.02,53.9,1.64,1020.0,3.22
25.43,70.6,6.75,1004.2,0.0
32.66,87.4,4.3,1007.9,0.0
25.23,73.7,2.98,1014.3,0.0
30.83,48.0,2.43,1012.2,0.0
27.78,61.8,5.24,1014.0,0.0
36.45,58.1,10.21,1015.2,2.76
27.61,69.0,5.68,994.0,1.03
14.7,91.9,1.74,996.7,0.0
37.46,65.3,1.74,1017.4,2.2
21.21,66.4,2.45,1001.7,1.29
23.1,100.0,2.41,1002.6,10.53
23.53,83.8,3.61,997.9,0.0
38.31,78.3,4.53,1004.8,0.0
11.98,100.0,7.54,1005.2,121.16
45.0,76.8,11.68,1000.5,0.35
35.92,32.2,1.92,999.6,0.0
29.67,83.0,15.0,1010.5,0.06
27.59,39.3,4.45,1001.5,4.33
30.14,76.1,0.67,1003.1,0.0
31.91,37.2,3.39,990.5,0.0
32.84,59.6,3.94,1023.5,0.0
32.17,61.5,1.05,1015.5,0.0
28.67,54.1,1.84,1004.0,1.16
26.52,61.7,7.72,1000.8,0.84
26.87,86.6,2.12,1008.1,2.06
26.54,55.1,12.58,1007.9,0.0
36.5,77.8,1.84,997.8,2.28
32.45,50.6,13.81,987.6,0.0
10.0,64.6,3.39,1003.8,1.55
32.92,73.8,2.46,995.5,0.0
29.46,50.1,8.12,1009.4,0.0
27.86,44.4,1.07,1009.4,2.17
25.09,76.9,3.85,1000.2,0.0
36.43,88.2,2.31,1003.7,1.9
35.11,66.6,4.76,1022.1,5.42
22.2,59.8,6.04,1014.2,0.0
31.05,70.8,6.33,1004.4,0.0
20.71,69.0,5.56,1026.3,0.0
17.65,72.4,1.85,998.4,1.59
23.3,30.0,2.49,1001.5,0.0
34.47,48.8,4.74,1007.1,1.74
35.15,52.8,4.78,995.8,0.0
31.85,70.7,12.0,1022.3,2.79
33.44,71.3,1.22,1009.5,0.63
31.87,79.5,9.49,1001.7,0.0
23.19,72.6,1.74,1011.6,4.92
31.24,44.6,3.05,1009.2,0.0
34.0,94.0,6.78,1005.6,3.23
33.66,90.9,1.98,998.3,14.07
36.92,45.4,4.99,996.5,0.0
33.31,74.0,5.42,1025.5,108.32
30.64,57.3,4.49,997.2,0.53
36.03,70.5,7.56,1021.6,4.29
27.8,87.0,12.96,1001.2,1.89
21.39,100.0,7.11,1014.3,5.13
26.78,81.5,1.0,1011.7,0.0
22.41,73.3,3.1,1013.3,0.0
22.94,61.9,3.24,1013.9,0.0
26.92,71.3,6.23,995.1,0.0
22.06,92.5,0.5,1002.6,0.0
25.69,67.2,0.5,997.1,0.0
13.8,52.0,9.48,1009.5,11.9
29.6,38.8,2.33,997.4,0.24
28.01,77.2,1.68,992.2,0.0
21.87,72.5,2.92,1006.1,12.33
32.94,56.4,1.77,990.3,0.0
35.03,86.5,3.38,1010.1,0.0
15.94,60.4,3.21,997.9,3.73
22.28,65.6,3.15,1001.3,0.9
22.23,67.7,0.52,989.8,5.24
20.95,61.7,6.13,1021.2,6.69
34.22,72.2,6.62,996.3,0.0
26.55,88.7,3.09,1005.1,4.26
26.02,47.4,4.01,993.7,0.0
12.97,76.8,3.6,1001.3,3.99
32.77,71.1,10.37,1022.0,0.0
18.71,70.8,2.21,1010.4,0.12
28.45,83.7,3.3,1002.2,1.37
30.08,68.9,14.76,1007.7,0.0
38.2,76.6,2.8,1003.5,0.0
18.18,80.9,0.82,1007.3,0.0
10.0,58.9,3.22,1014.0,8.18
29.38,73.4,9.38,1005.4,0.02
41.5,63.5,6.69,1009.8,0.0
37.29,65.6,2.95,1009.9,2.14
29.57,62.2,5.78,1005.4,0.16
24.31,76.5,10.59,1002.1,0.0
34.05,69.5,1.88,1003.8,0.0
20.7,75.1,2.48,1013.6,0.0
31.57,67.7,1.86,1014.3,0.0
31.79,39.1,5.92,998.9,5.47
35.95,68.6,7.69,1005.9,0.0
45.0,69.1,6.44,1002.0,3.13
30.94,72.4,3.79,1014.4,8.27
24.18,57.3,8.25,1004.2,0.0
27.81,46.5,3.24,1025.6,0.0
14.73,79.2,6.52,1009.7,0.0
22.79,63.1,2.48,1017.5,2.09
24.93,71.1,2.29,999.9,2.24
24.07,62.9,0.55,1008.1,0.25
29.14,67.9,4.33,1012.9,0.0
21.83,59.9,4.13,999.7,0.0
36.41,50.6,1.39,1008.2,0.0
28.0,76.5,0.87,1016.4,3.56
27.93,57.1,2.63,1005.4,1.64
25.54,71.0,3.4,1001.2,2.91
29.16,75.4,3.77,1022.4,0.0
34.19,57.4,3.3,998.6,0.37
21.5,46.3,5.35,1009.2,0.0
23.06,100.0,2.65,1002.3,0.0
25.72,58.5,4.82,1000.5,0.0
17.91,79.2,1.88,1013.9,0.0
21.86,100.0,3.73,1006.4,0.0
24.43,82.2,3.93,1011.2,3.43
34.56,62.6,2.92,990.0,5.38
29.97,66.8,3.81,1012.0,0.0
29.45,53.0,0.81,1002.2,0.0
34.38,83.9,2.95,993.0,81.83
26.97,78.2,0.5,1023.1,0.0
30.93,58.7,1.39,1012.8,0.0
27.23,49.2,3.15,1009.8,0.0
29.99,44.2,3.59,1018.0,0.0
23.63,85.8,2.52,1010.0,0.65
10.0,70.2,1.87,1001.6,16.25
26.99,71.9,6.73,1006.6,0.0
38.67,53.2,2.58,1002.6,2.74
34.95,41.7,10.74,1004.0,0.0
35.24,85.3,5.36,997.9,2.03
37.27,68.8,6.7,1000.2,0.0
28.66,84.3,1.67,1015.2,0.0
29.48,61.1,3.94,1010.7,0.0
23.37,63.7,1.31,1004.0,0.0
25.63,80.8,2.69,999.8,0.23
32.62,81.2,1.61,1004.8,0.0
37.03,82.4,4.82,994.5,0.0
26.95,62.7,2.77,1009.0,0.0
24.62,79.1,2.08,1015.6,11.5
28.0,88.0,3.91,1026.9,8.39
32.51,66.1,2.38,999.2,4.02
17.17,58.8,11.81,1015.2,0.06
10.78,92.2,2.03,1002.3,0.0
23.87,56.2,0.95,999.0,0.0
18.84,79.3,3.61,999.0,0.0
24.19,66.9,2.77,1009.1,8.59
26.89,34.9,2.97,1000.6,0.44
24.6,88.3,1.65,1003.1,4.28
38.89,30.0,2.73,1004.5,0.0
30.45,32.3,3.0,1002.1,0.0
30.25,77.5,7.11,1001.5,0.96
32.67,77.5,6.87,988.6,1.82
19.46,56.5,1.46,1008.7,5.73
35.79,70.7,9.65,1008.5,2.53
27.43,30.0,5.81,1001.6,0.0
33.03,80.7,7.39,1010.9,0.68
19.96,72.5,6.57,1019.2,0.0
16.35,67.2,1.66,1008.2,10.2
34.13,68.4,3.89,1018.6,0.0
30.82,76.9,5.57,1025.9,1.38
21.23,67.5,7.15,1028.2,0.0
21.48,34.3,2.32,998.5,2.11
36.44,100.0,0.56,998.5,0.0
19.08,89.6,2.39,1004.4,0.06
40.32,44.9,7.99,1009.0,0.0
21.25,61.8,1.98,1020.7,0.0
32.79,63.8,3.12,1013.0,5.46
25.54,87.4,1.59,998.4,1.28
32.52,30.0,5.01,1003.1,8.48
23.92,59.0,1.52,1007.7,0.0
26.78,36.3,6.86,996.1,0.0
28.31,62.9,0.97,1008.1,0.0
20.48,59.5,3.23,998.5,8.41
33.56,69.4,1.59,994.8,0.0
24.15,57.1,7.08,1000.4,2.14
26.29,54.5,2.85,1011.3,0.0
20.54,79.2,3.24,1011.2,0.24
10.0,76.2,3.9,1008.8,0.0
26.57,77.9,6.85,1015.9,0.12
45.0,64.8,2.28,1015.1,2.85
33.88,57.7,6.11,1009.6,0.0
27.86,65.9,3.88,1008.5,1.54
26.03,77.0,6.26,1009.0,0.41
28.17,30.0,4.87,1006.8,2.61
32.1,75.1,5.24,990.6,0.0
19.14,73.6,4.17,1017.1,3.11
36.36,69.1,1.54,1011.2,0.0
33.37,65.3,2.03,998.3,0.0
33.39,30.0,2.61,1019.4,0.0
31.29,60.1,7.4,1003.3,0.0
28.15,100.0,1.32,1007.1,0.0
33.05,68.2,4.03,1016.2,0.0
32.44,62.5,6.41,1009.8,0.0
25.34,68.3,1.5,1018.7,0.0
23.7,74.4,3.38,1005.2,8.86
28.76,79.9,4.4,1021.5,128.76
39.62,63.9,5.36,1001.8,5.62
18.71,75.6,2.9,1018.5,0.0
16.99,98.2,4.46,989.9,0.75
29.24,86.1,0.56,999.2,148.02
28.38,100.0,5.18,1010.4,0.92
29.3,56.2,4.85,1004.8,0.0
29.83,98.2,1.45,1007.4,0.0
26.33,53.8,2.89,1008.3,3.27
39.17,74.4,1.72,998.5,2.13
15.99,81.2,0.5,999.1,0.0
21.79,58.8,0.8,1009.9,5.14
27.23,69.6,0.92,1002.7,0.94
15.68,84.4,3.15,1018.7,0.0
26.68,55.2,1.75,1006.5,13.81
40.46,98.0,1.72,1013.8,0.0
28.16,43.1,4.88,1011.5,2.02
29.73,100.0,2.6,1003.2,0.16
18.55,86.0,12.79,992.2,0.0
23.38,66.4,5.52,1017.5,10.11
25.19,60.8,1.25,1000.2,8.31
25.62,58.9,3.03,1004.8,4.34
37.61,65.6,1.53,1006.8,1.45
32.18,67.1,3.69,1007.6,0.0
19.66,90.6,7.83,1015.7,0.0
29.85,100.0,6.57,1008.0,2.83
31.74,71.6,1.92,1007.0,5.99
36.55,52.8,0.83,1016.1,0.0
39.85,58.2,4.09,1012.8,3.04
20.39,64.7,4.4,1002.1,3.22
21.92,49.5,9.47,998.8,9.1
18.57,46.8,3.75,1001.4,0.09
26.24,100.0,9.14,1007.6,0.0
31.5,73.4,2.97,998.0,1.07
35.41,53.0,11.07,1008.7,6.35
27.43,82.7,11.82,1007.0,0.0
25.6,46.8,4.26,987.7,1.15
29.14,48.3,6.42,996.8,0.0
21.74,53.5,4.09,984.9,0.0
43.67,97.8,5.11,1005.2,0.0
15.94,63.4,4.33,1016.6,0.12
29.39,30.0,1.23,992.9,0.0
43.18,89.8,1.44,997.4,149.7
28.05,62.5,2.12,1006.7,0.0
26.57,34.7,4.78,999.5,0.54
25.32,62.3,5.97,999.5,0.0
26.65,77.4,4.99,1012.3,0.0
38.3,75.3,8.26,1004.0,7.36
11.41,100.0,5.1,996.1,0.0
39.5,52.7,0.66,991.3,0.55
17.32,68.8,13.48,1025.7,8.41
26.0,55.4,2.03,1017.0,0.28
24.78,40.2,3.62,1004.4,0.0
32.41,83.9,8.05,1008.7,0.0
16.01,76.3,3.65,1004.1,0.0
31.47,73.1,6.15,1012.1,0.42
43.18,75.7,9.55,1001.2,0.0
17.78,55.7,7.61,1003.7,0.0
29.42,49.9,4.32,1011.6,1.06
23.04,68.7,1.05,1019.6,0.03
31.19,88.9,3.21,1013.9,0.0
28.14,96.9,3.13,1017.9,0.0
23.19,82.3,8.58,1005.5,0.16
31.66,68.5,3.91,1003.0,0.0
41.53,72.9,5.16,992.5,0.0
26.57,68.2,0.5,1008.6,7.0
33.4,49.5,7.45,1011.0,0.0
18.3,68.4,7.04,1005.6,10.67
20.83,44.0,1.96,1001.8,4.96
31.54,65.8,5.9,1017.9,0.98
39.13,97.4,1.97,1013.1,0.0
30.67,82.8,5.33,1018.5,1.11
25.65,51.4,6.47,1000.4,0.0
27.99,66.7,4.94,1002.3,0.0
18.62,53.0,9.04,1017.6,3.21
32.53,66.9,4.25,1007.6,0.0
34.62,86.7,1.93,1003.4,0.0
24.61,79.8,4.31,1004.0,0.0
24.47,100.0,2.1,1007.9,0.0
29.99,89.5,4.56,1016.0,0.0
24.72,71.7,0.5,1006.7,117.32
27.5,80.2,2.47,1014.3,1.78
43.75,64.4,4.34,1011.7,1.7
26.15,47.7,2.42,1001.0,0.0
25.31,91.5,3.35,1001.0,0.0
23.14,86.2,2.18,1004.4,0.13
33.58,63.7,4.15,997.3,0.02
26.64,72.9,3.51,1003.9,0.0
23.13,90.3,1.92,1020.1,0.42
37.91,83.2,1.22,1007.7,0.0
38.65,41.7,1.68,1001.9,0.0
23.5,72.4,2.71,1023.3,0.0
14.0,65.0,0.62,1000.6,6.4
35.56,88.0,5.76,1000.3,79.7
22.87,86.6,9.8,1017.8,0.0
33.93,91.7,9.11,1013.3,0.0
13.22,47.9,3.04,1007.0,0.0
34.69,53.9,4.98,1014.7,1.21
18.92,88.1,1.74,1010.4,0.52
33.48,57.4,0.73,998.5,0.0
28.11,40.6,1.76,988.8,0.0
20.85,77.6,2.48,1003.5,0.0
24.95,58.2,3.88,1016.7,0.06
33.15,100.0,4.32,1004.6,0.0
28.79,73.3,1.15,1011.7,0.0
32.38,70.9,4.5,1009.5,0.14
42.82,61.4,3.61,994.5,0.0
16.27,96.6,3.56,1004.7,0.0
40.13,74.5,3.54,1010.9,0.0
28.78,60.6,5.81,1001.7,0.0
21.26,53.7,9.25,1005.1,0.0
18.02,66.7,5.82,1011.1,0.0
26.58,50.4,14.19,1008.6,0.0
34.91,86.5,4.69,1016.4,0.0
27.04,35.4,3.9,1011.1,0.0
39.33,65.5,2.93,1000.4,0.0
17.12,79.0,8.66,1004.2,0.0
27.91,74.2,1.78,1008.2,0.0
18.61,55.1,8.26,1018.7,0.0
30.73,79.9,1.81,1004.2,0.0
34.65,52.1,4.03,994.1,0.0
24.84,67.6,4.78,1011.5,3.79
10.0,79.7,1.89,1002.0,0.0
29.49,76.3,4.0,997.7,2.93
31.28,55.8,5.23,1008.2,0.0
31.03,89.6,1.66,1015.8,2.43
37.27,69.6,1.7,1003.4,0.0
19.97,81.4,12.79,1012.0,0.0
33.1,95.5,5.74,1013.5,0.0
36.94,88.1,5.77,1014.3,0.0
14.66,88.2,2.37,1002.1,0.0
30.4,71.5,4.42,999.0,0.0
24.22,82.3,3.67,1000.1,0.0
27.39,71.8,1.53,1014.3,0.0
30.61,46.2,15.0,1013.3,1.86
24.35,73.4,4.81,1000.3,1.44
22.93,72.6,4.61,1025.1,0.0
28.26,78.5,4.88,999.4,2.46
19.85,65.7,1.62,1016.0,0.28
19.86,54.3,2.44,1020.2,0.0
33.1,79.8,2.45,1008.9,0.0
19.38,44.4,4.95,1001.8,4.55
33.0,94.3,2.36,1002.0,117.71
31.47,63.8,3.39,1005.9,0.0
15.06,72.4,4.26,1016.6,0.0
22.92,78.1,4.14,998.4,140.4
36.96,78.6,3.1,993.3,0.0
20.64,42.6,1.68,1010.9,3.9
24.52,82.8,6.21,1012.7,0.0
31.47,73.5,8.05,1023.7,1.43
33.88,56.6,1.77,996.9,2.51
26.11,54.5,7.4,1006.9,0.7
23.52,62.0,2.01,1017.3,0.0
38.67,44.6,5.01,1009.0,1.07
41.04,99.0,4.44,1006.4,0.0
35.34,94.8,6.15,1014.3,0.0
28.64,76.1,1.21,1003.2,0.0
21.94,64.0,4.42,1014.8,0.23
21.77,64.5,2.71,998.0,0.0
31.92,81.6,6.38,995.8,0.0
31.14,99.6,5.06,1005.8,0.33
38.51,57.7,4.35,987.5,0.0
32.88,47.9,2.05,1008.7,2.57
16.73,95.9,5.23,994.1,127.09
35.89,35.8,2.0,1010.3,0.0
20.51,49.8,1.11,1009.5,0.0
25.12,63.6,2.2,1007.5,0.0
29.88,39.9,2.38,1011.5,2.78
42.97,88.0,2.71,1009.6,0.57
45.0,83.4,3.68,1005.7,0.0
32.55,57.7,3.68,1022.6,0.2
26.63,91.0,4.42,1011.1,0.0
32.01,94.1,3.65,1014.2,0.0
34.66,66.0,1.96,1016.6,0.37
25.59,59.9,5.63,1013.3,0.0
41.46,100.0,2.05,1024.5,1.9
29.73,81.0,3.93,1009.3,1.12
31.73,72.6,6.74,1007.9,0.0
32.99,92.5,2.73,1002.8,5.81
31.16,73.4,1.52,1005.9,0.0
34.29,58.9,1.35,1002.2,1.12
23.37,69.4,1.88,1013.4,0.0
23.81,86.7,1.47,1000.7,0.0
19.75,32.1,7.07,1008.6,0.01
31.3,62.8,3.1,1012.5,4.15
33.84,92.9,11.8,1009.2,0.15
31.43,58.8,3.26,1000.8,0.0
40.56,95.8,0.7,1013.6,6.63
27.96,93.5,3.85,1007.3,0.0
33.02,66.8,3.08,985.0,3.37
19.81,57.8,5.86,1000.1,4.4
25.1,62.8,2.99,1019.2,0.0
33.22,100.0,3.02,1019.9,1.74
34.37,100.0,5.13,1012.2,0.0
25.8,70.3,2.26,1014.3,8.37
27.46,57.1,2.68,1001.8,0.0
16.62,70.1,5.82,1005.9,0.0
25.32,72.4,1.01,1017.9,8.52
34.68,45.6,3.0,1011.4,5.06
32.31,69.4,0.5,1008.5,0.0
31.75,91.8,8.79,1006.5,0.0
28.37,35.6,3.27,1017.4,0.0
28.05,82.9,2.0,1017.0,6.52
23.05,92.7,5.86,1013.2,2.88
33.24,57.9,4.04,1008.5,0.0
31.16,98.5,1.6,1005.1,83.33
31.69,55.6,6.23,1013.5,6.68
24.05,75.9,5.07,999.2,1.34
11.85,62.5,6.08,1000.8,0.0
36.23,62.5,2.93,996.4,0.0
24.41,56.9,5.07,1017.9,0.0
21.53,80.6,10.64,1002.2,0.0
33.2,83.3,8.77,1011.2,2.37
25.06,66.8,5.28,1007.0,0.0
35.95,43.5,1.18,1030.0,0.0
32.63,75.3,4.84,1011.5,0.0
33.13,75.6,7.04,993.1,2.35
17.76,64.1,6.74,1017.4,3.47
37.09,100.0,3.96,1004.9,7.22
29.96,39.8,5.41,1006.4,5.75
25.23,30.0,1.35,1002.6,5.26
29.08,54.8,4.16,1009.6,0.0
14.68,80.8,0.9,1009.5,0.0
31.06,49.0,6.7,1002.8,7.38
20.28,50.3,5.97,1003.9,5.01
17.85,85.1,5.64,1008.8,0.0
16.58,76.3,4.47,989.3,0.0
36.35,74.8,8.33,996.5,1.47
23.28,82.1,3.12,1021.4,0.0
39.5,60.3,2.85,1010.6,0.49
23.98,61.2,5.82,1003.8,0.0
15.19,82.6,1.21,994.4,0.0
19.63,43.8,4.12,1007.5,2.85
37.27,30.0,2.88,1015.9,2.99
26.83,60.2,3.89,1029.1,0.0
23.89,84.8,5.0,1023.1,0.0
29.2,72.6,2.54,1000.9,1.91
31.76,83.4,12.91,1004.0,0.0
36.38,31.7,4.93,996.2,0.0
38.86,73.7,3.57,1001.3,1.74
25.3,79.8,9.76,1006.3,2.06
18.05,43.7,4.16,1005.1,0.25
24.9,83.5,1.67,1024.4,0.0
29.95,66.0,4.41,997.5,1.53
20.77,100.0,1.59,1007.6,0.0
20.82,30.0,2.36,991.5,3.5
30.58,92.6,2.5,1010.6,0.0
27.64,60.9,0.9,997.3,0.0
28.25,38.9,4.06,1016.8,0.0
22.31,58.5,2.5,1005.7,0.26
26.27,73.0,4.76,996.8,0.0
21.07,86.7,1.0,991.2,0.0
34.68,99.0,3.57,1000.2,0.0
35.76,93.6,2.03,1009.9,7.31
14.15,50.6,3.36,1011.4,0.28
21.03,88.3,1.31,1004.0,0.0
16.78,75.0,4.47,1015.4,0.0
23.12,56.2,3.81,998.9,6.88
27.37,64.2,3.85,984.6,4.75
17.13,55.2,1.94,1010.3,0.0
21.09,68.7,1.49,1018.3,0.0
20.47,54.9,5.66,1018.4,0.0
29.55,49.5,1.15,997.6,0.0
28.52,76.6,8.64,1003.6,5.66
22.59,79.3,9.97,1013.8,0.0
29.33,64.6,2.87,1003.0,6.21
23.9,92.6,5.82,1008.8,0.0
25.96,63.3,3.52,1002.3,0.0
40.55,62.6,3.55,999.3,0.0
38.05,79.9,4.65,1000.8,0.0
18.25,65.6,8.75,1015.6,2.72
34.22,69.5,1.82,1008.1,0.17
34.09,30.0,5.66,1018.2,0.0
19.39,68.3,4.32,1012.2,0.46
34.14,35.1,2.88,1020.9,0.61
39.53,46.0,2.06,1014.5,0.0
19.58,44.0,2.64,1014.1,0.0
21.12,49.2,1.34,1007.0,0.0
35.63,58.1,1.61,1030.0,0.0
30.04,59.2,0.5,1008.9,0.0
32.14,80.0,7.99,992.2,0.0
30.55,72.0,1.43,1010.1,0.0
30.93,33.8,2.91,1000.1,2.62
18.05,69.5,6.18,1016.1,0.0
35.85,73.7,0.92,1013.8,105.06
36.77,62.1,0.92,1006.5,1.54
26.28,66.9,2.03,1000.9,3.88
27.67,71.4,3.34,1009.2,0.0
16.52,81.8,2.68,1002.9,2.42
31.86,39.7,15.0,1014.3,0.0
32.29,63.6,3.01,1012.4,1.24
27.53,95.2,4.06,1030.0,0.0
36.43,93.5,2.51,1004.4,0.0
25.49,83.3,2.59,1005.6,6.07
32.23,77.7,2.16,1006.8,1.69
20.35,97.8,11.23,1007.1,2.27
27.82,100.0,7.71,1016.2,7.25
26.69,65.7,0.5,1005.8,0.0
29.69,50.6,7.81,1023.8,0.0
25.23,63.1,2.43,1012.7,0.65
27.01,100.0,5.26,1004.1,0.0
34.2,39.8,0.82,1002.1,0.0
24.72,59.5,1.47,1016.3,0.0
15.95,42.6,11.75,1008.2,0.91
41.12,70.2,4.35,1008.1,0.0
38.36,46.4,0.5,1003.2,0.09
18.31,66.0,15.0,1007.5,1.33
33.17,32.9,2.48,1002.9,0.0
24.23,79.1,4.33,1018.9,2.0
29.98,90.0,4.13,1013.7,6.07
30.21,61.1,6.68,1006.6,2.16
26.24,65.6,1.99,1006.5,0.0
22.12,65.1,2.47,1008.7,1.76
22.82,71.3,10.8,1008.0,0.0
21.13,67.3,3.93,1000.3,0.0
21.76,81.8,2.14,992.8,0.0
27.5,90.2,2.81,1001.6,0.0
22.63,53.3,4.46,1007.0,0.0
33.12,62.4,2.09,1002.1,0.66
39.15,84.2,8.75,1014.6,9.08
23.65,42.4,2.18,1006.2,0.0
29.8,32.5,3.22,1023.0,0.0
31.75,72.1,2.79,1003.5,0.0
31.54,76.9,2.95,1009.1,0.0
28.57,55.0,1.85,1005.7,0.0
33.57,57.6,4.59,1011.5,6.07
31.62,54.3,3.4,1016.5,0.0
18.72,52.4,3.97,1012.9,0.0
34.52,80.5,9.66,991.8,3.99
34.65,46.8,0.91,1012.0,0.0
22.28,63.2,2.06,999.9,0.0
28.28,51.7,6.28,1005.5,0.0
33.12,41.8,3.07,1013.5,2.52
26.43,83.7,3.77,999.0,0.0
36.05,58.6,2.32,1017.2,0.91
45.0,71.4,1.98,1005.2,0.0
22.11,40.9,1.93,1025.4,0.0
17.64,54.6,4.28,1008.5,3.87
30.28,81.6,13.95,1021.6,0.99
33.41,100.0,8.06,1017.6,0.0
26.27,32.4,2.87,1003.1,0.0
38.9,64.4,0.52,997.6,0.0
17.96,75.4,7.29,1008.9,0.0
33.2,56.9,4.03,1003.3,0.0
23.46,83.3,12.89,1020.6,0.0
40.9,52.4,4.85,1006.0,0.0
42.94,70.8,3.03,1005.6,0.0
22.25,58.6,2.58,996.8,1.0
23.88,89.9,1.18,1011.4,0.0
34.45,55.8,3.26,998.6,0.0
25.1,61.7,6.45,1011.5,6.1
27.66,85.0,0.64,1012.6,8.45
28.19,49.5,10.45,1002.0,0.0
13.6,69.2,0.99,1015.7,0.0
27.9,35.2,2.01,1005.8,0.0
22.83,48.4,4.52,996.2,0.0
24.3,74.9,0.94,1020.4,8.51
38.83,50.2,3.03,1000.6,10.78
18.58,58.2,3.87,1012.1,0.75
34.1,76.9,4.39,1011.4,0.0
25.91,57.6,2.49,1011.1,0.0
25.9,82.8,1.27,1011.0,0.0
33.93,71.9,8.7,1000.2,0.0
30.55,75.8,4.89,1021.5,0.0
32.28,90.3,4.39,1015.6,0.0
35.26,73.8,2.35,1011.8,0.0
25.52,95.7,5.63,997.3,0.89
23.41,84.4,1.09,1000.2,2.25
19.86,58.6,10.46,1013.3,0.0
21.81,91.3,2.25,992.0,1.84
45.0,72.7,6.09,1010.7,0.0
37.34,60.9,7.48,997.4,0.0
17.87,73.0,3.94,1001.1,0.0
18.08,88.0,4.22,996.7,5.0
31.61,76.2,3.42,1010.0,1.36
32.1,100.0,7.07,1016.9,0.0
32.12,87.6,2.22,1010.8,83.42
26.09,77.4,5.44,1011.7,7.32
27.06,49.5,3.69,1009.3,0.0
30.46,64.8,8.86,1013.5,0.0
28.64,69.3,8.39,1011.7,2.06
11.36,80.5,2.33,986.3,1.1
26.28,79.5,7.0,1015.3,3.34
21.61,71.1,4.81,1014.4,12.73
29.31,70.2,3.53,1005.1,0.0
45.0,81.0,6.7,992.2,5.46
30.76,52.5,5.86,1009.9,0.21
25.65,98.5,2.51,1010.6,0.0
34.91,31.2,1.38,1004.5,0.55
31.62,94.2,1.65,1009.5,2.39
31.15,67.2,2.05,1016.6,0.0
32.55,86.0,3.0,1027.2,3.49
43.42,74.5,4.44,1009.2,3.25
19.52,74.2,3.71,1010.7,4.24
31.55,78.0,0.99,1001.4,0.0
21.05,82.6,2.67,1004.0,0.13
32.17,62.1,10.85,1006.9,0.0
21.11,86.6,2.51,1017.4,0.0
24.87,48.5,0.9,1014.6,5.53
25.79,67.9,5.82,1023.4,0.0
35.32,83.0,5.01,996.1,0.0
34.89,85.9,4.81,997.4,0.0
18.66,76.3,4.44,1016.8,123.79
28.41,60.9,1.7,1019.6,0.0
22.68,84.1,3.42,1008.3,0.0
18.56,56.0,1.84,980.0,0.0
26.37,99.5,1.74,1002.1,0.0
25.69,66.5,12.75,1010.7,0.0
45.0,40.3,5.89,1000.8,2.59
31.25,46.5,4.35,1009.5,0.47
17.67,68.8,3.15,1023.2,0.0
23.76,70.5,5.59,1019.4,0.0
35.66,100.0,3.66,1014.5,0.0
43.66,49.3,5.74,1007.5,10.55
16.11,68.7,8.9,1004.0,0.0
13.9,48.9,4.72,1014.1,0.0
42.03,59.1,1.73,1008.2,0.0
30.92,98.3,7.34,1008.5,0.35
21.49,47.5,3.12,995.6,0.0
32.01,78.6,4.13,1002.3,0.0
10.0,75.1,2.75,1014.0,3.76
28.03,67.6,1.13,999.2,0.0
30.46,77.3,6.3,1010.1,0.0
34.93,47.1,8.0,1011.3,1.97
20.4,97.8,4.07,1011.8,0.0
28.64,100.0,6.74,1012.5,4.56
21.06,68.8,2.14,1013.0,0.0
29.92,100.0,3.81,1003.0,3.46
21.28,60.8,1.89,996.3,0.0
24.94,75.2,4.66,1001.0,4.7
20.53,93.8,4.46,1013.8,0.0
32.88,59.7,3.7,998.4,0.03
34.44,43.1,4.05,999.7,0.0
26.24,39.0,0.5,999.6,0.0
28.29,100.0,2.23,993.2,0.12
17.14,58.5,1.7,998.8,0.22
25.75,64.7,4.89,1016.0,0.0
27.62,48.0,3.75,1002.3,0.0
45.0,85.1,0.5,994.0,0.0
19.66,53.9,1.57,1003.9,0.39
38.98,59.2,0.5,1012.1,0.19
35.48,73.4,10.18,993.4,0.0
30.1,48.8,1.68,1015.6,0.0
41.19,64.8,5.16,996.5,0.0
30.79,93.2,2.92,1004.8,0.0
30.92,75.7,1.09,1004.7,101.48
27.6,70.3,2.2,1003.5,0.0
37.18,71.9,5.07,1007.5,0.0
36.22,61.0,2.46,1014.2,0.0
23.31,100.0,5.74,1007.7,97.43
18.11,53.4,1.48,1003.2,0.28
26.48,71.8,3.39,1011.7,1.28
22.0,70.1,4.61,1009.7,0.0
27.52,86.2,1.96,1002.6,0.0
37.28,87.9,3.25,1008.3,0.0
24.57,67.4,1.95,1002.0,1.71
27.68,73.2,4.1,1001.1,0.0
28.44,73.9,1.67,1014.4,0.0
34.36,30.0,2.7,1011.6,11.95
11.15,39.4,3.53,1014.2,0.0
23.45,57.1,3.35,1013.1,0.73
29.58,57.9,3.93,1000.9,2.92
37.0,46.4,0.91,1016.0,0.0
24.31,81.5,6.3,1005.6,0.04
13.93,68.0,3.55,1015.4,0.0
32.65,64.1,3.05,1007.0,0.0
23.23,45.4,0.98,1010.5,0.0
19.08,67.2,5.29,1010.7,2.7
23.32,30.0,6.34,1014.5,0.0
26.62,65.1,15.0,994.9,2.61
23.46,69.1,0.53,995.4,0.0
11.46,72.4,8.85,1013.4,4.11
34.73,39.8,4.0,1010.9,0.0
37.56,72.0,7.83,1001.8,0.0
32.89,49.3,4.6,1010.9,0.12
19.47,53.4,4.99,996.7,0.0
26.49,80.9,8.51,1030.0,0.0
27.95,100.0,6.3,1018.5,64.31
32.49,68.9,6.95,1013.0,4.45
33.01,53.3,3.06,1008.6,0.12
22.49,71.4,0.5,1003.1,1.12
28.61,84.9,3.62,997.5,0.0
31.43,79.2,1.98,1007.1,1.8
38.92,100.0,5.84,1001.1,0.79
33.28,55.1,3.85,1001.6,2.56
33.92,72.5,3.29,996.7,1.6
28.63,95.9,2.61,1010.0,0.0
38.58,94.8,5.35,1005.0,0.0
31.07,32.9,3.16,1012.3,6.67
21.54,67.9,3.64,1011.7,1.9
38.53,94.7,3.33,1009.8,0.0
33.23,100.0,3.07,1029.3,0.0
24.68,80.7,0.53,1014.6,0.0
24.4,61.4,3.1,997.9,0.0
30.22,49.8,1.61,1011.7,0.0
31.47,100.0,3.18,1007.6,0.0
29.48,81.1,3.8,997.3,0.0
30.33,52.7,2.37,996.6,0.27
40.75,64.3,0.5,1011.6,6.7
36.04,73.6,2.46,1013.6,0.0
29.43,77.8,2.34,999.6,0.0
35.06,51.8,2.74,1015.8,0.0
20.26,56.9,1.04,1010.3,0.0
30.98,38.2,3.82,1017.6,6.4
41.57,86.7,4.07,1016.7,0.0
26.36,61.9,2.83,1006.7,0.0
21.64,76.4,6.0,1021.1,0.0
23.11,93.6,3.3,999.0,0.0
19.83,72.0,2.81,1027.1,85.11
22.11,66.0,3.14,1001.0,2.36
25.22,71.5,6.5,1007.6,0.0
17.46,69.1,4.8,1003.5,3.86
28.12,90.4,1.8,1005.0,0.0
34.77,73.6,1.47,1030.0,6.65
21.19,58.2,2.84,1004.3,0.31
39.39,86.9,6.14,1014.8,129.09
31.83,90.1,5.66,1006.1,71.48
35.73,43.9,3.9,1015.5,0.0
23.07,95.6,2.09,1003.6,9.78
34.41,74.6,4.95,1010.0,82.43
19.81,73.1,0.72,1013.0,0.0
34.68,86.1,2.29,1002.2,2.18
29.29,57.8,5.19,1030.0,0.0
32.15,85.2,0.82,1013.4,0.0
19.18,61.2,7.56,1006.2,8.24
21.29,41.5,7.33,1002.4,0.0
32.48,50.0,3.35,1008.7,3.47
20.89,78.2,5.5,998.3,88.45
31.47,51.0,2.37,1022.3,3.46
17.75,97.0,1.5,1011.5,0.0
34.36,89.4,8.31,1007.3,0.0
18.76,92.0,6.8,1016.4,0.63
32.14,70.2,5.51,1002.2,5.93
32.69,72.6,0.61,998.8,0.0
22.77,46.5,3.1,1007.0,8.72
32.37,85.9,9.61,1009.0,0.0
29.95,74.8,4.86,1012.2,0.0
23.96,78.2,3.24,996.2,0.0
20.44,98.4,3.18,1004.3,2.7
13.28,57.1,3.19,983.3,0.0
30.62,65.7,0.5,998.5,0.0
16.26,73.9,4.29,1013.7,1.93
28.72,51.2,4.73,1015.7,1.55
26.02,64.6,0.73,998.9,11.3
33.09,76.9,3.73,1005.4,2.18
25.73,62.1,2.58,1008.2,5.5
25.53,91.6,1.18,1016.6,0.0
33.49,40.8,0.5,1020.2,0.0
30.51,88.2,2.09,1009.2,3.89
30.37,79.9,3.2,1005.9,2.5
31.52,57.8,4.71,996.5,0.52
16.48,51.4,5.66,1008.9,0.45
33.68,30.6,3.54,1024.6,0.0
32.59,53.7,1.34,1018.3,6.78
20.37,86.8,8.01,1009.4,2.93
26.17,67.0,3.59,1010.4,0.0
27.71,88.9,2.31,1002.5,2.57
26.99,56.8,3.35,1005.1,0.0
30.5,80.7,6.96,1009.2,0.0
38.74,55.1,8.58,1009.2,0.0
36.11,50.6,2.61,1016.1,0.0
18.16,66.1,11.29,1015.7,0.0
32.67,56.0,6.64,1012.2,0.0
37.97,40.2,1.92,1000.0,0.84
30.9,64.7,4.46,1000.3,0.4
36.18,69.9,1.89,1000.9,0.61
43.09,90.8,4.6,1009.9,3.56
35.68,84.9,4.2,991.8,1.77
29.87,90.0,2.6,1007.9,0.06
35.84,81.0,9.19,1019.3,0.0
29.09,74.0,3.51,1013.3,0.0
28.18,45.9,15.0,1005.2,0.0
25.36,70.7,2.13,1002.4,1.7
39.73,78.7,4.66,1014.4,92.04
21.86,94.2,5.71,1010.4,1.61
39.49,80.4,1.6,1006.0,0.0
31.75,90.3,2.3,1003.3,3.4
17.51,49.4,2.72,1008.6,3.63
30.76,62.1,3.93,1005.6,7.53
12.25,75.7,2.82,1014.3,0.42
32.69,88.9,6.13,1017.9,0.0
34.64,65.4,1.6,997.1,6.77
23.56,66.5,2.97,998.2,0.0
28.93,80.4,3.48,1018.8,0.0
42.66,47.7,1.33,1009.3,0.82
24.21,96.9,4.78,998.9,0.0
20.06,52.2,4.44,1015.9,1.7
39.11,33.5,4.32,1010.7,0.38
42.72,68.2,5.03,1025.6,3.89
28.03,98.6,3.36,1006.1,0.0
35.59,78.6,5.14,1016.9,0.37
38.06,81.5,4.19,996.4,1.55
22.43,68.7,0.93,1019.2,0.1
24.36,65.3,1.25,1015.6,0.0
37.23,40.2,8.69,1020.8,1.06
40.64,30.0,3.46,1016.9,0.0
32.22,71.5,4.54,1007.2,0.0
21.4,91.6,4.34,998.6,6.23
42.9,74.2,3.81,1003.2,0.0
24.02,79.2,11.71,993.9,0.0
25.49,96.5,4.99,1000.6,0.0
30.57,73.9,2.59,1011.4,4.77
39.66,65.8,8.61,1007.6,0.09
34.4,53.3,3.3,1006.2,0.56
31.11,100.0,4.75,1001.7,0.0
31.47,77.5,4.06,993.8,0.0
28.33,51.0,8.64,1009.5,0.38
32.19,46.9,3.61,1011.0,1.34
10.0,90.6,3.2,1000.1,0.0
25.78,49.3,5.35,1003.7,0.0
29.81,100.0,6.51,1020.3,93.73
19.37,30.0,8.5,1017.3,0.0
30.9,93.6,4.83,996.1,0.0
26.47,76.8,6.61,1007.3,0.0
41.17,70.1,6.96,1019.6,0.0
39.8,64.8,3.34,1006.3,0.18
24.51,100.0,3.2,1005.8,0.0
26.87,80.7,2.13,1016.7,4.41
27.45,51.7,1.73,1015.9,0.0
24.61,37.1,1.65,1015.5,1.96
29.46,71.2,1.61,1005.9,4.8
22.31,68.0,4.44,1013.3,0.0
19.52,40.6,0.5,1020.0,0.0
32.67,67.0,7.05,1007.6,7.72
32.72,57.7,2.79,1004.8,0.0
21.97,68.2,3.0,1017.8,3.28
34.72,81.1,3.15,1024.4,0.0
23.26,94.9,5.12,1024.9,0.0
29.9,84.4,5.79,1005.0,0.99
34.15,55.0,0.87,1005.8,4.72
27.75,74.6,5.41,999.8,0.0
31.41,69.1,2.71,1008.9,9.79
24.13,44.0,2.06,999.4,0.0
26.53,75.2,0.73,1003.8,0.0
26.46,100.0,0.88,1013.6,0.0
22.4,68.6,1.79,1011.1,0.0
26.67,39.3,2.9,993.5,0.0
16.39,68.5,1.41,1020.6,0.0
24.32,46.2,8.78,999.3,0.32
25.86,83.5,0.84,1000.3,116.1
26.08,77.4,2.34,998.1,1.56
26.19,64.9,6.32,1002.7,0.0
27.54,62.0,5.05,1000.8,0.0
31.6,64.2,1.16,1001.0,2.24
34.56,68.1,6.99,988.3,0.0
23.13,54.1,5.83,1009.0,0.0
18.98,43.0,2.76,1009.9,1.5
20.18,88.5,1.13,1026.0,0.0
24.35,61.1,0.75,1011.9,0.0
25.36,71.0,2.23,1004.0,3.65
22.23,73.1,1.78,998.4,0.54
18.28,73.8,8.06,1007.2,1.49
24.58,46.9,3.01,1011.6,0.0
29.36,37.8,5.7,1004.0,0.0
32.46,57.4,3.3,1008.5,0.0
23.82,75.1,1.86,1023.2,0.0
24.9,54.9,4.66,1004.9,2.72
21.05,61.6,1.51,992.9,0.0
27.76,100.0,8.99,1015.0,4.53
21.64,34.8,1.71,1010.5,2.93
32.3,54.4,9.88,994.3,2.24
14.61,100.0,8.89,1011.4,0.0
25.3,67.2,6.01,1000.0,0.86
30.26,55.3,4.92,1011.5,0.0
29.38,89.0,5.76,1023.3,4.55
45.0,69.0,2.89,1006.6,0.0
30.62,61.7,4.33,1016.7,0.0
20.47,71.5,5.04,998.2,3.02
27.28,56.2,2.92,995.8,0.0
14.68,49.7,3.41,1024.1,2.29
27.4,66.0,5.04,1010.5,0.0
21.75,49.8,2.25,1013.1,0.0
34.87,68.2,5.77,1017.2,0.0
23.88,74.4,2.94,1003.8,0.0
27.12,83.4,4.25,1014.6,1.38
23.23,88.3,2.58,1013.4,0.85
41.04,60.7,8.42,997.6,0.0
25.59,77.0,1.15,1020.1,0.0
41.74,76.9,0.66,1018.5,133.41
34.11,73.9,6.62,997.7,0.0
31.62,59.4,7.05,1009.6,11.61
30.77,49.5,5.38,1006.2,0.0
30.95,77.0,3.11,1019.3,7.53
13.54,37.3,2.74,996.7,0.0
25.91,63.2,2.94,1030.0,7.93
34.34,30.0,6.24,1006.6,1.05
27.63,43.9,5.54,1013.9,5.66
17.46,52.2,1.43,1019.1,3.32
27.61,87.7,4.76,1006.4,85.21
40.78,80.4,1.08,1007.1,0.0
37.35,58.0,1.88,1004.0,0.46
27.53,81.1,0.64,1000.9,0.0
35.14,84.0,7.2,1010.2,0.0
25.25,65.1,1.43,1006.9,0.0
15.22,43.1,0.83,1003.9,0.38
21.07,64.3,1.77,1004.4,1.97
39.72,66.2,10.58,1012.6,4.46
25.95,45.8,2.35,1001.6,3.18
26.17,74.6,2.15,1006.0,9.85
25.75,73.0,6.22,1015.2,0.0
42.28,76.0,3.41,1010.0,0.0
40.19,73.0,5.44,999.6,0.0
44.64,81.1,1.72,1007.8,0.0
26.81,64.8,2.03,1011.5,0.0
30.22,71.6,7.46,1015.9,0.0
16.63,60.8,7.93,1002.0,0.0
39.08,57.5,7.12,1003.5,4.3
19.24,92.1,3.88,1002.4,0.0
29.63,31.2,3.59,1002.8,0.0
19.77,83.8,2.63,1011.2,4.92
23.58,56.8,3.77,1012.8,3.05
21.72,54.5,4.32,1016.4,2.66
23.44,72.7,5.81,1007.3,0.0
23.96,41.2,3.82,996.8,0.0
23.89,53.3,1.32,1013.4,1.59
34.25,52.7,2.74,1009.3,0.0
19.71,64.0,0.5,1008.5,0.68
29.65,53.5,8.29,997.7,0.0
37.13,96.8,0.5,1006.4,0.0
24.15,100.0,7.51,998.5,9.34
22.62,31.6,3.92,1011.9,15.22
26.27,77.8,4.6,1004.6,4.87
36.85,83.5,4.61,1003.8,1.1
29.46,77.8,2.55,995.7,0.0
24.02,56.2,0.88,1016.2,1.28
31.63,63.6,4.62,1005.9,6.38
19.73,54.5,5.38,1008.7,0.0
33.11,60.4,2.81,1002.1,0.23
31.06,46.2,3.1,994.8,0.0
25.69,65.9,2.22,1003.7,0.0
21.71,40.9,0.5,1005.0,0.05
21.35,64.4,2.56,1010.3,0.0
32.01,45.5,11.16,1005.2,9.93
37.22,71.7,9.33,1002.3,0.0
23.22,55.8,3.89,996.0,0.66
31.44,73.2,8.94,1008.4,0.0
12.35,87.5,2.83,1001.6,1.61
23.62,96.6,5.2,1018.6,1.61
27.77,30.0,0.98,1009.2,0.0
21.18,53.0,4.76,1012.5,0.0
20.98,62.5,4.43,1006.0,0.0
22.99,76.3,0.79,1009.6,3.6
30.19,38.3,5.59,1000.9,3.84
26.6,50.3,2.85,998.6,0.66
11.21,70.3,1.02,1008.1,1.53
12.09,69.5,1.66,1012.6,0.0
23.45,74.8,2.28,992.4,0.0
31.43,76.0,1.63,1004.0,0.0
10.0,74.1,6.51,1022.7,0.0
24.25,71.5,2.98,1011.8,0.0
24.05,69.0,2.42,1020.3,7.01
38.41,80.0,2.4,1002.9,4.8
25.11,30.0,3.85,1004.3,0.0
30.87,95.8,4.09,1015.7,0.0
29.06,30.0,7.81,1013.0,0.0
12.02,48.6,7.53,1007.2,0.0
33.76,63.9,2.39,997.9,0.0
29.62,80.1,2.81,1017.3,115.98
31.81,30.0,3.82,1028.1,1.02
45.0,67.5,3.07,995.4,0.0
12.37,82.3,4.06,1019.2,0.0
40.94,85.9,1.6,1004.3,0.0
25.84,55.4,3.26,1005.3,0.0
30.15,62.6,4.59,1010.2,4.27
27.66,56.9,2.74,998.4,0.0
24.82,60.9,4.43,1007.7,2.87
23.73,49.4,3.68,995.1,0.0
30.47,52.0,3.0,1011.8,0.95
16.62,75.8,5.66,1025.9,0.62
33.63,70.4,3.37,1002.9,0.0
24.88,76.8,4.94,1006.7,0.0
19.52,71.9,1.37,1007.0,1.07
24.62,80.7,8.9,1015.9,3.33
37.43,83.8,1.85,1011.2,0.0
23.98,36.6,4.26,1015.4,0.0
30.69,52.6,1.08,1004.0,4.05
22.52,63.8,3.75,1011.5,0.22
33.68,67.6,1.54,981.1,0.0
33.14,55.9,4.59,1013.3,1.55
41.86,84.4,4.36,998.3,2.55
26.68,100.0,6.15,1005.4,0.0
33.01,71.4,3.92,1014.0,0.0
28.74,69.5,3.66,995.7,0.0
37.72,83.3,1.39,1016.7,0.0
22.61,34.4,5.11,1007.0,0.0
33.59,68.5,6.39,1019.6,0.0
26.54,85.6,2.23,1000.8,0.0
27.52,56.4,2.08,993.5,0.0
28.69,45.9,6.3,1007.8,0.0
29.89,64.7,2.0,1012.7,0.0
27.13,66.9,5.75,1013.4,0.0
29.61,51.6,3.87,998.9,0.0
39.84,100.0,4.46,995.0,0.0
35.39,59.4,2.94,1005.5,0.0
34.52,47.2,9.17,1012.1,1.13
24.58,66.3,6.19,1011.7,0.0
21.33,84.3,1.34,1020.6,0.0
35.16,68.3,4.45,1005.0,0.0
34.57,76.7,1.69,993.2,0.0
39.05,52.3,1.86,1017.6,2.38
23.47,94.8,1.9,1009.6,0.0
26.28,78.1,4.22,1010.3,0.0
15.7,86.9,10.33,1014.1,0.0
25.06,74.6,5.64,1018.1,0.0
35.47,82.8,1.9,1007.8,7.53
24.5,52.3,8.75,1017.4,0.0
32.8,59.2,6.4,1012.4,0.0
26.57,92.2,2.13,1002.8,8.79
30.43,96.1,3.18,1006.1,0.0
19.39,47.4,6.9,1012.9,0.0
28.64,72.5,8.09,1002.3,0.0
10.0,60.2,2.56,1015.1,0.0
26.6,55.5,0.74,1009.3,0.97
15.77,73.1,5.87,1011.1,1.8
37.04,88.5,6.31,1019.5,79.14
33.83,76.1,0.5,1010.9,0.0
31.5,62.2,3.75,1008.6,0.88
39.41,77.3,11.32,1007.3,0.0
20.88,61.5,5.22,1006.9,0.0
41.11,75.4,2.57,1010.5,0.0
34.99,93.1,3.97,1018.9,0.0
26.23,30.6,2.95,1003.1,0.0
36.52,82.4,0.63,1002.5,0.0
19.7,40.3,2.0,1018.3,2.08
21.82,90.1,4.37,1003.5,82.67
23.44,56.5,2.19,1009.7,1.61
24.03,46.1,1.25,1003.3,0.0
20.08,80.5,4.61,994.6,0.0
37.17,74.6,10.22,1009.6,0.0
26.06,50.0,2.32,1016.9,0.0
30.64,45.4,3.29,1007.5,0.0
23.72,64.6,1.65,996.1,0.0
14.35,46.3,3.26,1008.9,0.0
30.03,48.9,2.11,1002.0,0.0
13.66,70.1,3.68,987.0,3.27
27.49,50.6,2.35,1007.4,2.85
17.74,75.7,9.21,1012.1,95.59
42.9,94.8,9.05,1017.4,1.85
34.84,65.3,2.28,1022.1,0.0
28.79,70.3,3.89,1013.2,0.0
37.48,100.0,1.86,1015.5,111.53
21.65,46.6,5.87,997.7,0.17
32.08,89.4,5.48,1021.0,0.0
29.5,87.3,2.62,1018.1,0.0
29.98,83.4,3.38,1005.1,0.0
37.54,91.3,3.28,1013.5,0.0
33.49,73.1,1.95,1012.6,7.56
30.17,57.5,2.0,1019.8,0.72
15.59,87.7,4.93,1006.8,4.36
20.8,88.4,5.04,1002.0,0.0
27.08,87.9,8.72,1004.1,0.0
28.7,68.8,0.5,1015.2,1.25
19.52,55.1,1.53,992.6,0.0
45.0,71.4,10.05,984.0,0.0
39.37,85.0,5.0,1015.2,2.03
32.52,86.4,1.19,1010.2,0.0
28.54,60.3,2.8,1008.1,0.0
26.41,73.7,3.93,997.6,0.0
20.86,44.4,1.21,994.3,0.0
28.58,85.7,5.83,1002.9,4.04
29.93,53.9,2.47,1010.9,0.0
18.69,82.1,2.34,1003.3,2.68
30.51,47.3,7.53,1015.2,1.2
26.84,86.6,2.58,1000.4,2.9
13.69,73.8,6.17,1003.8,0.0
21.55,53.9,3.88,1013.6,4.95
24.9,80.4,5.92,1005.0,18.5
42.16,57.4,3.08,1005.4,0.0
32.17,81.5,3.98,1002.9,0.0
17.98,63.1,7.81,1001.4,6.41
31.65,37.0,4.3,1010.8,0.12
16.4,50.3,1.86,1011.9,3.08
36.12,60.3,2.56,1009.8,0.0
24.47,92.6,5.71,1003.1,0.0
27.3,84.2,2.54,1006.4,0.0
37.94,97.2,1.08,1020.8,0.0
18.35,97.8,3.9,996.6,0.0
17.52,58.4,2.04,1023.1,0.0
23.62,64.6,3.65,1008.8,0.0
35.79,60.6,2.49,1006.6,0.75
16.6,55.9,4.42,1015.6,6.51
10.0,34.9,10.04,991.5,0.0
24.62,67.7,11.35,1019.0,0.0
32.14,44.9,2.7,1022.9,0.0
37.0,67.4,3.66,1016.7,0.0
24.53,100.0,4.09,991.2,54.18
24.91,58.8,1.95,1014.1,12.85
36.65,71.5,0.89,1021.2,4.41
13.98,84.3,7.94,1020.3,0.64
25.09,73.0,6.71,996.7,0.0
29.43,73.3,1.06,1016.1,0.0
31.37,61.5,7.53,1022.4,6.61
24.18,63.8,3.87,1008.2,0.7
28.26,50.7,4.05,996.4,0.0
10.0,83.2,7.53,1014.6,0.0
23.06,36.7,2.87,1016.4,0.0
31.4,85.5,2.74,1006.9,4.04
20.63,42.7,7.64,998.5,0.0
28.44,85.3,0.57,1015.9,0.0
31.35,61.6,1.35,1001.8,3.03
25.43,45.8,6.52,1011.2,0.0
29.28,78.4,7.09,1020.5,5.09
20.78,84.7,1.82,994.7,0.0
26.45,60.1,6.47,1015.3,0.0
32.58,81.0,6.32,1006.3,0.0
29.18,30.0,4.21,1006.6,2.9
23.6,44.2,3.65,1012.1,0.0
29.68,91.3,2.49,1001.8,142.41
33.36,64.0,2.32,998.6,4.67
12.63,34.5,0.77,993.7,0.0
36.69,55.4,2.28,1017.9,0.0
25.48,51.4,4.14,1005.0,10.48
31.19,65.0,1.02,1012.6,0.0
36.98,61.3,5.31,1004.1,6.78
17.71,71.2,2.87,998.7,0.72
22.68,66.7,3.51,1013.2,0.0
25.84,92.5,5.28,1010.6,0.0
22.12,75.6,2.4,1006.1,5.41
41.01,76.2,4.11,1010.4,0.0
21.57,89.0,4.71,1000.3,0.0
23.83,61.0,4.87,1016.5,0.0
29.53,45.3,4.84,1018.3,0.0
18.98,89.7,1.47,1014.1,120.5
25.03,70.4,1.9,1005.0,0.0
30.38,70.5,5.25,1008.5,0.0
25.5,56.6,1.92,1020.6,0.83
27.3,56.9,3.71,1018.2,0.0
24.03,83.2,4.36,1024.0,0.0
16.64,85.7,1.13,1001.8,0.0
30.41,82.1,1.58,1001.0,0.84
41.16,82.3,4.79,1009.1,0.0
28.14,78.2,5.58,1011.3,4.04
29.69,70.4,4.82,1006.9,1.83
33.2,64.8,0.77,1004.9,0.0
18.48,89.8,1.08,1018.1,0.0
40.77,61.3,2.87,1007.3,1.19
29.52,74.7,1.0,998.3,6.3
40.24,53.5,1.93,999.2,0.0
22.5,56.1,12.34,1010.0,3.1
41.64,63.7,7.4,1030.0,0.79
33.81,53.5,1.74,1000.2,0.0
32.15,82.4,0.87,1005.5,6.39
29.76,43.7,4.33,1027.2,0.78
26.14,69.8,2.26,1004.1,0.0
37.0,70.4,5.24,1011.6,3.82
29.05,35.4,3.22,1023.0,0.0
13.25,60.1,13.28,1000.4,4.04
19.62,72.6,3.97,1005.5,0.0
26.61,75.7,4.45,1004.1,3.71
30.32,64.3,9.16,995.9,0.0
27.58,80.2,0.8,1020.6,0.0
37.14,66.0,6.79,1003.3,0.0
13.37,68.2,6.99,1001.0,0.0
29.08,72.5,3.82,1004.4,2.22
14.37,84.7,3.63,1015.4,0.0
33.7,55.8,2.45,1008.9,0.0
27.29,59.2,0.98,1001.7,0.0
31.15,56.0,2.56,1011.3,0.89
21.52,62.0,1.57,1014.5,0.0
37.6,93.7,1.89,1007.8,59.57
35.81,78.3,3.98,1006.1,0.0
32.38,47.6,2.19,1016.1,0.25
27.03,57.2,4.89,1006.6,0.0
32.35,74.7,3.61,1020.9,5.22
22.7,51.7,3.13,1001.9,0.0
34.42,54.9,1.57,1001.8,3.91
40.37,92.2,3.19,1000.8,92.09
36.03,57.0,6.04,1006.1,3.58
22.53,85.2,1.13,1008.0,2.28
30.71,90.6,1.57,997.4,89.71
18.3,54.8,3.77,1008.8,0.0
32.29,52.0,0.71,1012.5,4.34
31.38,63.0,3.45,996.3,0.0
13.98,48.4,1.13,1003.8,3.5
19.29,70.2,4.93,1012.5,0.0
25.88,64.3,3.77,999.3,0.2
25.74,74.5,11.59,1005.5,0.14
18.93,93.1,2.89,1016.7,0.0
30.92,82.7,4.65,1022.4,0.0
29.89,76.8,2.15,1011.5,10.23
26.54,32.6,2.8,1006.6,0.27
22.33,76.0,0.75,1004.0,4.47
35.87,99.0,1.69,1015.3,0.0
40.42,30.0,3.69,1017.1,0.0
24.37,80.4,3.71,998.7,1.33
23.41,65.1,4.53,1015.3,0.08
31.68,52.7,4.72,1003.1,0.0
25.31,82.4,1.21,1001.1,0.37
26.95,98.8,8.41,1006.8,0.12
33.55,82.0,1.13,1015.9,2.21
13.68,61.3,4.69,1010.5,0.0
37.89,51.0,6.94,1010.3,3.72
28.55,70.6,1.56,1010.8,0.0
24.91,83.7,1.6,1011.7,2.49
27.33,61.0,2.27,1007.1,4.31
27.72,62.8,6.32,1013.1,1.01
15.02,100.0,1.83,1002.7,0.0
39.21,87.4,4.81,1013.2,0.0
28.31,88.7,2.4,1014.9,1.64
31.32,41.7,3.3,1013.6,0.33
35.14,55.3,5.76,1014.0,0.0
20.34,69.3,3.12,1011.7,0.0
31.55,50.0,3.17,1017.4,0.0
25.99,96.8,0.78,989.8,0.5
34.35,93.4,2.78,1014.8,4.96
12.05,58.4,4.66,1023.8,0.8
27.26,100.0,3.68,1003.0,0.15
23.48,67.9,8.09,1002.1,0.0
31.24,100.0,5.3,1018.3,4.22
31.53,70.6,4.19,1000.6,5.48
22.69,78.4,5.25,1002.7,0.0
22.66,93.2,4.81,1009.4,0.0
27.17,91.0,1.09,1001.6,0.0
21.28,77.2,6.74,1015.0,0.0
34.31,65.5,2.41,1001.7,0.87
25.23,77.3,5.13,1010.9,0.0
10.0,53.3,1.1,1010.3,0.0
25.19,70.7,11.06,1021.3,3.18
20.21,48.0,3.51,1017.3,0.0
15.77,35.9,1.23,1003.8,0.0
18.72,68.9,3.97,997.9,0.0
28.82,90.7,5.84,1014.7,1.49
37.96,84.7,7.99,1002.8,0.0
30.35,66.5,4.31,1005.3,7.58
23.45,99.4,4.34,999.5,0.0
31.42,57.8,4.86,1013.4,0.0
24.56,33.5,2.22,1002.8,0.0
22.79,30.0,2.86,1007.7,0.0
19.34,46.7,6.55,1007.8,0.0
14.86,82.7,3.59,1009.5,0.0
25.08,56.6,5.41,1013.3,0.0
29.19,76.3,1.48,1006.1,0.0
27.28,97.6,1.89,1002.1,0.11
24.88,48.2,3.16,993.1,0.0
20.91,76.6,8.99,1008.8,2.72
32.56,77.7,6.0,1006.7,0.06
18.12,52.5,2.55,1002.3,1.11
33.82,92.4,4.96,1008.5,4.02
20.48,62.8,2.16,1014.8,9.81
22.36,61.1,4.24,1016.9,0.0
17.0,100.0,7.44,995.7,100.25
24.24,77.4,4.85,1005.1,1.18
35.31,84.7,1.48,1015.7,0.0
31.87,92.4,3.72,1020.8,0.0
35.34,56.3,1.68,1001.5,0.0
31.92,90.5,4.25,1019.0,1.59
19.72,59.0,0.81,997.2,3.41
25.52,58.2,5.55,1017.2,0.0
22.15,63.1,2.49,1005.7,0.0
37.98,56.8,6.02,1020.5,3.58
19.02,82.8,2.08,1004.3,0.0
34.7,72.8,0.97,1005.5,0.0
34.7,59.2,6.46,1006.9,4.2
41.72,80.1,4.4,995.7,1.8
24.93,63.0,3.68,993.9,9.24
33.34,62.1,5.86,1012.1,0.0
45.0,68.9,4.97,1015.9,0.0
23.37,76.3,4.6,1012.9,0.0
16.49,75.0,3.86,998.0,0.0
13.9,61.5,7.26,1011.8,5.45
33.35,83.2,3.31,1000.1,0.0
13.88,64.0,0.6,1011.3,1.3
25.21,56.2,4.45,1017.1,0.0
31.28,41.6,0.5,1010.9,0.0
29.39,85.7,3.62,1019.7,0.13
31.19,68.2,7.83,1006.8,2.32
29.67,71.8,4.47,1006.3,1.36
37.59,86.8,3.7,1008.5,0.0
20.86,59.4,3.97,997.3,15.89
22.92,43.3,0.97,1004.8,0.16
22.21,69.3,4.2,1005.5,5.14
34.23,73.5,1.68,1005.7,0.0
34.75,63.3,2.06,1010.1,0.0
31.38,94.5,3.4,996.2,4.28
36.88,30.0,6.95,998.8,1.12
19.16,88.2,2.99,1017.1,3.3
40.5,82.2,1.3,991.9,11.92
39.42,76.2,3.78,1012.9,0.0
33.52,30.0,3.45,1005.0,0.0
41.36,91.1,5.07,1009.3,0.0
15.58,49.5,8.11,1020.5,0.0
24.07,58.9,2.69,1007.0,0.0
22.49,64.9,1.82,1013.0,4.59
33.41,75.3,5.35,1008.5,0.0
20.12,79.5,2.05,1007.1,1.96
33.68,84.1,4.1,1006.1,56.76
38.28,82.7,4.07,1013.6,0.0
33.21,72.6,2.22,1002.1,0.0
30.13,75.5,6.87,998.9,0.0
20.59,48.4,5.01,1008.6,0.0
21.65,54.5,3.84,1009.5,0.0
37.37,84.1,1.7,993.4,0.0
33.85,83.1,0.58,1007.9,0.0
27.71,81.0,9.66,998.2,2.47
24.87,58.7,1.69,1013.0,0.0
12.81,84.4,1.68,993.6,4.83
19.97,47.1,2.47,1023.4,0.0
42.34,87.4,2.39,1005.3,3.68
18.4,63.3,3.59,1001.1,10.33
29.42,98.3,1.6,1005.7,0.15
35.56,40.6,0.5,1012.5,0.0
18.59,99.7,10.3,1015.1,3.94
29.39,61.5,2.14,1005.8,2.29
35.03,61.2,3.79,996.5,0.0
28.09,71.5,12.15,998.3,105.83
45.0,55.5,0.83,1010.3,0.0
15.49,66.7,7.87,1015.9,0.0
35.94,54.7,3.16,1016.9,0.0
26.7,55.4,2.5,1009.3,5.48
33.79,76.8,6.42,1015.7,0.0
31.31,51.8,6.28,1023.3,1.45
22.5,54.2,7.41,1017.5,0.0
29.72,43.3,2.67,1015.4,0.79
14.07,58.9,6.84,1001.5,3.59
32.52,91.6,7.72,1015.7,5.4
30.24,52.8,1.79,1011.7,0.26
32.79,54.8,4.17,1013.2,3.2
35.94,71.5,6.36,1018.1,0.0
30.76,61.3,1.74,1010.9,1.07
29.11,100.0,5.64,1007.2,0.0
21.39,65.1,3.03,999.4,0.0
22.66,74.0,4.15,1005.6,0.0
36.9,85.0,4.45,1009.7,0.0
38.77,84.6,2.49,1010.2,0.0
26.21,72.2,3.81,1010.0,0.0
28.35,65.1,1.52,1015.7,0.0
21.22,100.0,4.16,1014.9,0.75
36.8,66.2,6.93,1007.5,4.68
32.99,60.0,4.15,1001.2,0.0
42.56,56.4,1.71,1011.1,0.0
21.41,36.9,2.63,1026.0,1.93
25.16,82.8,4.48,1010.6,3.61
29.74,30.0,9.59,1005.6,0.0
32.85,67.9,1.38,1012.3,0.0
26.38,64.3,4.98,1012.8,3.35
21.45,100.0,3.68,1012.7,0.0
34.61,35.0,3.06,1019.0,0.0
33.41,51.8,3.2,1011.1,0.0
21.13,65.6,0.98,1018.6,0.0
38.17,64.4,3.48,1009.8,2.42
36.78,58.1,7.31,1020.1,1.55
29.01,66.5,2.53,1017.7,0.0
28.6,45.3,10.92,1015.4,1.73
32.16,74.4,0.55,1014.3,0.0
21.54,30.0,1.71,1026.4,0.0
28.23,67.5,9.69,1016.6,9.97
11.86,57.2,2.91,1001.2,2.22
34.57,86.3,9.27,1010.0,1.46
16.29,99.6,4.03,1005.9,0.07
39.28,62.0,5.36,1024.5,1.54
25.52,93.0,3.2,1018.0,0.0
26.41,62.3,4.78,1024.3,5.59
23.29,50.6,5.68,1001.9,4.61
25.84,99.4,7.63,1016.8,0.0
38.64,77.4,5.4,997.1,0.0
10.0,68.1,4.62,995.3,2.61
37.58,80.4,9.28,1004.8,11.43
30.54,72.9,1.42,1020.1,0.0
18.95,66.8,0.61,1000.1,0.0
19.94,44.1,1.68,1007.9,0.64
40.57,63.1,8.32,1017.5,9.53
20.91,79.2,2.11,1014.8,3.65
19.35,65.8,2.18,1025.7,0.0
36.53,84.2,4.97,1008.0,0.0
30.54,74.9,4.24,1004.5,0.0
20.97,52.2,0.85,999.2,0.0
29.62,44.3,3.53,1005.1,1.97
20.31,65.2,5.38,999.2,0.0
36.26,58.6,2.6,993.6,0.0
35.96,74.1,1.3,1023.7,0.0
31.99,55.1,1.75,1008.4,0.91
30.71,56.9,2.1,1028.7,0.49
41.21,87.0,1.32,1001.3,0.0
28.0,70.7,4.91,1004.6,1.37
19.14,55.4,5.36,1001.8,3.01
31.37,68.3,5.84,1002.9,0.0
43.65,92.8,5.28,1015.0,10.9
20.39,73.3,6.57,1012.5,1.28
25.29,78.7,3.25,1015.0,0.0
31.12,54.5,1.47,1018.7,0.0
27.6,86.5,3.98,1016.9,0.0
20.63,100.0,2.13,999.9,0.0
36.41,53.8,5.24,1003.8,0.0
45.0,46.7,2.49,1009.0,0.0
29.47,71.2,6.47,1030.0,0.0
21.22,83.8,1.15,1014.2,0.0
16.38,66.4,3.82,1008.9,0.0
29.93,49.0,4.65,1013.4,0.0
36.28,66.0,1.72,1003.2,0.0
31.56,78.8,5.23,1010.1,0.0
27.98,60.7,3.0,1015.6,2.27
23.58,78.9,0.87,1007.8,0.0
19.81,89.0,3.57,1001.9,0.0
34.26,72.3,1.35,1007.4,0.0
34.85,67.5,6.45,1005.4,1.84
16.41,82.9,2.17,997.1,6.08
39.92,52.6,2.81,1003.4,2.89
32.31,50.8,2.06,996.9,13.15
38.5,63.2,2.09,998.1,0.0
17.93,59.1,2.46,998.9,0.0
17.76,53.5,1.9,1015.6,5.34
26.88,100.0,0.5,1019.9,2.04
31.77,100.0,7.89,995.7,5.7
41.47,61.6,3.1,1020.6,0.0
33.3,69.7,10.87,999.0,0.0
26.18,64.6,1.44,1014.0,0.35
20.3,87.9,4.43,1010.1,133.14
37.23,91.5,3.28,1013.1,0.0
20.76,36.0,3.03,998.7,1.5
40.21,76.6,4.92,993.5,3.48
25.87,44.5,0.66,1001.6,0.57
39.93,99.6,4.95,1011.4,5.75
33.09,75.9,2.14,1023.7,105.84
26.97,53.2,4.32,999.8,4.53
24.1,63.7,1.36,1007.2,6.71
25.44,62.8,1.14,1002.0,0.0
31.21,77.5,4.14,1007.9,0.0
28.58,86.8,8.47,992.6,0.0
23.55,47.3,7.6,1020.0,0.0
26.76,100.0,4.6,1008.2,0.0
28.59,96.9,7.18,1015.3,10.5
12.03,52.2,4.34,1006.1,0.16
31.44,69.3,7.06,1009.5,0.0
20.65,98.8,2.93,1017.0,0.21
19.35,90.2,7.47,1009.1,127.24
15.34,61.9,2.42,1009.3,0.0
14.55,82.7,0.56,1001.6,0.82
17.83,100.0,8.47,1003.7,3.24
22.68,69.9,2.39,999.9,1.42
42.65,56.6,6.41,1002.1,0.58
24.06,71.1,2.41,1018.0,0.0
29.33,72.4,1.18,1022.5,0.0
31.0,58.6,5.19,998.0,2.22
28.98,75.9,3.02,1011.2,0.0
27.42,45.4,1.91,1005.5,0.0
19.04,56.0,2.76,1019.2,2.52
38.88,81.6,0.5,1009.1,4.83
41.55,36.4,0.5,1007.9,0.0
15.38,84.3,4.31,1002.0,0.0
20.32,31.8,0.9,995.7,0.0
25.9,36.8,7.83,1014.1,0.0
20.77,59.0,0.5,1010.8,0.97
31.79,73.2,6.22,1011.0,0.0
22.54,91.9,1.56,1003.2,70.82
44.24,69.0,5.26,1006.8,0.0
36.93,63.6,1.91,1014.3,0.0
29.59,78.4,2.19,1015.9,0.0
35.7,52.3,2.68,998.6,0.0
36.29,70.5,14.41,1002.9,1.2
23.77,46.4,2.49,996.9,0.0
21.88,69.5,4.44,1009.6,0.0
28.59,65.7,1.94,1015.1,0.0
34.46,53.5,2.5,1005.8,5.44
29.04,71.0,2.0,1002.7,0.0
16.17,70.9,0.94,1005.3,0.0
21.98,89.2,3.94,1026.5,0.0
27.45,39.1,3.33,1017.5,0.0
27.43,66.6,2.15,1013.8,0.0
42.79,54.3,3.23,1010.6,0.0
17.61,83.7,2.03,1007.9,0.0
31.79,81.6,2.7,1000.7,2.31
39.17,77.1,8.75,999.5,14.6
45.0,55.3,1.86,1003.5,0.0
24.97,83.9,3.26,1000.4,7.2
31.69,40.5,7.0,1003.1,0.0
32.27,36.8,3.25,1007.2,0.0
29.47,45.0,1.23,1007.8,0.0
27.26,67.4,5.6,1003.0,2.72
31.27,80.2,0.66,1012.0,0.0
10.0,30.0,10.18,1006.5,2.14
33.12,91.8,6.42,1009.7,2.32
28.95,70.4,2.52,1002.0,0.0
26.33,39.8,3.12,1013.5,1.43
43.35,69.8,3.24,1003.7,0.0
22.94,87.7,3.65,1020.9,0.12
24.98,78.8,4.58,1006.2,0.0
42.94,87.8,4.24,1007.2,0.0
21.76,43.4,0.89,1012.7,12.02
23.87,60.5,3.84,1014.5,3.76
26.9,51.4,4.44,1015.4,0.14
34.31,98.9,8.14,1022.2,0.0
29.56,79.5,3.13,1013.3,0.0
18.31,100.0,2.78,1007.5,2.7
24.01,59.6,2.87,1003.8,0.0
23.44,55.0,2.85,1006.9,0.0
27.42,65.4,3.0,1019.9,10.16
31.19,92.8,1.63,996.9,0.0
31.14,61.4,3.21,1001.4,1.17
14.68,70.2,2.68,1006.2,0.0
35.98,69.7,2.04,1001.3,0.0
29.89,68.7,3.24,1004.7,2.66
38.38,56.3,4.96,1022.4,0.0
31.33,65.5,2.44,1005.6,10.08
36.26,64.8,4.44,1011.3,0.0
31.5,67.9,3.26,994.7,0.0
38.1,85.0,1.45,999.2,1.08
31.92,99.7,1.75,1015.5,5.66
27.27,52.9,7.12,1021.3,0.0
45.0,60.9,2.12,1009.8,0.0
34.67,53.1,8.24,1005.6,0.0
32.3,71.4,5.1,1012.0,0.0
18.43,58.3,4.25,987.2,0.0
18.34,72.3,5.64,1009.8,0.0
30.2,87.9,1.73,999.6,0.0
29.09,30.0,4.75,1014.4,0.0
23.39,76.9,10.27,990.5,0.0
29.06,59.7,2.04,1003.0,0.0
39.91,76.3,6.38,1007.7,80.09
33.22,51.9,2.76,1001.9,0.0
19.44,89.5,3.12,1005.0,0.0
27.16,84.4,3.24,1015.2,3.86
21.96,78.2,0.8,1007.8,4.46
25.09,82.3,0.77,1000.6,0.0
24.9,54.6,5.09,1015.5,4.7
24.42,56.8,1.94,1010.0,0.0
18.59,81.5,2.91,1010.3,0.0
27.04,54.2,6.87,1000.9,0.0
23.8,94.0,2.06,987.6,1.87
10.0,62.2,1.33,1000.8,2.66
43.4,77.0,6.02,999.9,0.0
36.17,100.0,6.92,1003.1,0.0
25.18,55.3,3.26,1001.3,0.0
28.14,69.2,2.11,1008.9,7.15
19.21,87.0,5.58,1015.0,136.6
40.72,85.1,3.53,1016.6,0.0
42.23,62.1,1.47,1014.7,0.0
29.18,58.7,2.78,1000.8,0.0
35.68,63.8,1.19,1008.5,0.0
29.31,94.1,3.0,1020.5,2.89
17.97,63.0,5.53,995.3,1.7
24.91,69.4,5.91,1018.8,0.0
28.99,60.3,1.82,1000.0,0.0
24.59,80.7,1.02,1010.4,0.0
26.36,70.8,4.51,1011.3,133.86
27.31,49.9,2.0,1009.5,3.32
27.39,50.6,4.18,1025.8,5.2
28.39,32.0,1.25,1005.6,0.91
20.05,53.0,3.34,994.9,0.51
22.62,82.3,2.93,1010.9,3.0
18.37,91.8,4.07,1006.6,0.0
35.33,80.3,1.89,1012.4,1.92
12.21,78.0,1.43,1015.1,0.0
36.65,65.7,0.84,1007.7,0.0
38.4,81.9,1.26,1011.5,3.95
25.73,73.2,4.17,1009.2,0.0
10.0,100.0,2.08,1022.3,0.0
25.29,66.2,1.95,1005.0,1.59
27.52,92.2,5.82,1002.5,0.0
20.42,83.7,3.28,1015.0,0.15
24.14,81.2,0.63,1000.6,1.79
39.48,31.8,7.7,1011.1,0.0
32.99,84.7,1.04,1006.6,0.0
21.07,65.7,10.83,1007.2,0.0
16.02,60.0,5.07,1027.5,0.06
25.55,41.3,1.43,1017.9,0.68
26.4,67.9,3.72,1016.2,0.0
31.72,68.6,10.8,1012.2,2.73
23.99,44.5,3.17,1002.5,0.0
31.84,41.5,1.07,1010.1,1.72
42.51,76.8,4.04,1012.7,0.0
34.12,83.7,2.09,1009.6,0.0
27.64,71.4,3.51,1008.8,1.84
26.63,88.7,1.16,1004.8,0.0
25.32,66.4,1.56,1010.2,0.0
36.85,67.0,3.02,1003.8,0.0
23.3,51.5,3.0,1013.6,0.04
28.34,39.9,6.32,991.9,0.0
28.38,100.0,10.18,1018.9,0.0
24.24,88.4,1.06,997.5,0.0
17.71,42.9,2.22,999.5,0.0
30.42,70.8,2.17,1011.3,0.0
27.54,66.2,2.9,1012.3,0.0
31.75,63.1,1.73,1024.6,7.87
24.0,60.6,0.66,1010.4,1.11
37.16,74.9,3.95,1007.7,0.0
21.42,82.7,3.98,1009.5,2.56
40.84,75.2,5.15,1020.7,2.64
14.89,65.8,8.74,1027.4,0.0
31.26,65.2,3.98,1006.5,0.0
31.57,84.9,5.46,1012.3,6.13
22.03,76.3,9.62,1007.4,0.0
31.18,69.3,2.17,1007.2,0.0
37.6,67.4,2.18,1023.0,0.0
11.37,74.2,2.34,1000.6,0.0
31.77,59.6,6.14,989.3,0.0
10.0,82.8,12.12,1010.5,0.0
20.76,48.6,2.53,1017.6,0.38
40.22,60.6,3.2,1009.8,3.07
23.64,79.0,3.01,1012.0,114.4
19.2,47.6,4.63,1014.0,0.0
26.52,39.7,7.5,1008.9,7.83
43.51,69.1,9.54,1012.5,0.0
14.26,37.5,2.8,1012.3,7.35
20.12,44.6,1.75,992.3,0.0
39.23,81.6,3.71,1008.9,0.0
41.93,64.3,2.94,995.4,0.33
27.22,91.1,5.36,1007.7,0.0
18.71,46.3,1.97,1004.0,0.0
43.72,66.3,1.68,1016.3,0.0
39.96,75.2,3.75,1010.0,0.0
33.09,46.9,2.01,1011.8,0.0
21.91,86.6,9.68,1006.5,0.0
27.63,77.2,4.44,1016.4,0.0
26.8,39.0,2.25,995.2,0.0
30.48,67.3,4.24,1000.8,7.75
38.88,74.9,10.18,1018.3,0.0
34.6,57.4,1.25,1004.5,0.0
19.92,41.4,1.67,990.8,0.0
38.32,73.0,0.67,1019.6,0.0
30.35,100.0,3.81,1016.6,0.0
33.15,61.0,4.37,1013.7,0.0
39.0,96.2,7.61,1008.8,7.15
19.66,54.5,3.09,1021.3,2.41
27.73,71.9,3.04,1018.1,0.0
24.01,81.9,8.87,1020.4,0.85
16.24,67.8,2.75,1013.6,0.0
30.6,62.6,1.33,1009.0,0.0
45.0,81.1,1.72,1004.8,0.0
14.2,100.0,10.79,997.8,128.75
27.76,73.4,8.48,1012.0,0.0
32.8,58.7,1.9,1012.7,0.0
28.92,64.6,5.27,1005.2,0.0
27.15,100.0,1.89,1012.9,0.0
18.26,70.4,11.98,1005.3,0.88
29.75,57.3,2.14,1014.9,0.0
22.32,47.4,1.38,1000.9,0.0
11.58,35.1,2.36,999.6,0.86
36.96,74.5,4.04,1006.1,0.0
35.19,79.8,1.41,1014.6,1.02
28.39,60.9,4.87,998.7,5.95
29.72,67.7,1.13,1016.4,2.65
36.06,46.9,6.88,994.9,0.0
29.68,70.4,5.7,1006.0,0.0
34.78,76.7,6.19,996.7,0.0
25.77,58.4,3.76,987.1,2.15
37.84,98.4,4.47,1010.9,0.0
30.41,52.9,4.72,1006.6,0.0
29.46,73.1,3.56,996.8,0.0
18.47,83.3,4.23,1003.9,2.04
30.15,66.6,1.1,1011.5,0.0
21.76,64.6,1.45,1005.1,0.0
23.21,42.3,3.91,1006.4,0.0
21.88,92.4,1.3,1004.8,0.0
20.0,64.9,2.83,1003.3,0.3
43.94,77.7,1.22,1003.2,1.6
37.99,80.1,7.28,1003.0,0.0
42.4,56.7,0.9,1002.0,0.0
18.83,64.4,3.28,999.9,0.49
28.53,92.0,0.76,1005.0,2.22
18.3,47.9,0.62,1002.9,0.0
22.78,100.0,2.35,999.4,0.92
21.11,54.6,6.79,1014.1,0.0
37.3,46.8,3.43,1017.9,0.0
25.03,70.4,2.93,1008.0,1.54
36.01,100.0,0.7,1008.5,0.0
32.53,33.6,0.76,1002.5,4.47
45.0,65.5,4.39,1016.5,0.0
16.9,76.6,3.99,1021.9,0.76
37.44,68.6,7.32,1006.7,0.0
36.6,74.9,7.8,1003.8,0.0
20.7,55.1,14.15,1010.7,0.13
35.55,57.2,4.08,1009.0,1.95
30.52,65.3,8.8,1004.0,0.0
26.29,47.7,12.16,1011.8,5.23
21.82,67.2,3.1,1015.5,0.95
22.61,61.0,4.13,1001.7,0.0
43.37,59.5,1.69,1028.3,0.0
28.01,73.8,4.94,995.7,0.46
33.87,35.2,1.53,1001.2,5.53
22.07,63.9,2.12,1009.9,2.6
22.15,100.0,8.14,1026.0,99.8
36.11,48.5,2.31,1003.5,1.08
17.88,91.1,5.48,999.5,11.6
24.89,69.0,5.52,1012.4,0.0
28.26,57.1,0.55,1006.0,2.9
28.84,44.2,5.91,1013.3,14.56
26.66,70.5,2.52,1007.4,4.89
30.97,94.2,1.97,1001.1,1.66
33.2,61.0,3.81,1026.8,0.0
33.51,66.5,2.59,984.4,0.0
20.61,86.2,6.0,1022.6,2.82
25.87,74.1,5.08,1015.5,0.0
36.96,39.7,10.18,1002.0,12.96
34.71,69.8,3.53,1023.0,4.6
17.7,95.2,3.07,997.0,4.18
30.64,67.3,14.73,1016.1,0.0
13.16,30.0,6.49,991.3,1.35
28.35,75.0,3.02,998.8,0.0
42.23,64.4,10.28,998.8,0.0
20.89,35.1,4.42,1002.0,0.0
21.74,37.8,2.3,1008.1,5.87
33.73,85.6,1.9,1001.4,5.47
16.43,54.8,3.41,991.7,0.0
23.25,51.7,4.07,1011.7,0.0
32.47,67.4,3.54,1008.4,2.62
23.24,56.4,4.03,1011.3,0.0
26.23,69.8,6.02,1009.4,5.42
33.58,64.4,2.17,1015.6,0.0
31.16,46.4,0.93,1007.4,0.0
30.0,58.8,1.5,1016.1,0.0
25.46,76.0,5.01,1001.8,2.23
30.78,68.8,2.13,1002.3,3.08
27.07,66.5,3.83,1019.0,0.0
31.43,100.0,2.04,1018.8,0.41
24.27,81.2,2.28,1012.6,2.48
26.63,83.3,4.15,1000.9,0.21
20.58,65.0,5.19,1000.2,0.0
27.74,72.0,3.71,1018.6,0.16
21.92,60.2,4.8,1018.2,0.0
19.64,82.0,1.12,1007.5,0.41
29.94,66.0,3.03,1026.7,2.07
29.6,72.0,2.57,1011.7,0.94
33.87,70.9,5.3,999.1,0.0
24.77,67.7,2.0,1005.8,1.24
31.06,100.0,0.91,1008.0,7.81
32.13,56.0,0.89,1008.7,0.0
31.34,55.8,3.48,1018.0,0.0
21.81,80.5,4.45,1000.3,94.82
29.12,57.3,4.08,997.3,7.39
30.73,62.8,2.67,1012.8,10.59
28.05,48.4,2.44,1003.9,0.0
12.35,76.8,4.28,1027.4,0.46
29.2,77.1,1.68,1015.5,6.07
44.59,62.3,2.8,1003.8,1.44
25.3,80.9,3.51,1017.7,0.0
22.54,34.6,9.42,1013.8,3.73
30.8,55.3,0.61,1013.1,0.0
30.34,64.9,2.21,1007.0,8.05
36.95,46.9,2.88,1011.4,11.08
18.57,36.5,8.18,991.2,0.0
33.49,62.5,4.06,1018.5,0.96
32.43,80.5,6.51,980.5,0.0
26.93,91.1,0.63,1004.5,0.0
30.54,58.1,7.25,995.2,0.0
35.72,81.2,1.48,1004.0,0.0
34.54,79.5,4.58,1007.4,6.8
19.43,89.9,3.54,998.4,12.81
34.15,61.7,1.78,985.8,0.0
27.51,35.6,0.62,1009.7,0.0
28.55,69.3,6.36,1024.7,0.84
28.55,49.8,4.61,1005.2,3.57
26.87,55.0,5.51,1015.7,0.0
36.94,62.6,4.95,1020.0,4.83
27.37,61.9,0.76,992.8,0.0
19.6,70.5,2.31,1004.3,9.05
25.05,80.7,4.65,997.8,0.0
29.34,61.4,1.11,1001.5,0.0
37.22,75.1,3.21,1021.6,1.39
32.52,68.3,2.08,1009.8,6.73
21.62,84.8,6.59,1014.3,0.0
45.0,64.6,4.91,1007.6,0.0
29.99,66.6,2.76,998.3,0.0
37.57,61.3,2.85,1013.4,9.29
26.86,65.1,3.71,1018.0,0.0
32.0,53.9,7.83,1010.5,0.0
34.3,52.1,1.97,1011.9,0.0
37.14,82.0,1.77,998.1,3.01
35.93,48.5,2.83,1013.7,0.0
34.54,62.3,3.96,1018.8,8.15
25.64,86.3,0.5,1011.2,2.1
23.71,61.7,0.5,993.6,3.09
30.49,82.9,7.42,1021.1,4.58
35.0,57.4,5.18,1000.4,1.78
26.33,49.1,0.76,1011.1,0.0
35.99,39.3,3.74,1015.6,0.0
38.89,91.6,1.41,1016.6,0.0
21.13,47.5,3.18,993.6,14.2
21.72,81.4,2.55,1008.9,7.17
26.95,50.0,1.06,1008.4,1.49
30.31,91.7,4.94,1019.5,6.21
24.07,100.0,3.87,1011.7,5.07
38.14,37.6,15.0,1019.6,0.0
31.18,48.5,1.81,1012.3,0.0
28.3,81.9,8.81,1007.4,0.0
17.23,77.2,8.47,1009.6,4.22
18.13,82.0,2.02,1020.2,118.46
30.11,57.7,3.35,997.6,5.68
12.01,100.0,9.16,1015.2,1.13
35.59,70.1,2.07,1003.0,0.0
26.81,46.1,2.61,1001.3,0.0
45.0,63.4,9.23,1016.2,2.54
45.0,46.3,3.76,1000.9,2.43
26.64,96.6,3.37,1011.0,2.04
27.2,56.1,3.45,1004.1,0.0
35.47,76.9,3.31,989.1,0.0
40.77,59.5,1.36,1011.8,2.44
15.71,56.9,3.19,1009.0,0.51
14.6,33.6,6.88,992.7,8.6
23.33,78.8,2.18,1002.4,0.0
32.37,91.4,7.07,993.5,0.0
31.73,51.5,4.18,1013.9,0.0
36.02,40.2,1.89,1019.1,0.0
19.0,82.5,2.23,1014.8,12.5
10.63,38.4,8.84,1015.9,0.0
34.44,90.0,3.53,1003.9,0.0
21.79,51.7,2.82,1012.4,21.58
12.86,48.1,6.07,1007.9,1.2
29.09,72.5,0.5,1009.5,5.85
33.95,49.3,6.4,1015.7,8.58
27.08,55.3,6.47,1017.4,0.0
24.57,74.4,3.46,1004.9,0.0
26.8,30.0,3.9,996.7,3.39
25.22,97.6,2.07,1006.5,0.39
17.89,68.8,2.37,1006.2,0.0
22.64,44.7,5.1,1010.3,0.0
31.91,49.7,2.63,1014.7,0.0
30.41,85.8,4.14,992.7,0.0
29.26,78.8,2.85,1002.6,0.0
20.54,93.0,5.44,1000.3,0.0
26.64,55.7,1.06,1018.0,0.0
11.67,73.3,6.42,1006.3,0.0
29.34,75.7,3.52,1003.9,0.0
38.72,80.5,6.3,1012.3,0.0
16.94,88.3,1.3,1003.3,0.0
23.61,55.1,6.81,1007.9,5.58
30.47,65.9,1.37,1022.5,3.4
37.4,57.0,5.57,1022.3,0.0
24.64,67.1,4.56,1004.7,0.0
22.81,80.6,1.91,1006.5,0.0
13.23,38.2,6.19,1003.0,4.45
28.78,88.0,1.95,992.6,0.0
43.32,47.5,2.82,1016.3,0.0
30.08,62.5,1.69,1027.4,10.32
27.83,90.4,2.54,1004.5,0.0
30.42,73.9,3.63,1001.5,0.0
27.92,74.1,1.87,1005.8,0.0
21.9,46.7,3.32,1008.7,0.0
34.17,49.2,5.83,998.9,0.0
29.69,84.9,1.18,1004.3,8.51
28.13,57.4,1.82,1016.1,0.0
20.68,59.1,4.15,1009.0,0.0
37.78,85.4,0.94,1018.2,0.09
32.99,49.1,6.06,1010.9,0.0
23.85,72.8,8.95,999.3,6.44
35.51,68.8,3.18,1003.4,0.0
24.27,68.0,2.44,1010.0,8.72
22.13,58.7,3.31,999.0,0.0
22.3,57.6,2.8,998.0,0.0
14.72,48.6,7.01,998.5,0.0
31.54,76.7,2.94,1012.1,0.0
14.27,56.0,5.62,1005.1,0.0
18.79,85.4,3.36,1017.5,3.37
12.43,64.0,1.6,1000.8,0.06
27.35,48.9,6.68,988.3,1.96
26.87,63.7,6.33,1007.0,14.64
25.55,60.6,1.76,1021.2,0.0
20.18,86.2,2.81,1008.3,0.0
19.21,61.4,5.38,997.0,1.24
31.48,63.0,3.03,995.0,0.78
23.87,93.4,6.23,1017.6,0.0
30.37,77.1,2.63,1001.5,0.0
21.36,97.9,1.78,1020.3,2.16
29.36,90.7,7.12,1013.2,0.29
37.77,52.0,0.85,1001.8,0.0
32.4,85.8,5.94,1017.3,72.7
24.91,95.5,1.63,1000.6,0.0
29.93,95.6,4.56,996.4,0.0
26.2,85.8,10.14,1001.1,1.86
28.06,85.4,0.5,1014.1,6.6
25.56,62.6,1.87,1017.1,2.4
26.77,52.9,5.02,1004.8,3.53
29.59,61.7,1.87,993.1,0.0
20.55,38.0,5.75,995.5,1.04
20.38,92.2,6.65,999.5,0.0
17.59,62.9,1.74,997.6,1.85
16.0,91.2,8.54,1010.1,0.0
18.87,45.8,8.03,1023.5,0.59
29.2,87.5,1.47,1014.4,0.0
21.3,59.1,2.78,999.0,4.04
31.85,44.9,3.44,1002.4,0.0
28.26,97.3,3.14,1004.0,0.0
13.24,87.9,1.92,1011.1,0.0
32.91,71.8,1.63,1020.6,0.0
34.08,68.6,3.43,1004.3,0.0
20.55,75.9,6.44,1020.3,0.0
31.15,71.5,2.67,1024.8,0.0
21.58,53.7,5.51,1005.2,0.0
28.73,60.6,5.73,1005.0,5.32
18.52,100.0,2.14,1005.1,6.49
14.55,100.0,1.71,1008.5,0.0
25.13,96.1,0.97,1005.1,0.0
27.07,76.6,4.0,1015.1,1.0
25.02,61.9,6.54,995.6,0.0
19.12,53.6,4.84,1003.7,0.0
25.0,54.8,6.82,1010.6,0.0
30.02,58.0,2.99,1015.0,0.0
27.66,100.0,0.71,1025.6,0.0
29.37,100.0,1.37,997.7,5.07
22.97,81.4,1.22,1002.8,0.0
36.79,50.7,5.29,989.9,0.0
19.18,84.1,4.01,999.1,1.01
31.66,63.7,2.18,993.8,1.74
36.86,30.0,1.0,1003.8,0.0
31.61,73.2,2.31,1006.2,3.24
26.48,52.8,4.41,1011.8,3.41
24.04,53.5,2.49,1005.6,0.0
35.77,63.5,2.51,1011.8,0.57
17.33,59.0,4.17,1008.9,0.0
20.72,67.4,2.55,999.7,0.96
25.02,66.5,9.56,994.5,0.0
37.28,34.2,6.47,1012.7,14.69
30.85,95.4,1.24,1021.2,0.0
20.74,50.3,7.8,1028.3,0.0
25.67,50.9,2.94,1015.5,0.86
23.39,62.1,4.88,1019.7,2.94
22.68,66.0,8.98,1011.7,0.0
35.34,94.3,0.5,1010.4,0.0
17.71,72.8,6.12,1008.9,0.0
40.07,78.2,7.11,1007.2,17.95
34.21,72.9,7.32,1012.9,0.11
36.18,72.2,5.55,1003.8,0.0
24.53,73.6,1.36,1006.8,0.0
26.88,33.2,2.54,998.6,3.65
17.25,63.5,3.99,1011.8,0.0
24.07,88.9,0.99,1000.3,134.14
31.7,100.0,3.46,1008.3,0.0
37.72,46.3,6.91,1012.0,0.0
19.7,75.6,2.96,1012.7,0.0
25.26,57.7,6.95,1014.2,0.29
26.87,100.0,3.02,1006.3,0.0
17.53,43.6,4.03,1011.9,0.0
32.44,79.2,3.69,1004.1,111.05
22.57,42.7,1.25,992.2,1.74
26.53,62.3,2.03,1012.2,3.8
24.61,67.4,4.65,1010.4,2.92
22.08,87.3,6.58,1016.1,0.0
27.95,48.6,1.6,1007.8,0.0
26.38,79.9,5.86,995.2,4.23
25.21,68.3,3.81,1007.3,1.24
22.54,72.9,3.13,1015.1,4.04
30.4,85.2,1.62,1011.8,0.0
40.4,44.9,3.58,1006.8,0.2
29.05,82.6,4.57,994.7,0.0
35.47,57.8,6.71,999.8,0.17
17.57,87.7,1.11,1011.8,0.0
29.18,74.0,4.0,994.7,3.63
19.77,64.2,4.75,1005.5,0.0
16.92,57.4,4.8,1008.3,0.0
22.45,82.8,3.67,1017.2,0.0
36.94,90.7,2.79,1012.9,6.73
35.13,58.4,0.5,1015.7,0.0
29.82,47.6,7.28,1010.4,0.0
16.5,80.5,0.57,1001.2,113.88
26.53,41.9,2.67,1003.1,1.92
30.26,44.5,4.4,1000.5,3.73
29.32,48.9,5.49,1012.7,0.0
14.17,60.5,14.88,1002.4,0.0
21.32,43.9,5.99,1004.8,0.0
27.52,33.1,9.73,1008.2,1.35
32.02,47.6,4.83,1021.1,0.0
11.53,79.6,2.35,1013.3,2.74
26.78,45.1,5.54,1001.8,0.38
29.07,61.9,2.56,1009.2,0.0
34.37,100.0,2.84,1021.2,0.46
33.2,67.1,4.97,1012.9,5.7
32.37,74.2,3.04,995.2,0.0
22.0,51.0,7.83,1000.7,5.69
13.69,100.0,5.82,1000.1,139.92
25.05,58.3,2.75,1019.5,0.0
35.51,63.9,4.01,1018.1,2.26
38.45,91.7,1.72,1003.0,1.43
33.33,64.7,1.88,1002.8,0.0
31.22,68.9,6.68,1008.4,2.2
30.85,62.9,3.49,1008.6,0.0
23.83,63.1,1.67,1000.3,0.0
27.02,74.7,4.69,1006.0,0.0
40.52,78.0,1.16,996.4,0.0
20.93,56.4,1.51,1018.2,5.48
40.11,54.2,2.62,993.9,2.08
25.58,57.0,4.07,993.8,0.0
37.94,42.8,2.49,1011.5,3.91
17.45,39.4,2.78,998.1,0.0
32.39,73.3,3.65,1004.0,0.0
22.47,84.9,4.9,1008.5,0.0
17.39,83.7,8.55,1013.4,0.0
29.64,30.0,0.62,1006.2,7.09
35.57,63.6,2.81,1022.2,2.08
21.66,48.2,2.13,1008.0,7.66
16.76,70.6,7.61,1017.5,0.0
27.31,60.5,5.06,1010.2,2.39
27.34,78.7,8.11,1025.0,0.0
32.11,67.7,7.47,1016.5,1.3
35.12,33.9,2.19,1008.3,0.0
27.55,50.6,10.27,1013.0,0.57
41.92,68.1,3.84,1005.9,8.72
29.68,69.6,3.23,1005.8,0.0
25.4,42.7,0.73,997.6,0.0
15.91,40.3,4.71,1001.5,0.0
26.03,69.0,3.33,1024.5,0.0
25.48,42.7,5.86,998.4,0.0
35.2,38.0,1.4,1002.8,3.1
31.47,60.0,2.47,1007.3,0.0
19.15,59.2,2.14,1007.5,0.0
29.29,52.2,9.54,1011.1,1.63
33.04,55.3,3.03,1004.2,1.65
39.46,68.2,1.4,1011.6,0.0
34.66,55.0,0.5,1017.1,0.0
33.71,69.3,4.95,1018.1,0.0
28.45,61.2,5.37,1005.9,0.0
30.91,71.0,1.55,1012.9,5.58
37.37,83.8,3.22,998.8,0.0
18.0,83.1,7.5,1002.2,1.7
25.38,91.2,3.78,998.6,68.35
22.21,83.1,3.78,1007.6,2.09
30.84,72.3,2.11,1001.1,0.0
37.23,60.2,4.72,995.8,0.0
23.52,61.0,4.96,1004.9,0.0
10.07,52.2,2.03,994.2,4.96
24.91,68.1,2.59,1018.6,2.99
34.85,80.6,5.46,1003.5,4.07
32.03,54.9,3.69,1015.9,0.0
31.21,67.3,3.8,1004.1,9.92
25.9,55.8,1.6,998.4,0.04
18.41,71.8,2.82,1017.4,6.73
31.86,58.1,2.63,1008.7,0.0
21.74,54.7,6.55,1023.1,0.59
44.38,55.8,1.82,1004.3,8.38
32.28,77.1,4.25,1004.4,9.91
23.65,66.3,7.95,1016.0,1.76
23.41,60.3,4.11,1016.1,0.0
27.3,72.7,4.38,1009.2,0.0
26.2,60.5,3.9,1030.0,6.55
36.38,88.3,3.72,1005.8,0.82
29.4,50.5,4.53,997.8,0.0
22.51,64.6,1.59,1000.0,0.0
42.18,42.7,3.65,1005.8,2.07
28.37,61.8,2.22,1020.2,0.0
33.77,37.8,2.75,1006.5,1.45
23.44,81.4,7.42,1020.5,0.0
30.72,81.8,2.63,1011.5,0.0
30.33,82.1,1.68,1016.7,0.0
13.83,68.5,5.78,1011.1,2.69
43.11,52.2,7.98,1011.0,0.0
37.68,53.6,3.86,1014.0,0.0
25.02,95.5,8.11,1003.5,2.11
19.73,93.8,3.14,1003.6,4.56
30.61,70.2,5.18,1010.8,1.01
28.65,58.7,3.57,1023.5,0.0
30.67,92.6,2.9,995.7,0.0
29.44,55.5,3.01,991.8,0.0
31.8,72.1,4.59,1005.9,0.0
38.85,92.3,6.81,1016.2,0.0
32.26,52.9,6.4,1008.4,0.53
20.13,82.9,1.83,998.6,0.0
38.22,77.4,4.06,1008.6,0.0
40.3,67.3,1.55,994.1,0.27
45.0,50.1,3.44,1013.0,0.0
19.57,55.0,7.58,1005.5,6.31
29.82,73.2,9.49,1007.3,0.01
12.38,42.4,4.03,1011.4,0.0
32.15,70.4,0.58,1009.6,0.0
23.89,77.7,2.69,1003.7,0.0
42.43,85.7,2.88,1016.3,0.57
22.19,42.8,1.73,1014.4,0.0
15.33,91.7,5.92,993.8,0.0
24.47,98.5,4.13,1006.2,2.25
13.18,75.4,5.6,999.4,0.0
33.63,49.3,6.78,997.9,7.08
12.51,62.1,1.54,1012.3,0.54
28.21,67.1,9.81,1004.6,14.42
12.42,72.9,2.79,1006.9,0.0
25.6,68.4,4.49,1002.6,0.78
40.33,73.1,4.52,1011.0,2.24
30.7,66.4,2.47,1013.4,0.67
21.52,72.8,1.5,1025.4,1.0
27.77,59.7,6.36,1006.6,0.0
28.14,61.9,0.77,996.4,0.0
31.54,57.6,2.29,1004.0,0.16
17.75,100.0,4.55,1014.8,2.26
32.44,94.4,6.41,1001.8,3.05
10.0,78.0,4.32,996.1,0.0
23.28,91.9,5.51,1002.0,7.65
24.34,82.4,1.45,1003.7,0.0
32.75,71.3,1.54,999.3,1.81
28.17,40.9,2.11,1009.7,0.0
17.46,63.3,2.68,1007.4,0.0
20.61,62.0,5.07,1014.3,0.0
29.49,47.6,0.9,1004.4,0.0
27.41,41.2,2.83,1012.5,0.41
23.66,76.9,3.36,1004.1,0.0
24.39,73.8,3.89,999.0,0.0
33.22,47.0,4.13,1003.7,0.0
24.12,54.6,2.43,995.1,0.0
27.34,88.9,5.52,1022.3,6.4
44.27,52.2,2.55,1009.1,2.77
17.32,71.1,2.32,1001.6,0.0
14.11,64.6,3.96,1005.0,0.0
33.88,77.1,2.1,988.4,1.52
22.91,52.6,9.83,1019.5,0.0
25.61,69.6,4.09,1018.7,0.0
22.14,71.0,2.64,1008.9,1.21
26.05,72.1,5.41,1010.6,0.45
39.99,69.4,2.83,997.9,0.0
34.02,74.2,4.78,998.4,0.0
34.47,100.0,7.09,994.4,3.47
17.38,100.0,3.02,1006.7,0.0
19.37,56.5,4.14,1016.5,17.2
10.0,30.0,0.84,1004.9,0.0
21.93,78.7,4.21,1010.8,1.75
35.18,71.4,5.08,1015.8,0.0
31.88,87.1,6.0,995.0,0.0
26.34,73.1,8.11,1022.8,1.1
27.83,69.1,1.42,1017.3,0.0
22.83,88.3,2.57,1012.1,0.0
29.54,90.8,8.09,1015.4,0.0
33.74,43.0,0.65,1015.8,0.0
15.88,53.3,0.54,1010.3,0.0
30.25,66.1,1.79,1019.4,0.0
34.99,69.8,1.79,1004.4,0.0
24.89,63.9,7.28,1011.7,1.21
33.26,75.8,10.34,1018.6,88.06
45.0,85.9,0.5,986.5,0.0
27.22,99.0,1.0,1011.5,0.39
30.95,78.4,4.04,1013.8,0.0
22.46,52.7,3.44,994.3,0.72
29.36,65.3,4.15,1010.3,0.0
31.45,66.6,3.46,1001.7,13.85
29.46,77.3,1.08,1011.2,2.53
20.35,75.0,1.44,1007.2,0.0
29.55,100.0,2.32,1000.4,0.0
38.97,59.7,4.61,1016.9,0.0
31.36,74.9,3.89,1004.7,131.15
35.21,100.0,4.49,1010.2,0.0
26.22,57.5,3.27,1018.5,4.23
33.62,70.6,8.56,1000.7,0.37
30.09,51.0,4.18,1008.1,0.0
20.87,69.5,5.64,1004.0,0.11
30.39,54.0,6.09,1005.8,0.64
20.56,86.8,3.79,1025.2,1.24
23.25,70.7,6.75,1011.7,0.0
29.42,51.2,4.69,1010.5,0.0
30.23,83.1,2.13,1012.2,0.0
19.08,71.2,2.49,1011.4,0.0
35.9,85.2,3.59,993.4,0.0
32.29,47.3,1.65,1026.4,3.09
22.71,74.6,4.5,996.3,0.0
16.47,81.9,5.9,1021.9,0.0
26.91,60.4,9.4,1012.9,4.96
24.66,45.3,5.75,1009.4,0.0
28.85,67.3,5.25,1005.6,0.0
25.28,90.1,4.97,1028.8,1.92
12.94,88.3,2.87,1012.8,0.07
25.09,60.3,2.86,1008.1,0.0
25.71,44.9,5.06,1003.7,0.0
32.75,60.2,1.8,1002.8,0.0
22.76,59.6,2.92,1008.4,7.69
40.59,76.0,6.74,1000.6,85.31
13.66,66.1,2.01,1013.4,0.0
37.83,54.4,2.37,1002.8,0.0
26.32,87.9,2.6,1016.0,0.13
34.45,70.5,8.71,1015.9,0.0
28.6,75.8,1.57,1007.6,0.0
36.55,37.0,2.56,1012.6,0.16
25.09,30.0,1.74,1013.0,0.0
19.76,42.1,1.81,996.3,0.0
38.65,59.4,7.21,1021.9,0.0
27.15,78.4,2.35,1006.0,0.0
29.66,30.0,3.76,1013.6,0.0
37.26,96.7,3.97,1013.8,0.0
20.26,71.1,2.62,988.1,1.98
32.47,92.5,4.68,1002.7,11.86
23.58,52.1,2.62,1014.7,0.0
27.01,77.1,1.83,1008.5,0.73
28.54,69.5,3.21,1013.5,2.7
16.75,82.7,7.74,1008.7,13.31
22.16,63.8,2.34,1017.8,4.7
38.13,76.5,2.99,1008.9,6.01
34.65,87.8,2.49,1019.4,4.62
27.53,56.3,3.49,1000.2,0.0
29.82,72.4,3.19,1007.0,1.22
25.79,34.0,1.98,1003.3,2.72
38.17,80.6,4.9,1011.1,0.22
26.5,100.0,2.64,1005.8,143.94
29.74,45.6,3.18,1006.2,0.0
36.6,66.4,2.07,1002.4,0.0
22.17,83.8,5.77,1004.3,0.36
39.69,68.6,3.96,1007.9,0.0
16.52,71.0,1.74,991.8,0.0
40.22,61.0,0.5,989.6,0.0
25.2,60.3,1.56,1008.5,0.53
26.18,66.4,2.99,985.8,0.0
13.82,68.8,1.6,1006.5,0.0
24.59,46.7,3.04,1005.0,0.0
20.2,66.8,1.15,1012.3,0.48
23.44,96.2,4.35,1002.6,0.0
26.97,60.5,3.62,1020.6,1.35
35.18,45.7,1.84,1014.8,0.0
29.56,65.3,4.57,995.9,0.0
30.31,55.1,7.79,1005.7,0.0
19.78,43.9,1.79,1020.2,0.0
21.39,70.5,2.56,1002.4,2.79
41.49,55.2,4.51,1007.6,0.64
22.49,56.8,1.83,1019.2,0.0
40.42,70.8,6.25,1003.7,4.74
26.18,40.4,6.31,1017.0,0.0
28.02,36.7,1.15,1000.7,4.14
36.03,80.1,2.46,984.9,0.0
37.54,33.2,10.58,1017.8,4.9
27.17,50.4,2.15,1011.5,0.0
25.09,35.6,2.68,1012.0,0.0
27.58,59.2,1.74,999.3,0.0
30.53,75.7,3.71,999.9,2.22
34.68,70.0,2.19,1017.2,10.32
28.03,100.0,3.83,1009.9,0.0
32.64,87.6,2.37,1007.1,9.74
40.29,51.2,0.5,1009.8,0.0
30.86,46.5,0.62,1020.1,0.0
30.34,100.0,6.08,1013.8,4.07
16.61,87.1,7.84,1004.2,0.0
10.0,78.6,2.02,996.8,0.0
30.91,69.3,7.32,1012.7,0.0
27.29,72.9,1.57,1000.6,0.08
24.14,41.3,0.72,998.5,2.35
29.83,70.8,2.63,1018.5,3.49
27.55,69.3,5.31,1015.0,0.0
36.46,51.7,6.2,1011.1,0.47
28.65,58.3,1.56,998.1,4.17
22.4,95.3,3.7,1022.3,0.0
35.43,65.7,7.29,1016.2,0.0
26.37,100.0,3.44,1005.6,3.03
31.95,36.7,1.83,1003.9,1.93
24.42,58.6,0.5,1008.6,0.0
23.13,40.1,7.94,1004.2,0.0
28.63,46.2,6.61,1025.7,3.03
28.1,53.1,1.9,1004.9,0.0
31.6,73.7,11.56,999.5,0.0
25.99,72.8,3.18,1020.7,2.2
14.23,55.8,5.4,1003.4,0.91
24.75,30.0,3.22,1014.3,0.0
33.95,94.6,0.58,1013.4,0.0
25.77,62.9,8.72,1007.5,0.0
26.15,47.9,7.13,1000.2,0.0
35.4,72.9,3.38,1007.6,0.0
22.66,71.7,0.5,998.6,0.0
16.43,62.2,4.8,1007.8,0.01
26.8,70.7,0.5,1014.2,0.0
24.37,47.2,1.78,1021.7,0.0
20.75,81.7,2.97,999.3,0.17
26.68,50.1,9.04,1006.0,7.96
31.69,57.1,5.68,1003.8,0.0
27.93,79.7,1.75,1010.2,0.0
30.3,89.7,6.82,995.8,0.0
41.6,96.5,0.66,1000.6,0.0
25.43,87.0,2.64,994.5,0.0
30.09,62.2,2.9,996.5,0.0
24.18,40.3,4.04,1002.7,0.0
21.65,93.3,0.7,1021.4,0.0
23.61,92.7,1.89,1010.8,0.0
24.41,55.9,5.94,1008.5,6.61
30.7,84.6,10.37,1018.8,1.54
45.0,62.0,2.56,1011.1,2.62
22.63,95.0,1.55,1011.8,0.0
24.88,58.7,2.02,1004.2,0.0
27.53,100.0,2.38,1002.9,1.83
30.97,82.2,1.26,997.5,0.0
29.98,100.0,5.17,1003.2,0.0
37.63,59.7,5.05,1005.8,6.26
10.0,75.3,4.48,1010.8,0.0
10.1,50.6,3.64,1007.7,0.0
24.28,83.2,6.21,1005.1,1.36
36.23,84.2,5.19,1000.7,0.0
16.26,100.0,11.18,1011.2,4.45
10.0,76.7,4.36,1004.0,0.04
32.28,81.0,3.67,1010.8,0.4
29.83,59.5,2.74,992.7,0.0
19.82,77.7,3.92,1010.7,0.0
20.61,61.2,1.06,1014.0,7.3
20.73,70.1,2.45,1013.0,0.0
28.83,71.1,2.7,1006.4,0.0
23.3,61.7,1.75,1015.3,2.74
31.71,69.1,0.89,997.8,0.0
10.0,61.2,2.37,1007.3,0.49
21.57,61.2,1.86,1006.5,0.02
19.55,87.4,2.18,1016.3,0.0
26.08,71.2,3.59,991.8,0.0
23.96,74.2,15.0,999.5,0.0
33.98,41.8,3.17,1022.0,5.5
14.05,75.6,0.97,988.6,1.39
28.34,77.5,3.57,1014.5,1.54
32.19,60.8,2.66,1002.4,0.0
41.92,100.0,1.94,1010.0,9.7
24.39,30.0,1.37,1019.3,0.0
30.43,82.1,6.53,1010.3,0.0
14.47,80.8,2.98,1019.5,0.0
10.06,77.7,3.63,1004.1,0.0
34.34,71.2,2.62,1005.1,5.68
27.96,77.9,8.33,1014.3,0.0
36.84,83.6,3.41,1004.5,0.0
17.7,54.9,3.24,1012.8,3.24
31.9,73.4,6.83,1017.5,0.0
42.02,64.7,5.71,1014.9,0.0
31.15,48.3,2.72,995.4,0.0
30.07,80.9,2.41,1005.3,0.0
28.06,57.8,6.6,1010.3,0.0
16.22,41.0,2.32,1006.0,0.0
38.17,58.3,3.11,1008.6,0.0
23.42,53.6,2.4,1010.4,4.21
31.78,86.5,1.51,1003.8,0.28
16.28,70.8,9.87,1006.5,0.55
19.15,92.9,2.36,998.6,5.5
38.76,56.0,9.93,1004.2,1.87
25.4,83.7,2.91,995.8,0.0
38.9,100.0,4.04,1008.9,0.0
27.41,74.4,7.27,1006.5,0.0
14.19,83.5,0.85,1000.7,0.0
34.69,80.5,5.86,1022.3,3.77
23.58,42.4,3.52,1006.0,0.95
33.24,78.5,3.06,1010.3,0.0
28.19,73.5,2.83,1002.9,6.03
16.43,63.3,2.71,1004.7,1.12
29.23,52.1,5.54,1010.6,0.0
44.47,80.5,0.76,1005.3,0.0
31.7,50.5,1.42,1008.0,0.0
27.57,100.0,3.63,1014.5,0.0
36.07,70.1,3.49,1003.9,0.0
29.58,46.0,6.63,997.3,0.0
29.57,58.7,3.24,995.8,2.5
19.81,63.0,0.82,1019.5,1.13
29.75,100.0,0.7,1015.4,3.29
35.77,52.1,2.4,1013.2,1.53
21.73,65.9,7.2,1004.5,2.14
38.68,58.3,4.19,997.3,1.66
27.31,77.0,7.68,1005.7,5.37
21.34,58.6,3.55,1007.3,0.0
35.48,47.5,1.52,998.9,0.0
25.85,64.5,3.54,996.2,0.0
33.7,62.6,9.31,994.2,7.75
25.81,57.3,2.02,1013.3,0.0
27.55,58.3,2.48,998.4,0.0
31.7,89.3,15.0,1010.5,0.0
30.18,62.2,3.27,1004.8,0.0
13.03,47.6,2.04,1012.7,0.35
19.59,59.7,6.42,1010.7,0.0
34.97,69.0,1.21,1006.1,4.03
27.01,43.9,1.93,1009.0,0.0
24.07,97.3,5.23,1007.1,1.96
17.81,83.6,1.74,1003.1,3.78
19.9,93.7,5.97,1015.8,0.0
12.84,75.1,2.27,1004.6,0.79
27.24,30.3,6.06,1007.3,7.29
23.51,95.6,7.13,996.7,4.25
20.75,52.5,2.89,1010.2,0.0
27.49,53.9,4.39,1003.1,2.26
30.73,70.8,1.73,1004.2,0.0
43.7,92.8,7.1,1001.3,0.0
16.66,87.0,6.8,1007.0,4.2
36.7,84.3,5.28,991.9,14.19
35.3,62.4,6.59,1013.5,3.13
22.16,62.1,6.76,1007.7,0.0
29.52,74.2,3.05,1004.3,5.53
24.57,65.7,0.74,995.6,0.08
29.39,84.0,0.5,1011.5,85.89
39.32,82.9,1.57,1002.9,6.54
32.54,78.6,4.68,1018.4,0.0
31.81,30.0,3.98,1011.9,14.19
24.77,70.3,8.46,1020.3,1.83
16.87,66.0,5.54,1009.1,0.0
26.44,71.0,3.32,1016.6,0.0
37.05,54.4,6.68,1011.7,0.0
16.55,44.2,9.25,1004.4,0.0
20.09,76.3,1.2,1009.5,6.89
28.95,61.6,3.55,1001.3,0.0
20.62,78.3,3.88,1024.6,0.0
22.06,55.9,3.92,1007.2,1.55
24.82,93.5,11.46,1008.2,3.54
17.76,86.0,9.73,1011.1,0.0
20.69,73.3,11.36,999.3,1.99
33.28,64.2,1.26,1018.6,2.45
18.19,83.3,2.73,999.8,2.17
16.02,75.1,2.51,998.0,0.0
23.27,72.3,8.44,1006.7,1.65
33.49,86.8,5.52,997.8,0.0
26.52,93.7,7.23,1020.5,0.0
24.52,45.5,2.79,1006.2,0.0
28.33,49.1,1.99,982.2,0.0
14.91,54.0,1.58,1009.6,1.53
31.71,41.0,6.85,1012.4,0.0
30.88,66.9,2.37,1004.6,0.0
24.93,78.8,0.61,997.2,1.1
35.54,67.6,1.95,1007.2,0.0
19.54,58.4,4.16,1004.1,8.54
36.46,88.3,10.71,1000.2,0.0
29.16,70.5,4.79,999.5,0.0
25.48,74.2,2.0,1009.2,0.0
27.85,88.8,2.24,1015.2,0.0
27.2,65.8,3.37,1011.7,7.05
37.15,100.0,9.12,994.2,0.0
19.92,59.9,6.66,1012.9,1.12
22.28,100.0,6.45,1014.2,6.9
35.77,50.5,1.15,1019.1,0.0
23.53,77.3,0.84,1000.4,0.0
34.75,56.4,3.32,1007.5,0.0
40.75,88.2,7.0,1012.5,0.0
24.99,59.4,7.86,1003.8,0.81
33.11,73.2,0.85,1012.4,0.0
19.35,56.3,0.63,1007.8,0.0
33.66,84.9,1.94,1001.2,0.82
29.5,56.2,5.31,1001.9,3.94
31.55,98.3,4.83,1018.0,7.14
23.16,50.1,1.66,1000.0,0.0
15.54,43.8,1.93,998.7,0.21
31.77,85.1,0.59,1010.8,8.98
12.52,57.4,2.42,1007.8,0.61
25.62,67.9,2.52,997.5,4.55
35.06,62.2,1.46,1003.8,0.0
29.44,44.4,3.93,1001.5,0.0
42.61,66.6,5.13,1002.9,2.91
35.69,90.8,11.02,1028.2,0.35
23.1,86.1,3.91,1005.6,0.0
28.2,72.2,4.6,1000.9,0.0
27.64,88.0,2.16,1024.2,8.43
16.13,48.9,2.06,1015.1,1.0
20.95,62.1,2.53,1013.8,1.74
23.79,75.1,3.02,1001.3,0.0
12.73,65.7,3.38,1017.5,0.0
28.36,63.6,6.69,1014.5,4.16
26.13,46.4,1.97,1009.2,0.45
15.45,30.5,2.42,994.3,1.52
31.03,82.7,4.64,1007.8,72.06
33.37,72.4,1.52,1021.8,15.03
29.7,84.2,4.46,1009.8,0.0
25.57,60.1,5.08,1005.0,1.26
32.44,55.2,1.27,1006.2,1.15
33.1,68.1,0.85,1006.7,0.0
30.31,83.4,1.25,1001.6,0.0
21.82,63.8,5.46,1007.7,3.62
30.07,82.4,3.46,1019.5,6.6
36.97,49.9,3.49,1018.6,0.0
23.53,65.1,6.11,1002.0,0.0
43.73,66.7,4.39,1018.2,5.52
24.06,90.1,5.59,1014.1,8.82
28.24,71.7,1.03,1013.1,5.34
22.96,99.4,6.69,1011.5,0.0
29.67,43.7,2.37,1000.6,2.55
14.93,70.3,7.86,1004.8,0.0
23.9,71.2,1.29,1014.7,3.01
19.81,79.2,2.06,998.3,1.83
29.02,53.4,7.87,999.7,0.0
35.46,98.3,6.75,1010.4,3.72
32.85,68.2,4.87,1001.7,0.0
10.21,48.4,6.5,1014.6,0.0
43.32,67.7,0.68,1002.0,0.0
30.21,62.4,2.23,1010.0,1.06
22.18,100.0,4.43,1010.6,68.47
29.18,86.9,6.87,1004.1,0.19
29.32,68.9,3.99,1006.1,3.28
23.0,66.0,5.03,1002.6,9.51
29.48,85.1,2.09,1007.9,0.0
23.44,86.0,8.27,1000.3,16.19
24.97,30.0,7.29,1006.2,0.0
22.85,79.6,1.75,1014.0,6.74
17.25,68.5,10.29,998.9,0.0
29.09,44.4,4.13,1004.1,0.84
32.39,83.8,2.72,1012.1,0.0
31.86,100.0,1.43,991.4,0.0
34.15,78.0,0.5,1022.8,3.1
30.43,87.8,4.92,1016.4,0.0
24.0,100.0,4.43,995.7,0.0
34.3,53.1,3.72,991.2,2.35
17.82,34.6,7.13,1008.2,0.0
21.24,79.8,11.67,999.0,51.75
20.77,63.5,3.36,1015.7,0.0
36.1,43.3,6.08,1011.2,5.59
35.07,66.6,5.45,1009.0,5.16
31.65,81.1,0.9,1003.4,0.0
36.04,65.3,0.5,1020.8,1.0
21.41,53.8,3.34,1014.0,0.0
30.61,64.0,3.56,1012.8,5.34
27.06,67.6,1.83,1017.6,2.87
34.35,33.3,5.68,999.8,0.0
27.14,65.4,3.25,1018.3,6.69
25.11,43.8,6.06,1005.9,0.5
32.06,79.9,2.76,1010.7,0.0
34.57,39.9,2.09,1006.7,0.0
22.99,86.2,2.61,993.0,1.53
27.54,60.6,3.05,1015.7,0.0
20.06,58.2,6.74,993.4,0.0
10.0,73.3,4.19,1000.3,8.04
29.5,52.4,1.02,1004.4,2.66
32.57,73.0,3.84,992.4,0.0
29.97,54.8,8.02,999.2,3.91
13.38,58.0,3.54,1010.0,4.82
25.37,75.3,1.27,1005.2,133.62
11.36,47.5,2.91,1005.9,0.0
38.27,45.2,3.86,1000.7,0.56
19.85,72.5,1.33,1008.4,0.0
37.42,67.5,2.62,1005.4,4.07
35.09,71.0,4.74,994.9,2.39
21.25,73.9,1.02,1006.4,128.78
19.5,69.0,3.49,998.1,0.0
30.63,78.9,3.81,1015.2,0.0
21.67,69.8,5.13,1004.9,0.0
28.77,31.9,3.29,1028.2,4.46
24.38,36.5,1.58,1015.7,0.0
14.64,100.0,6.1,1007.0,0.0
11.27,68.0,6.1,1012.6,4.92
29.7,85.1,4.78,991.3,1.2
23.79,61.8,4.33,1015.7,0.45
23.85,67.0,3.13,1001.4,0.0
33.22,59.8,0.79,1008.7,0.0
36.8,100.0,3.4,1002.2,0.0
25.96,72.6,9.75,1003.0,0.36
25.45,58.4,5.86,1006.6,0.0
31.75,38.3,3.09,1008.6,0.0
17.82,100.0,6.39,1007.8,0.0
29.67,65.1,1.11,1008.0,0.0
32.14,81.4,6.24,995.0,5.81
33.1,83.4,6.56,1026.7,0.0
13.47,59.7,4.8,1009.9,0.0
22.29,80.1,2.56,1011.5,0.02
21.41,57.1,3.36,1005.3,0.0
28.75,50.2,8.86,1001.0,0.0
31.61,89.0,2.95,1009.2,1.34
39.23,65.2,2.54,1010.3,1.12
24.29,77.3,3.49,1018.4,9.39
24.27,75.4,1.19,1024.6,7.34
36.62,79.5,2.33,1019.8,2.12
30.22,40.0,0.57,993.9,0.0
37.51,57.5,4.7,1004.3,0.0
30.17,62.2,6.21,1010.7,0.0
19.32,53.0,1.66,1004.8,0.0
18.0,75.7,2.41,1007.6,5.2
16.36,89.4,9.2,990.8,3.96
32.97,92.2,2.43,1015.3,0.6
36.91,61.9,8.05,993.0,2.33
41.87,73.3,1.24,995.4,5.55
34.32,76.0,4.25,999.9,5.12
36.72,79.2,4.13,1007.2,12.42
23.65,52.2,4.02,995.0,2.18
19.33,100.0,3.16,999.5,0.0
34.38,84.7,1.33,1017.2,0.03
31.13,85.1,2.06,1007.1,3.6
28.81,89.7,3.18,1011.5,1.14
30.91,77.6,3.58,998.1,0.59
30.42,49.5,3.66,1007.6,4.69
37.63,65.5,4.86,1006.9,0.0
37.71,38.3,2.52,1001.6,0.0
32.08,75.5,1.92,1007.6,0.0
34.34,65.0,1.45,992.9,0.0
31.86,67.3,10.07,1011.5,0.0
24.54,89.7,5.28,1004.8,3.4
33.67,59.8,3.44,1005.9,19.39
17.54,63.5,1.55,1014.8,0.47
35.9,68.4,0.9,1011.5,0.0
19.04,34.9,2.56,1005.5,0.0
30.14,63.2,3.23,999.1,18.42
21.66,30.0,0.81,1018.6,2.86
32.15,57.5,6.1,997.3,0.0
27.75,83.4,2.46,1013.0,0.0
16.04,76.1,12.39,995.2,54.57
31.16,57.3,5.55,1015.3,2.61
23.67,68.7,0.5,1016.1,11.78
34.61,48.7,0.63,992.7,0.0
28.01,68.0,1.6,1011.6,1.48
30.97,100.0,6.85,1010.9,3.45
20.82,100.0,2.59,1013.6,0.0
23.58,68.9,7.72,1010.9,0.0
24.56,70.9,2.16,1000.3,0.0
34.43,50.4,3.09,1006.3,0.0
40.58,53.6,1.73,1021.3,1.29
21.96,74.5,5.3,999.1,1.28
36.08,58.6,1.62,1010.6,0.0
11.73,84.3,6.26,1017.2,1.36
19.04,96.3,4.18,1000.1,0.0
20.81,74.0,4.17,996.7,0.0
17.86,69.8,9.9,997.9,0.0
16.12,37.7,1.35,1011.2,0.0
31.1,81.5,2.17,997.8,0.0
26.39,47.4,2.55,1006.9,8.82
30.85,60.5,1.01,1019.0,0.0
33.18,85.3,1.26,1007.6,0.02
29.99,86.5,1.26,1001.8,4.63
32.93,59.6,2.29,1009.0,22.21
27.48,60.6,1.95,1007.5,0.0
19.1,55.4,4.31,1011.6,3.31
35.93,46.4,0.96,1021.0,1.78
23.58,56.6,0.96,1011.2,2.91
20.98,39.0,1.0,1024.3,0.0
26.67,80.3,5.47,1011.6,4.9
21.15,75.1,2.98,1001.9,0.34
24.87,78.1,5.37,1026.3,66.62
30.58,50.8,1.21,1007.0,0.0
30.61,46.5,5.45,999.6,1.35
21.27,69.0,15.0,1026.6,0.0
24.34,69.2,8.55,1002.1,0.75
36.06,65.3,9.6,1001.8,5.23
31.72,62.8,3.82,1003.6,12.86
43.56,98.8,1.06,1009.3,1.38
36.85,75.7,0.6,1015.4,8.73
36.58,100.0,5.83,986.8,0.0
17.59,90.8,4.1,1015.4,2.83
33.73,98.7,6.39,1003.6,0.0
27.6,48.7,2.1,1004.7,1.07
23.87,78.7,6.62,1021.7,0.19
29.26,60.2,2.48,1009.7,0.0
35.09,38.1,5.03,1011.6,19.03
31.76,94.9,8.19,1007.6,5.07
21.41,62.7,2.53,1014.1,0.0
33.57,49.0,3.6,1020.9,4.0
23.22,60.5,2.56,988.2,0.0
29.63,53.7,4.96,1016.7,0.0
25.72,55.5,4.74,1020.4,1.0
26.36,64.0,0.99,1012.0,2.51
33.75,99.2,7.43,1002.6,0.0
20.2,56.0,0.89,998.8,4.55
42.59,97.9,8.44,1026.9,3.02
14.34,83.3,5.3,1000.8,3.42
23.52,75.1,2.13,1020.1,111.08
30.78,81.5,2.61,1011.1,0.0
32.38,68.2,6.42,1024.4,0.0
27.25,91.1,2.71,1005.5,0.0
27.57,78.2,5.55,995.1,4.61
31.08,38.0,8.44,1008.0,18.0
26.27,73.3,8.06,996.1,0.0
38.45,82.1,2.94,1029.4,0.66
34.3,62.8,4.74,1013.0,0.25
34.55,70.3,2.73,1014.2,2.3
20.75,57.0,7.04,1014.2,0.0
27.4,43.2,1.05,1002.5,3.23
25.75,40.1,0.66,1006.9,0.0
20.46,40.3,6.08,1008.9,0.0
30.7,80.0,0.66,1023.6,2.74
23.97,30.0,1.75,998.7,0.86
32.92,56.0,2.2,1002.2,0.0
19.97,54.2,5.3,1005.1,0.0
40.89,62.9,3.6,1002.6,4.89
21.28,34.6,1.8,996.3,0.0
29.64,75.3,0.5,986.4,7.79
33.94,45.1,2.42,993.4,0.0
23.72,88.4,3.02,1016.8,0.0
34.39,56.8,10.86,1007.9,3.34
18.78,66.3,0.5,1014.7,0.0
38.89,68.1,4.54,1003.3,0.0
28.11,72.4,3.61,1007.2,0.0
23.53,68.7,3.79,1020.9,1.79
25.76,60.3,0.55,1020.4,0.0
34.07,74.2,5.88,1015.5,0.0
23.62,76.4,4.28,1009.6,0.0
22.38,54.2,1.33,1012.1,0.0
26.34,75.7,0.5,1011.0,0.0
19.17,89.5,5.17,1006.7,1.16
41.65,80.7,2.08,1004.8,0.0
23.75,84.8,4.38,1017.0,0.22
34.24,71.1,6.54,997.6,0.0
29.57,51.1,11.2,1019.9,7.63
20.62,53.4,9.93,1005.8,0.0
27.96,73.8,12.22,997.5,0.0
33.88,85.0,7.75,1003.6,0.0
26.59,100.0,1.5,1001.0,0.0
36.95,85.7,1.93,1003.4,0.0
35.66,46.9,5.62,1003.2,0.0
34.89,54.2,2.88,1002.9,0.0
24.55,100.0,4.47,1005.5,0.0
19.9,64.1,3.14,1007.5,0.0
23.4,68.9,2.34,1014.1,0.0
29.47,50.7,1.16,1006.0,1.11
32.09,96.2,2.07,1010.6,3.75
11.71,77.0,2.2,1008.1,0.0
27.94,54.1,1.75,1012.3,0.0
29.19,50.1,4.26,1008.4,0.0
25.92,73.5,6.75,1002.8,6.49
37.68,68.8,2.73,1000.7,1.26
31.16,83.0,4.94,1009.7,9.12
37.83,77.8,5.9,1018.2,5.43
26.38,63.2,4.06,1006.2,1.33
35.03,58.2,6.1,1002.4,0.0
40.26,65.1,1.98,1006.0,2.03
37.84,58.1,4.92,1003.5,0.0
19.81,65.7,4.16,1002.7,4.06
26.1,68.3,7.87,996.5,0.0
25.41,51.8,5.01,1006.0,4.54
31.67,79.4,0.63,1009.9,1.91
33.15,61.3,1.86,999.3,0.0
21.71,52.8,6.34,1001.0,0.0
28.51,61.7,8.22,1000.4,0.0
12.85,72.4,6.46,996.9,71.44
38.81,69.5,3.84,1000.4,0.0
24.16,75.6,3.77,1006.4,54.98
28.42,84.2,6.96,997.3,0.0
25.68,91.5,1.64,1006.9,11.04
36.6,73.1,4.85,1002.4,0.0
10.0,48.8,1.65,1000.6,0.11
27.88,63.2,4.59,1011.0,0.0
27.21,49.9,4.04,1002.9,3.93
24.6,98.5,4.72,1004.2,0.0
40.95,100.0,4.67,1018.4,0.0
21.35,79.7,2.56,1000.6,8.6
33.79,83.5,3.18,1020.5,0.0
30.67,72.5,2.0,1005.2,2.63
37.46,74.6,4.13,998.9,5.17
23.0,39.2,1.77,1003.6,0.3
22.5,66.7,7.03,1008.6,4.88
36.22,52.1,3.42,1018.0,5.05
31.19,73.1,9.89,1014.4,0.0
16.41,66.9,3.56,1008.5,0.0
23.96,100.0,0.87,1018.1,0.0
30.9,84.5,7.19,993.0,0.0
34.28,73.1,7.23,1010.0,0.55
22.91,63.2,2.6,1010.5,11.47
10.0,98.2,3.38,1010.6,86.15
31.92,67.5,1.93,995.1,0.0
18.85,74.0,8.06,999.9,2.72
12.87,68.8,4.91,1006.7,0.0
10.0,60.7,1.91,1016.9,0.0
34.1,68.7,1.12,1023.3,0.88
28.96,32.7,3.86,1002.7,0.0
26.31,40.1,2.43,997.5,0.0
38.42,74.3,0.5,1014.5,0.0
32.78,96.2,1.21,1028.9,0.0
40.12,74.3,5.18,1016.9,0.0
17.55,55.0,1.06,1002.0,2.19
27.74,42.0,9.2,1030.0,0.0
15.87,82.1,1.88,1013.5,1.29
26.28,57.8,3.13,1001.7,1.91
26.14,79.6,2.67,1023.5,0.93
32.7,75.0,4.01,1001.0,0.38
28.34,76.6,4.12,1003.0,0.0
32.68,68.6,1.69,1013.8,8.0
33.28,74.9,4.41,1007.8,2.31
44.16,65.8,2.72,1008.3,2.7
25.64,56.6,1.98,1008.3,0.0
20.94,50.7,5.25,1016.9,6.99
29.85,30.0,3.13,989.4,0.0
21.98,64.7,7.98,1010.3,0.0
39.11,95.3,1.52,1005.7,1.95
25.88,81.1,0.5,1002.0,0.0
23.76,72.1,4.43,1002.0,0.0
24.47,54.8,1.53,986.9,0.0
33.39,86.0,1.42,1001.6,2.36
26.82,65.9,1.43,1018.3,3.98
23.19,96.3,7.22,1014.7,0.07
40.49,50.3,11.53,1006.5,0.0
21.58,54.5,5.01,996.7,0.0
28.27,52.7,1.39,1014.6,0.0
32.89,41.3,1.31,1018.5,0.0
15.76,51.1,11.32,1016.3,0.04
31.6,69.9,2.18,1000.3,1.2
20.09,55.2,9.54,1001.1,0.0
34.17,30.0,6.15,1021.2,0.0
20.78,87.3,7.96,998.3,1.01
33.2,37.7,8.59,1011.8,0.0
36.29,78.6,3.55,993.8,0.0
34.46,68.6,3.42,1005.6,1.96
29.88,100.0,2.97,1012.7,3.75
26.27,85.9,3.92,1007.8,0.82
23.68,58.9,9.48,1012.2,3.23
39.03,55.4,7.37,998.2,7.87
22.75,95.0,3.15,1001.4,0.0
20.22,41.4,3.77,1011.9,0.53
32.99,71.4,1.48,1013.6,0.49
22.03,65.6,7.81,1009.8,0.38
20.87,61.8,2.58,1015.6,8.8
17.17,74.4,2.74,994.7,3.29
24.38,71.4,2.53,1004.3,0.0
27.38,76.2,6.54,1022.6,0.0
29.82,70.5,4.57,1018.3,1.38
35.13,75.5,0.98,1013.1,3.95
31.95,69.7,3.14,1006.8,0.0
26.57,56.1,1.43,1016.3,4.91
26.51,68.1,11.3,1011.4,0.0
31.83,55.1,0.5,995.9,5.71
37.54,54.0,1.02,1016.0,0.0
28.95,61.9,1.3,1001.1,0.0
24.48,65.9,1.91,1014.1,0.0
20.55,68.6,1.07,995.1,0.34
17.16,84.5,3.46,1020.8,13.12
33.0,59.0,1.73,1005.8,0.9
32.33,71.5,2.01,999.1,0.0
32.33,70.1,0.7,1002.5,0.0
27.04,57.0,2.78,1005.3,14.21
38.55,69.3,5.13,1008.0,2.6
24.37,86.0,6.08,1018.5,0.0
35.16,71.4,3.12,1008.6,6.57
27.71,72.1,3.75,990.6,0.0
23.44,55.3,3.11,998.2,6.69
32.44,100.0,3.77,1030.0,2.05
31.07,56.3,7.52,1009.1,9.46
30.68,38.0,8.6,1015.6,0.2
28.61,83.5,0.75,1005.5,14.35
27.72,65.9,4.71,1000.0,0.0
45.0,62.5,6.43,1004.1,1.61
36.88,58.2,2.75,1009.0,0.0
33.42,100.0,5.07,1004.3,128.5
28.84,74.4,4.84,1023.3,1.31
35.55,77.9,3.19,1003.1,111.51
31.88,70.9,4.42,999.6,4.18
28.2,72.9,2.42,1014.5,7.58
25.72,93.2,1.75,1015.5,0.0
27.39,63.5,2.88,1008.2,0.0
10.0,41.8,3.06,1003.2,0.0
29.58,83.6,2.75,992.8,8.04
24.34,76.9,1.0,1017.8,0.0
39.95,69.9,3.15,1014.9,0.0
28.15,76.5,3.7,1004.5,0.0
19.08,61.3,7.19,1008.5,1.3
27.63,68.4,5.54,1006.2,1.93
20.15,65.6,5.86,1021.0,0.0
31.55,57.4,1.58,999.7,0.0
30.18,89.4,5.64,1003.0,0.0
35.18,42.6,4.15,1002.3,0.0
22.07,100.0,4.71,1010.5,1.97
28.26,83.8,1.4,1008.4,5.51
17.76,36.0,5.82,1009.6,0.0
33.26,64.0,4.21,1001.0,0.0
31.89,65.0,2.49,1019.9,2.26
31.72,75.1,2.7,1004.4,0.0
28.01,50.2,3.32,1017.5,0.0
31.11,68.6,3.52,1030.0,5.44
40.03,65.8,0.87,1001.0,3.75
25.86,54.7,2.69,1010.7,0.0
29.04,52.2,3.58,1006.9,0.0
19.85,84.5,4.99,1024.2,0.0
21.49,37.5,2.6,1005.8,0.0
28.73,76.6,1.41,1010.0,101.79
36.28,82.4,4.37,1009.8,0.0
26.08,64.1,0.84,1007.2,0.0
26.23,68.9,5.6,1014.0,0.0
24.95,88.9,7.62,1008.7,5.72
23.99,55.3,2.57,1011.9,4.7
30.21,57.2,5.05,1009.7,9.94
16.77,59.1,3.35,1003.2,1.54
37.61,89.0,1.56,1005.8,4.32
23.01,91.3,7.16,1012.4,1.85
33.41,42.9,0.91,1012.4,0.0
18.48,86.1,3.8,1018.0,2.02
33.02,82.7,6.04,1022.9,0.0
33.04,96.0,7.09,1003.8,0.99
30.88,74.9,6.96,1009.1,3.04
20.54,67.2,1.66,1006.5,1.06
29.87,88.6,3.56,999.1,0.53
19.13,80.6,4.26,1012.5,4.85
26.1,100.0,2.1,1014.2,0.0
35.72,85.3,10.57,999.4,0.0
33.98,70.8,4.42,1005.0,3.48
28.11,46.9,2.3,1004.2,0.0
20.69,57.5,0.81,995.9,0.0
32.84,42.2,0.86,1007.7,0.0
28.15,64.1,9.98,998.8,9.94
10.6,84.7,3.54,1009.3,0.25
33.87,67.9,0.5,1010.2,4.31
27.82,86.4,1.59,1011.1,0.0
37.02,74.1,7.4,1011.5,141.72
19.79,60.7,5.26,1020.2,0.0
10.0,69.6,1.12,1001.5,0.0
30.09,76.5,2.92,1001.9,0.12
30.19,70.5,1.43,1013.2,0.0
15.32,70.7,2.94,1006.9,0.0
20.66,54.2,5.65,1017.0,6.16
45.0,60.2,0.92,1012.5,0.0
25.71,100.0,2.02,1023.3,0.0
33.48,90.1,1.51,1007.3,0.0
23.12,41.5,0.85,996.1,4.52
12.32,30.0,10.26,1010.7,0.0
26.72,69.4,1.97,1007.4,1.1
26.01,84.1,0.84,1012.3,0.0
25.0,58.6,3.73,1013.3,0.0
27.14,86.4,3.3,1003.7,0.0
29.98,69.1,6.62,999.9,0.0
26.87,65.1,3.1,1006.8,0.0
18.52,81.6,1.87,989.0,0.0
31.65,58.4,4.44,1008.6,0.0
13.38,62.8,4.57,1004.7,2.95
12.62,80.1,2.71,1014.9,0.0
33.54,67.4,8.51,992.1,0.0
31.8,100.0,1.99,1008.1,0.0
27.57,80.5,4.06,1020.6,0.0
17.53,79.3,0.5,1013.4,11.97
22.69,67.1,6.53,1015.8,0.0
26.03,83.7,0.98,1010.7,1.44
16.03,62.2,3.8,994.7,7.17
22.46,73.1,2.94,1009.3,129.83
32.89,51.5,3.73,1011.3,0.85
38.7,86.7,3.23,999.4,2.29
24.85,73.2,3.77,1007.0,6.43
33.67,100.0,3.59,984.8,15.86
13.64,100.0,2.42,1005.3,3.61
32.95,81.7,2.22,1004.5,0.0
21.97,69.2,6.87,1019.2,0.0
30.31,51.0,3.19,1003.2,0.0
26.14,84.3,6.56,1005.9,146.6
37.9,71.8,4.07,1007.4,0.0
21.44,77.7,0.9,1003.3,1.59
32.71,99.1,1.61,1013.8,0.93
25.9,53.2,3.59,992.1,0.85
26.81,51.4,6.19,1017.1,1.59
26.62,63.7,5.63,1007.9,0.17
21.66,82.8,3.79,1018.4,0.0
27.89,78.0,2.52,986.0,6.68
27.53,51.9,2.86,988.5,0.0
29.81,81.6,1.55,1005.7,0.26
28.63,46.4,3.07,1012.0,2.96
33.98,52.9,0.84,1003.6,0.0
34.93,65.9,2.57,1012.7,0.0
20.12,58.0,12.25,1015.9,0.0
34.52,84.0,1.8,1013.3,1.71
19.1,73.2,1.22,1008.8,0.0
32.41,99.8,0.91,1008.8,0.0
32.65,63.6,2.02,1003.1,0.75
13.67,65.8,1.57,1007.6,0.0
28.7,89.8,2.92,999.8,0.06
24.49,66.4,9.21,1001.7,0.0
22.31,94.9,8.72,1012.1,109.76
38.13,77.7,2.04,1004.3,7.88
23.1,30.0,4.37,1002.1,0.0
21.95,89.2,3.07,1011.6,0.0
28.57,84.4,0.66,1011.0,2.94
33.14,85.1,7.34,1006.3,0.36
26.94,33.6,0.84,1006.8,0.0
36.75,56.1,4.81,1011.3,0.0
31.98,57.4,4.92,1015.8,0.0
11.66,52.9,1.73,1009.6,9.46
24.03,99.4,2.94,998.5,0.0
23.79,67.8,3.78,1006.2,0.86
31.6,67.3,5.37,1004.7,0.0
10.0,77.9,4.38,999.6,7.12
45.0,78.2,7.07,1012.0,0.0
31.98,30.0,1.63,1012.6,0.66
29.12,56.4,4.35,1013.8,3.57
36.86,42.6,1.42,1000.1,0.0
45.0,75.2,5.55,1009.3,0.0
34.53,62.8,4.01,1007.9,0.0
35.12,68.3,4.04,1010.5,0.0
28.98,30.6,1.88,1009.0,4.34
26.94,62.4,6.89,1007.9,0.0
24.43,88.1,3.05,1006.9,7.89
21.8,93.4,0.8,1016.9,92.38
22.85,80.9,0.95,1001.1,0.0
17.87,44.0,3.34,1006.6,1.44
27.43,90.7,3.39,1016.7,0.0
15.36,81.0,12.34,1001.5,0.36
29.43,65.9,8.61,1001.9,0.0
27.73,31.5,3.48,1013.9,4.2
29.1,85.2,5.34,996.6,4.52
24.08,57.3,1.17,1013.3,3.77
45.0,74.2,8.58,1004.1,0.0
38.2,69.2,5.03,1011.3,0.0
18.67,95.7,2.94,998.2,2.79
29.75,65.7,2.33,1017.5,0.0
23.44,67.7,0.5,998.3,1.54
20.39,96.4,3.61,1013.8,2.38
17.95,56.2,1.76,998.6,3.7
31.24,82.7,5.8,1022.5,1.13
22.89,64.4,5.23,1007.4,6.27
35.26,50.0,3.17,1023.6,0.0
35.45,68.0,6.44,1001.4,0.0
38.3,80.5,13.13,1004.5,0.02
21.61,92.4,3.86,1017.7,3.61
31.57,94.5,3.16,996.6,0.0
32.74,62.7,3.66,1002.4,0.0
24.44,50.2,1.5,1012.0,10.39
22.21,62.3,4.61,999.8,0.84
40.07,46.7,4.33,1012.2,2.37
29.71,64.1,4.81,1009.4,2.86
32.77,61.9,3.95,995.9,10.87
21.83,81.1,6.31,1015.7,3.55
18.86,30.0,5.7,997.9,0.0
23.73,54.8,6.33,1014.2,0.0
27.07,54.9,1.83,1009.0,7.02
20.02,89.4,11.31,1004.4,5.01
27.93,48.0,6.07,999.2,0.18
15.34,72.1,4.53,1010.6,3.06
19.6,65.7,9.59,1001.0,0.43
33.03,86.8,12.4,1017.7,0.36
32.53,78.7,5.78,1018.0,11.46
25.06,70.2,1.5,1021.1,4.21
20.37,58.0,2.7,1010.2,0.4
20.29,34.7,3.1,1004.8,0.0
25.2,72.4,6.43,1005.6,3.98
32.83,77.5,6.05,1005.0,0.0
34.96,39.7,5.38,1010.0,0.24
24.28,45.8,2.8,1011.5,0.0
19.35,72.5,5.07,1017.9,106.83
30.01,74.1,8.81,1008.2,2.75
21.82,50.2,3.03,996.8,2.18
24.11,57.7,0.5,1004.7,0.0
37.94,34.9,2.96,1020.4,0.0
34.2,92.8,3.59,995.5,1.47
29.18,44.6,4.56,1013.9,0.64
18.46,77.8,6.48,1004.9,0.12
29.59,67.4,0.91,1000.9,0.37
35.97,91.2,2.0,1011.2,0.0
25.18,53.7,1.07,1020.5,0.0
38.13,69.1,7.39,1010.7,0.89
37.7,37.4,6.61,1005.9,5.31
40.48,33.1,3.89,997.6,0.0
30.29,78.7,2.24,1007.2,5.13
32.41,35.9,13.11,997.3,1.77
38.61,63.9,2.5,1005.5,7.75
31.36,86.2,5.67,1007.5,0.0
24.24,81.4,1.77,989.1,0.0
24.64,56.0,12.53,1019.1,0.0
29.79,39.4,8.22,998.1,0.0
18.32,77.2,4.38,1006.5,5.18
26.93,92.2,3.85,1012.3,0.0
36.22,56.1,1.61,1018.5,0.0
11.57,53.5,4.24,1001.7,0.0
39.51,58.6,3.43,987.9,0.0
36.42,78.3,4.24,1016.6,0.0
24.55,90.1,7.71,998.0,2.0
32.08,45.7,9.4,1010.9,6.43
28.02,41.0,1.39,1011.4,1.32
37.22,100.0,3.48,982.0,100.92
35.37,64.8,3.5,995.1,2.38
17.5,72.6,2.81,1004.3,0.74
32.4,55.5,2.74,987.3,14.41
26.46,76.8,1.28,997.3,3.69
28.62,85.3,5.71,1009.0,0.0
22.54,73.4,2.55,1007.3,2.02
41.11,99.3,3.25,1010.4,3.36
35.8,62.1,3.15,1011.6,0.0
22.45,63.3,0.8,994.5,0.0
17.99,72.2,2.23,997.7,0.0
25.11,76.4,7.63,1014.1,0.4
31.26,72.1,9.05,1020.2,0.0
29.8,44.9,4.9,1000.3,0.0
37.4,73.6,0.5,1010.1,0.98
33.92,61.3,8.85,1014.5,13.37
35.27,57.5,1.42,1009.9,0.0
30.45,68.6,1.34,1006.0,0.96
17.58,50.7,6.18,1002.9,0.0
26.53,47.6,4.7,1023.9,0.28
35.95,30.0,7.25,1008.8,0.53
27.61,99.5,10.19,1011.1,0.0
31.77,78.0,4.83,1010.6,0.0
25.61,65.9,8.3,1001.5,10.43
20.28,56.0,1.41,1008.4,1.84
27.07,30.0,4.14,1005.4,0.97
30.32,54.9,7.78,1005.3,1.37
23.08,80.9,2.29,1010.5,0.0
26.23,85.0,5.83,1000.7,2.82
20.95,79.6,8.04,998.4,0.65
36.39,70.9,3.62,1012.0,116.13
25.79,91.5,3.47,1003.7,1.62
38.9,62.1,6.36,1005.2,3.43
39.47,87.5,0.61,992.6,0.0
27.39,61.1,2.61,1015.7,2.15
20.44,52.1,0.5,1012.2,0.0
12.36,49.9,4.2,1013.7,0.0
16.96,48.8,5.53,1011.1,1.49
17.7,79.9,2.71,995.9,0.0
38.34,54.6,3.43,1009.8,1.43
28.87,49.4,1.96,1003.1,1.15
30.92,80.8,2.22,1000.3,5.53
11.35,73.9,6.43,1012.0,0.0
19.02,85.3,3.16,1021.3,0.0
34.65,77.2,3.17,1019.9,2.08
30.15,54.4,4.09,1013.0,0.84
26.9,69.4,11.45,1007.8,0.0
32.24,70.3,5.69,1006.3,0.0
40.27,51.5,3.1,1000.8,1.98
26.34,48.1,5.56,1005.8,0.0
28.52,55.7,4.35,1015.3,2.91
29.44,100.0,3.01,1022.6,0.07
45.0,60.6,0.5,1001.5,7.96
12.25,90.2,5.56,992.0,7.43
33.12,59.6,7.16,1003.8,0.0
27.14,84.0,0.62,1015.2,0.0
32.25,84.2,4.82,1024.6,0.0
23.07,85.1,8.66,1018.5,0.0
27.63,75.0,1.63,1018.3,2.56
33.34,92.8,3.32,1001.2,0.0
45.0,74.8,3.58,1001.4,0.0
34.06,98.8,7.98,997.4,0.0
21.64,38.8,1.95,1002.7,0.0
24.82,74.3,7.33,1015.3,97.0
24.6,73.1,9.59,1021.0,0.0
14.53,51.1,5.25,1010.8,9.58
25.52,78.4,2.68,1006.0,3.95
33.5,41.2,0.91,999.5,0.0
18.44,56.2,3.14,1007.1,2.33
35.86,32.0,2.28,1009.6,0.0
31.66,96.1,1.15,996.3,0.0
22.49,63.8,6.61,1015.4,0.19
26.94,100.0,2.62,1004.6,1.05
39.99,82.5,5.23,1014.9,0.0
33.5,76.1,1.23,1007.9,6.1
28.07,57.4,2.91,1010.4,4.57
26.22,49.2,9.04,1002.4,10.95
28.57,77.4,2.59,1005.2,0.83
24.16,66.7,2.65,1013.1,0.0
12.21,43.9,3.84,1006.9,0.0
43.32,40.7,1.67,999.2,0.0
29.16,50.7,4.91,1008.9,0.0
30.99,100.0,6.77,1011.1,0.0
27.57,100.0,4.52,1019.0,0.0
22.49,71.7,1.86,1017.2,0.0
26.61,70.7,2.87,1007.5,0.0
16.0,61.9,5.16,1003.6,0.0
45.0,51.2,6.41,1006.2,0.0
18.74,92.8,8.42,1003.8,144.26
20.26,100.0,1.96,1012.0,0.0
24.7,51.9,7.62,1016.3,3.0
37.66,66.5,6.13,1017.9,0.0
28.11,59.9,6.61,1004.7,0.0
18.73,60.4,5.26,1003.9,0.76
37.41,89.3,1.56,1004.6,83.98
33.48,44.4,3.63,992.5,0.0
32.04,76.4,0.61,998.4,0.0
33.37,81.1,4.17,1007.7,2.23
45.0,65.4,2.72,1011.0,0.0
44.39,84.1,0.5,1011.9,0.0
22.85,70.7,1.67,1001.8,0.0
40.18,89.9,15.0,1004.1,1.52
30.87,40.6,1.76,1005.8,4.77
31.74,61.7,1.58,1005.0,0.0
15.31,66.7,7.28,1013.5,0.0
26.72,30.0,2.05,997.5,3.71
21.9,48.5,2.47,998.8,0.0
34.21,53.4,5.32,1005.6,0.0
36.03,85.1,3.42,997.1,0.0
12.44,55.3,3.45,992.8,0.0
27.83,53.3,1.68,996.1,6.24
36.41,82.7,6.29,1006.1,1.16
26.6,38.9,5.05,1013.0,1.68
33.47,30.7,1.74,1013.2,1.13
30.63,61.5,3.54,1020.7,6.14
30.56,41.9,5.82,1008.8,7.13
25.97,42.6,2.13,1009.9,0.53
18.88,78.3,3.81,1006.0,0.0
19.59,83.8,0.57,1006.4,0.0
33.32,82.2,5.67,1024.6,0.0
28.15,88.0,2.07,1010.1,2.85
26.96,90.3,3.9,1010.8,0.0
24.82,30.0,6.14,998.8,4.4
25.71,76.1,4.58,1011.3,6.33
35.85,58.5,1.51,1013.3,0.05
25.49,54.5,2.51,1016.9,2.78
17.94,78.1,4.78,1013.0,0.0
33.58,36.9,0.5,1007.0,1.34
26.46,36.5,4.48,1006.6,0.0
28.24,79.4,1.6,1007.4,8.41
40.06,76.8,5.14,1008.9,5.06
27.85,70.5,4.34,1018.1,0.0
30.17,52.2,6.57,1016.6,0.0
19.16,81.4,5.97,1014.0,1.92
26.35,80.2,6.02,1024.2,0.0
32.57,69.5,3.67,986.8,0.61
16.33,46.8,3.47,1004.3,0.0
29.51,60.3,6.58,1007.9,0.0
28.76,83.1,3.38,1002.6,1.41
28.31,91.9,2.1,1000.6,142.25
35.78,62.1,3.07,994.3,3.61
30.51,63.5,3.54,1005.5,0.0
39.09,65.1,2.01,1015.2,0.0
20.55,72.9,2.97,1014.2,0.6
29.02,57.5,1.95,1002.0,0.0
28.63,30.0,3.01,1009.8,7.11
19.98,89.5,1.95,1018.9,0.0
35.17,100.0,1.98,995.8,2.23
45.0,57.0,1.39,1006.7,6.6
27.87,48.8,7.59,1010.3,4.25
31.79,65.5,4.54,1008.1,0.0
28.63,64.6,6.25,1014.8,5.3
22.65,85.9,1.0,996.0,0.44
14.34,69.0,9.28,1000.0,7.26
22.71,53.7,1.83,1013.5,0.48
17.56,44.3,1.96,994.4,0.0
40.78,83.6,9.54,1014.5,0.87
27.14,78.8,2.71,1011.6,1.72
25.41,87.1,3.06,1013.9,5.0
34.67,50.6,0.57,1004.2,0.0
19.59,100.0,3.46,1012.1,12.87
22.25,36.6,1.6,998.6,0.0
28.51,80.8,5.33,1004.7,1.06
35.72,33.6,4.88,1008.3,7.65
31.76,53.8,3.77,1000.8,0.15
29.86,96.1,4.57,1009.7,0.04
28.59,83.0,3.25,998.8,1.37
31.0,58.2,3.18,1010.1,0.37
29.51,58.7,1.48,1021.9,0.0
20.28,69.8,5.69,997.9,0.0
28.35,77.3,10.01,1007.8,0.0
19.95,90.5,2.99,995.1,0.0
28.61,59.8,4.02,1001.3,0.58
24.4,39.0,6.32,1013.6,0.0
45.0,70.8,8.23,1004.6,3.69
27.7,59.8,7.98,1013.9,0.24
17.47,44.6,0.7,1010.8,2.72
26.99,73.4,0.69,1007.5,7.16
31.9,64.2,8.43,999.8,7.99
40.55,73.5,4.58,1013.5,0.0
23.58,51.9,7.99,1010.4,0.0
16.13,76.8,4.56,995.8,0.0
34.13,44.3,4.17,1000.3,0.0
17.65,53.1,0.5,985.8,0.87
24.73,63.6,11.26,997.1,2.14
26.07,99.4,4.05,1005.5,0.0
27.48,82.1,5.15,999.6,0.2
33.17,87.4,5.51,1001.3,0.89
22.87,93.5,2.9,1019.1,0.0
25.95,100.0,2.3,1016.2,0.0
27.89,68.7,5.71,1002.4,0.0
29.12,93.6,6.88,1014.3,0.0
28.73,86.2,6.09,1017.7,0.55
31.27,85.9,2.56,1012.9,3.85
34.33,99.9,3.41,1010.4,0.78
30.94,60.5,4.97,1016.8,0.0
31.4,59.0,2.35,1014.2,3.5
16.13,73.8,6.61,998.3,0.0
28.38,64.7,5.77,1006.5,8.3
31.6,73.7,3.46,1003.6,0.0
33.47,96.1,8.72,1017.2,0.0
22.81,59.4,3.0,1003.4,0.0
23.06,62.5,4.62,1002.0,0.0
23.69,71.1,4.5,1016.2,4.67
32.02,63.9,4.93,1010.1,2.31
35.75,33.5,5.79,1024.9,2.03
24.94,57.6,4.75,1001.1,4.22
34.81,80.4,8.05,1003.8,0.22
28.93,93.9,6.53,1017.0,0.0
27.07,47.2,1.26,997.8,0.0
26.41,47.1,9.65,1018.6,5.89
33.6,68.5,2.59,998.3,0.0
30.44,30.6,3.03,1012.9,0.0
45.0,60.0,9.12,993.3,0.0
21.61,36.8,2.93,1008.4,0.0
31.89,92.6,2.24,997.0,56.92
24.03,54.2,2.27,1023.4,0.0
21.48,97.8,1.2,999.4,0.0
27.92,88.0,7.02,1001.4,73.56
29.03,56.4,2.65,1012.3,0.0
45.0,48.7,0.57,1003.2,0.0
26.62,64.5,2.75,1013.6,0.0
19.52,66.1,12.61,1002.3,1.34
30.05,74.2,4.88,1001.7,2.5
12.44,54.0,6.64,1007.8,5.02
27.31,81.4,6.86,998.3,0.0
28.12,72.8,0.93,1011.2,0.0
33.96,61.9,5.78,1015.0,0.0
35.3,55.2,2.13,1012.4,0.4
24.22,64.7,3.19,1013.1,0.0
26.87,53.3,2.21,992.6,0.0
22.25,69.1,1.24,1004.3,0.0
19.54,69.5,3.88,1006.2,0.0
30.32,72.7,12.54,1019.6,8.44
18.45,99.8,5.97,1003.3,0.22
24.89,65.6,4.78,989.6,0.62
20.54,86.1,0.95,1000.0,0.0
32.12,72.1,1.05,1002.7,0.69
41.51,63.7,2.14,990.7,0.0
18.24,65.9,2.63,1015.7,3.07
14.1,66.9,2.71,995.4,0.0
27.06,73.0,2.5,1011.6,2.07
28.12,50.7,0.81,999.3,0.0
29.64,41.6,3.99,1020.1,0.0
24.65,79.8,12.6,1005.8,4.17
26.5,84.2,2.15,1004.2,19.34
30.76,81.4,2.96,1012.2,0.0
35.8,70.8,7.12,999.9,0.0
13.34,81.8,9.34,1012.6,1.42
25.23,80.8,2.28,1004.1,15.33
29.6,82.2,3.18,1003.2,0.0
21.12,52.5,4.2,1007.3,0.0
40.98,48.3,4.62,999.3,0.0
23.23,61.0,2.06,1006.5,2.16
27.69,67.7,4.21,1010.7,0.08
32.17,63.6,6.4,989.5,2.68
23.57,34.2,2.76,1016.7,0.0
14.15,99.0,5.95,1014.5,0.77
24.79,63.1,4.53,993.2,0.0
35.72,71.1,1.03,991.9,0.0
25.47,90.4,4.38,1014.7,0.0
21.65,30.0,3.62,1014.1,0.0
34.94,58.8,0.51,1013.0,0.0
25.52,61.0,1.13,996.6,0.0
24.17,61.9,4.36,1022.6,0.0
29.12,64.9,2.12,1002.0,0.0
33.78,94.0,9.93,1009.9,72.49
45.0,80.1,2.97,1010.0,0.0
34.2,85.2,3.37,1020.7,7.09
36.7,68.8,3.27,1009.0,1.5
24.21,42.8,5.43,1011.3,6.3
20.31,30.6,3.98,1007.4,0.15
28.47,40.5,0.8,998.4,0.0
28.8,74.5,0.75,989.5,0.0
19.91,68.6,1.05,1008.3,2.26
26.69,64.2,3.11,996.7,0.58
30.99,61.4,2.18,1010.8,0.0
30.7,100.0,5.71,1009.2,0.0
31.78,53.2,3.5,1009.0,0.0
30.18,84.7,4.28,999.6,1.64
24.2,68.0,7.5,1016.3,0.0
24.15,66.9,8.49,1011.8,0.0
19.01,89.2,2.74,998.5,2.97
41.39,94.3,9.73,1024.5,0.0
28.1,63.7,1.81,1006.3,0.0
26.31,82.4,3.19,997.3,5.25
21.03,74.6,7.73,1001.9,0.0
45.0,68.1,6.38,995.9,0.0
19.95,71.7,3.69,1018.9,1.57
24.78,55.6,1.15,1016.6,0.0
31.12,62.5,1.37,1013.9,6.58
32.5,57.5,1.04,1012.4,0.0
35.18,84.2,5.95,1018.0,0.0
41.56,66.3,2.64,1006.1,0.0
31.8,44.6,6.05,1011.4,0.0
20.08,55.0,4.38,1001.5,0.51
26.07,30.0,1.26,1006.8,0.0
30.31,59.1,4.89,1011.6,0.0
43.51,68.7,2.36,983.4,4.58
17.52,65.5,12.35,1003.0,0.0
37.02,100.0,2.98,1009.3,0.0
29.35,78.3,1.12,1007.4,8.17
34.28,77.5,7.79,1004.4,0.0
27.24,38.4,3.6,1012.7,1.38
21.68,61.4,5.15,1002.3,0.0
33.63,59.2,3.14,998.2,3.5
32.91,53.9,3.73,1017.5,4.98
35.29,53.6,0.85,1016.3,0.0
27.9,35.5,7.43,1003.2,0.0
23.5,45.0,2.76,1007.5,1.18
16.31,83.7,0.78,1014.8,1.24
34.15,65.4,5.0,1008.4,0.0
31.18,58.9,6.18,1012.2,0.0
20.76,67.9,0.93,1011.8,0.0
23.96,89.0,15.0,1005.4,1.05
24.5,68.1,6.22,1012.1,0.0
16.88,77.7,3.03,1000.3,96.35
21.87,52.8,3.55,1011.2,0.0
19.5,56.9,6.8,1007.4,0.0
24.91,74.4,4.65,1005.1,0.0
22.46,100.0,1.86,998.0,1.33
15.8,93.7,6.16,1009.1,0.0
43.17,78.5,8.89,1008.3,0.0
37.39,70.7,1.81,1001.3,0.0
22.16,93.2,2.84,995.2,0.83
30.04,82.3,2.4,994.8,0.0
31.13,30.0,1.58,1006.0,0.0
36.93,49.0,9.3,1010.5,4.84
21.86,74.1,4.73,1022.8,0.0
36.19,35.8,8.67,1007.6,8.18
23.89,51.8,3.84,995.0,0.0
17.98,55.4,6.24,1006.3,0.0
33.43,63.4,0.98,1018.0,0.0
37.68,62.8,1.59,1002.5,0.0
45.0,62.8,6.03,1016.9,0.49
19.0,82.9,2.35,1009.4,0.0
33.24,63.2,6.54,1013.2,0.0
24.93,61.1,5.57,1022.9,0.0
33.88,43.7,3.14,993.3,0.0
16.97,86.4,3.8,1015.2,0.0
18.53,55.9,2.95,1007.2,8.82
22.18,48.4,3.73,1000.4,0.2
28.59,71.8,7.34,1007.2,0.0
23.19,54.2,1.32,1021.5,0.0
32.94,58.5,0.79,1018.7,0.0
35.7,72.7,3.77,992.0,0.0
32.5,62.1,1.68,1001.8,0.0
40.14,100.0,2.55,1015.5,0.0
31.12,66.7,6.31,1007.8,0.0
18.87,79.1,6.59,1007.9,0.0
38.23,33.0,3.15,995.5,0.0
23.46,52.5,4.08,1002.0,0.0
34.83,48.4,3.99,997.1,6.23
39.8,50.8,4.56,994.8,2.94
31.43,75.5,10.13,997.9,0.0
16.78,86.6,1.29,1000.6,0.0
21.11,74.2,6.43,1001.9,2.13
37.92,63.9,3.51,1001.3,0.0
26.73,56.6,1.63,1016.2,0.0
28.6,88.0,2.86,1000.7,0.0
33.69,100.0,3.47,1019.4,0.0
33.22,70.4,0.87,1004.1,0.51
30.09,84.9,3.57,1011.5,0.0
26.43,74.2,2.73,1011.8,0.57
25.65,81.6,2.13,1000.8,0.0
34.43,47.0,11.24,1005.4,0.0
32.15,59.2,2.5,1004.0,3.77
26.07,75.1,0.52,1011.0,0.62
36.12,89.8,5.21,1007.0,5.87
27.03,53.3,3.83,1002.0,0.0
21.61,31.4,0.78,1009.0,1.17
22.31,59.0,9.9,1010.7,2.19
20.66,86.2,3.32,1022.8,0.0
25.96,39.5,2.58,1008.5,0.0
37.25,46.8,6.21,1008.1,0.0
21.96,70.8,6.62,1011.4,0.0
29.41,65.9,2.95,1000.4,2.52
23.07,78.7,7.82,994.2,5.93
26.05,45.9,2.54,1005.5,0.0
16.67,62.2,0.5,1016.6,0.0
26.35,89.5,1.0,1017.9,0.0
26.55,46.5,3.4,993.0,1.34
32.05,94.6,5.69,1013.3,1.66
29.67,48.8,7.87,990.5,0.0
19.01,83.3,6.22,1011.7,1.61
36.13,61.3,7.53,1011.2,0.0
29.58,47.4,0.81,994.2,0.0
29.49,59.1,6.34,1016.0,2.58
27.93,77.8,5.9,1022.0,1.62
24.12,67.9,7.23,1007.5,5.02
29.63,88.1,2.05,1009.1,0.38
31.57,93.8,4.35,1019.8,0.0
14.9,46.7,2.18,999.0,0.0
23.96,45.4,3.0,999.2,1.65
26.09,44.5,0.5,1001.3,0.0
29.92,51.8,2.42,1008.3,6.87
36.95,87.9,2.6,1008.3,10.94
22.21,78.1,6.8,1003.6,0.0
24.27,58.2,2.68,1005.6,15.32
24.16,67.8,2.11,1003.7,0.0
21.99,93.3,4.96,1004.1,5.74
25.4,100.0,3.64,1001.9,0.0
33.78,72.7,4.77,1001.9,2.58
20.1,30.0,3.81,992.0,0.0
31.21,73.4,3.61,1006.2,70.2
15.24,84.8,4.4,992.4,3.48
23.79,72.0,5.71,1014.0,0.0
25.53,81.1,4.3,1003.5,0.0
40.56,74.4,6.76,1007.0,0.33
25.94,45.8,3.61,1005.0,1.41
11.49,52.0,3.77,1006.0,0.0
13.01,62.2,4.26,1018.1,3.26
28.26,87.2,2.26,997.2,0.0
32.6,54.2,4.07,995.0,0.0
30.82,76.2,7.37,1009.0,0.0
29.26,73.5,9.88,1004.0,114.81
36.72,96.6,2.12,1010.9,1.35
23.95,67.2,5.43,1013.7,0.19
34.71,36.4,5.57,999.1,0.0
15.76,79.6,3.58,1012.8,0.0
21.21,100.0,5.29,999.8,0.0
14.45,80.8,5.42,1008.6,0.97
25.94,53.8,6.58,998.1,0.0
27.65,48.5,1.36,1009.1,0.0
28.86,50.8,2.49,1007.8,0.0
28.46,100.0,4.2,999.2,0.0
21.04,62.1,6.6,997.1,5.97
26.57,56.1,2.0,1014.0,0.0
16.77,65.1,3.03,1004.4,0.0
38.22,62.3,1.18,1016.1,7.5
25.72,96.2,3.81,1003.7,0.0
24.33,49.7,4.12,1018.4,0.0
39.92,89.3,0.84,1000.4,1.1
18.68,70.2,2.85,1019.8,0.0
19.56,89.7,0.62,1009.4,0.76
19.78,96.5,3.06,1011.2,0.0
27.49,69.5,1.21,1000.0,5.79
31.24,62.3,3.24,1013.8,9.1
33.55,69.2,15.0,1014.1,7.87
45.0,66.3,3.12,1005.4,0.0
11.13,38.2,2.43,990.9,0.0
32.57,95.9,2.06,999.1,0.42
23.82,72.4,6.04,999.1,1.44
23.6,47.1,4.25,1011.6,1.15
23.35,30.8,9.56,1004.3,1.01
21.18,30.0,5.52,1004.4,12.67
40.63,81.9,0.64,1003.5,0.0
34.32,56.9,5.98,1019.8,2.22
28.17,59.8,2.36,1008.4,0.0
38.13,76.8,4.41,1009.6,0.0
16.66,58.7,5.82,1003.0,4.79
18.02,77.8,1.98,1007.8,3.29
11.67,69.7,5.17,1000.2,1.56
22.75,66.5,4.62,1010.7,0.0
29.21,39.7,5.36,998.8,0.0
28.77,53.2,12.69,1014.0,0.73
29.12,78.8,1.99,1002.1,0.0
17.42,55.7,9.66,1015.6,1.41
34.02,89.7,3.68,1023.3,1.18
29.8,100.0,1.13,1008.0,9.37
33.5,79.8,8.75,1018.5,0.0
13.8,94.9,6.96,1014.0,0.0
30.34,81.0,8.38,996.5,0.0
19.09,58.4,6.26,1008.9,0.0
25.02,71.6,1.59,1012.0,1.3
32.01,100.0,10.3,1012.8,0.0
28.68,58.6,13.88,1009.4,0.0
21.61,49.3,6.13,1009.3,0.13
28.05,47.6,1.87,1008.0,0.0
16.51,64.1,7.53,1009.1,3.09
36.63,49.9,0.71,998.2,0.0
26.46,98.1,2.85,1006.1,0.0
36.39,71.9,1.47,996.4,0.0
24.05,85.5,8.01,1004.0,67.99
24.07,62.6,3.71,1003.3,0.22
22.27,47.5,3.49,1002.8,6.59
34.57,44.4,4.31,999.6,0.0
22.68,51.7,0.69,1010.2,3.34
32.83,74.3,6.65,1005.5,0.0
25.13,77.4,3.35,1004.6,8.19
13.18,78.9,0.5,996.7,4.56
23.72,41.2,2.35,1005.6,7.39
19.16,68.0,8.85,1017.2,2.18
28.25,49.5,5.16,1017.3,1.92
19.07,75.2,6.0,1011.0,0.0
34.94,76.6,5.88,1005.6,2.13
27.32,46.9,4.62,1012.5,0.65
26.67,85.4,3.6,1002.7,6.11
32.92,100.0,5.35,1005.6,0.74
35.23,83.0,3.44,1002.1,0.0
27.85,65.1,6.35,1015.3,0.0
22.22,62.3,3.6,1014.2,0.0
14.7,64.2,2.3,1007.7,0.0
22.85,54.3,3.67,1021.9,0.0
23.37,72.5,1.68,1011.3,3.72
28.8,47.5,6.46,1010.8,2.82
25.41,34.0,3.91,1010.0,0.0
33.16,72.0,5.43,997.9,10.58
23.4,68.4,7.78,1000.8,2.1
27.57,57.7,2.84,1007.6,0.0
36.88,44.9,3.97,1007.6,0.54
30.56,73.2,14.67,1012.7,52.19
27.55,50.2,10.52,1002.7,0.0
23.49,65.5,0.73,1008.6,3.09
23.25,99.8,3.35,1008.7,0.0
21.62,79.7,4.29,1009.0,0.0
23.94,43.4,5.16,1008.1,0.0
33.67,45.1,3.21,996.8,5.42
26.34,70.7,5.53,989.9,0.0
17.88,43.2,6.63,1000.5,0.0
41.26,32.0,5.03,1003.8,2.73
30.4,77.6,2.48,998.6,0.0
17.45,73.8,3.51,1007.6,83.71
24.69,76.1,2.78,1016.7,0.87
28.83,72.7,6.47,1013.8,0.0
40.78,66.8,2.38,1011.7,0.77
19.69,56.1,1.1,1015.9,2.24
35.32,77.3,2.56,1000.6,0.0
38.5,95.5,1.17,1004.3,0.0
23.29,59.0,3.19,1012.9,1.74
25.92,49.6,1.08,1004.2,4.58
20.23,47.6,4.74,1004.6,0.0
26.47,52.4,2.41,1022.9,0.0
27.73,71.6,4.01,1008.8,0.0
32.95,30.0,0.9,1022.1,1.28
36.18,75.9,9.55,993.4,0.0
22.39,79.6,2.75,1003.0,0.0
13.25,35.6,3.25,1011.3,0.0
27.84,50.4,3.08,1008.7,0.48
30.2,69.4,2.08,991.6,0.0
29.87,65.4,5.44,1006.2,0.0
25.55,77.4,3.72,1027.8,0.0
28.94,65.5,4.54,1010.0,0.0
39.37,90.8,1.62,1012.8,1.3
30.86,62.2,2.01,1002.8,0.0
25.2,50.3,4.3,1009.9,0.0
24.25,48.9,0.95,1007.9,4.25
26.73,81.2,0.78,1017.0,2.22
40.28,68.5,5.1,1016.7,5.71
26.63,79.4,1.05,1011.3,3.44
27.85,79.0,6.49,1008.6,0.0
24.38,31.6,1.16,994.6,1.51
36.24,47.5,1.49,994.3,0.0
42.7,49.6,2.17,1008.7,0.0
31.38,53.3,0.83,1015.0,1.62
28.62,60.4,10.42,1018.7,0.0
28.28,86.0,5.83,1000.9,0.0
10.12,89.6,3.29,995.9,60.77
33.59,62.7,2.0,1015.5,1.13
29.01,63.5,5.29,1001.5,0.32
31.21,55.3,2.17,995.4,0.34
22.66,69.6,0.88,1004.1,0.0
25.12,71.6,2.03,1003.9,0.0
24.92,82.5,1.18,1018.6,0.0
35.66,82.4,1.57,1014.9,0.0
25.16,30.0,2.74,1002.1,0.0
43.62,65.3,3.08,1019.2,9.98
31.23,92.9,6.41,1009.0,2.59
18.43,60.1,6.39,1016.5,0.0
27.04,88.5,3.64,1018.6,1.49
23.11,62.5,4.46,1005.9,0.52
11.54,71.1,2.56,1012.6,4.82
40.0,47.5,3.44,1004.7,2.2
33.27,48.2,4.28,1015.4,0.0
32.0,81.1,3.8,1008.7,0.0
29.24,83.9,10.76,1015.7,0.0
17.63,68.5,3.89,1020.2,0.0
24.37,45.9,1.03,1012.4,0.0
34.31,68.8,7.37,1007.3,0.0
20.12,90.6,6.12,1007.4,108.29
10.0,99.4,4.34,984.3,3.04
26.3,62.3,3.25,1002.3,0.65
26.94,38.1,4.89,1015.5,0.0
29.02,83.1,2.82,1015.8,2.23
33.46,63.0,0.51,1002.1,1.86
32.78,85.0,1.19,1009.3,0.0
29.94,73.1,3.01,1006.5,0.0
36.97,52.1,1.07,1013.5,0.0
16.61,69.0,4.74,1025.7,4.46
31.78,91.6,0.94,1013.7,0.0
32.7,65.3,1.69,1002.6,0.0
18.7,49.4,1.49,1007.4,0.0
16.73,39.4,4.52,1019.2,0.0
22.41,54.1,7.02,996.7,0.0
23.04,60.6,1.31,1003.1,4.65
33.65,82.8,7.47,1013.7,1.94
23.39,47.8,7.76,1018.4,0.85
21.58,96.0,4.25,1012.9,55.01
23.41,43.9,2.26,1003.1,18.43
36.39,100.0,2.54,1012.3,0.0
28.1,99.1,1.55,1011.3,4.51
26.66,70.5,1.5,1010.8,0.6
27.17,38.3,1.88,1007.2,4.83
37.69,67.0,5.13,1008.4,0.96
22.38,61.0,2.47,1000.7,5.02
37.87,45.1,4.55,1027.8,8.6
29.58,73.2,1.4,1009.3,0.0
26.8,53.2,0.55,1012.4,8.18
45.0,55.1,2.47,1006.3,2.18
20.08,64.3,0.6,1014.8,5.79
25.35,57.7,1.28,997.6,2.12
18.76,100.0,8.44,994.0,0.54
35.14,58.4,3.24,1007.8,0.0
40.67,75.9,3.02,1024.4,0.0
40.52,70.6,6.29,1017.7,0.0
37.18,74.3,2.42,1001.5,3.69
26.52,75.7,2.69,1012.1,0.0
25.26,83.9,2.17,1002.9,0.0
15.47,72.8,4.4,1011.4,0.32
43.27,72.0,2.78,1012.0,1.97
31.52,69.1,2.87,1015.4,0.92
24.31,65.5,1.74,995.5,0.0
37.96,51.6,5.39,997.9,0.0
20.7,66.9,4.06,1007.4,9.95
31.05,72.3,2.53,999.7,1.68
26.71,75.2,1.25,999.1,0.0
32.79,71.2,6.38,1010.2,0.0
27.52,63.8,6.45,1000.7,0.0
17.12,67.0,4.1,1026.1,0.0
28.57,58.0,3.07,1003.7,2.26
35.87,73.6,1.02,1005.8,7.2
27.78,64.0,1.64,1010.4,0.0
33.81,71.3,3.41,995.9,0.0
20.16,86.0,2.21,1012.1,0.0
27.8,55.2,0.85,1010.7,1.68
23.32,78.7,5.65,1005.2,96.02
33.6,68.6,4.44,1010.2,0.0
28.24,100.0,2.98,1011.4,0.0
33.18,64.1,3.29,1019.5,1.02
36.16,80.5,2.23,1028.0,0.0
33.19,68.3,2.31,999.5,0.0
30.05,43.0,6.44,997.6,0.68
20.51,58.6,0.75,1008.8,0.0
27.98,83.8,9.07,991.4,5.58
24.0,60.2,2.97,1013.2,2.99
25.42,30.0,3.04,1008.9,0.58
25.19,67.4,3.28,1010.9,6.52
20.65,48.3,3.84,1005.6,1.83
13.32,70.4,1.98,1010.0,0.0
22.99,95.9,4.92,1011.8,88.18
29.45,81.9,5.27,1009.6,0.13
17.89,95.7,7.46,997.2,0.0
28.12,57.9,4.42,1009.4,0.0
42.25,65.4,2.27,1022.8,4.65
35.67,49.2,1.17,1009.9,1.12
40.33,55.7,2.26,1009.1,0.0
30.93,51.3,3.09,1020.5,1.9
36.76,44.5,3.61,1002.0,0.0
22.57,92.6,2.63,1015.1,0.0
23.17,30.3,2.88,1003.8,0.0
10.0,92.7,4.82,1016.7,10.14
36.9,90.4,5.49,1014.4,0.0
39.55,77.0,9.51,1004.7,0.0
23.85,47.9,3.11,1005.9,0.0
26.1,39.5,2.75,1015.8,1.98
22.35,58.1,4.43,993.2,0.0
30.87,79.3,4.22,1004.5,0.0
36.44,68.1,2.49,1013.0,0.0
14.93,49.2,4.18,1005.5,0.0
31.07,88.7,11.07,1009.1,0.0
25.92,98.3,2.47,991.7,0.0
28.85,63.9,0.99,1001.2,2.01
31.44,70.0,2.72,1013.4,12.59
26.59,40.8,0.97,1002.0,0.35
27.22,60.5,1.75,997.6,0.0
26.4,77.2,3.37,1016.5,0.0
35.28,74.4,1.54,1012.1,0.0
31.14,58.9,7.37,999.3,0.0
29.65,63.1,2.24,1009.1,7.98
18.47,60.0,6.53,999.6,0.0
25.16,63.0,1.04,1006.8,7.32
34.74,75.6,1.15,1009.4,0.0
28.28,32.6,2.81,1001.5,0.0
32.95,66.7,1.53,1013.9,0.81
41.25,74.3,1.35,1015.2,0.1
35.79,57.7,3.77,1010.1,0.53
28.7,59.4,1.11,1011.3,0.0
24.17,59.9,6.05,996.4,10.17
10.0,59.4,4.31,1018.9,0.0
26.74,68.1,4.39,1007.3,2.65
25.55,70.3,6.22,1000.5,0.0
30.93,30.2,4.48,1009.2,0.0
26.85,79.8,2.3,1014.0,80.36
25.6,62.8,5.31,1012.1,0.0
14.65,100.0,2.58,999.3,0.0
20.95,46.6,3.23,1014.1,0.45
31.57,52.4,3.36,1007.5,6.94
40.87,64.3,1.0,1012.0,2.55
27.27,75.4,6.26,1001.6,6.35
30.46,32.9,6.16,1016.4,5.28
35.14,53.1,2.0,1009.5,0.0
21.92,78.6,1.59,1017.5,4.25
30.75,50.9,3.3,995.7,17.05
22.45,92.7,6.58,996.8,0.0
34.49,59.8,1.2,1006.1,0.0
29.14,51.8,1.49,1019.7,3.14
30.24,79.0,8.89,1023.7,0.0
22.13,96.9,0.5,1000.9,1.25
33.3,75.5,2.14,1008.4,0.0
43.64,90.7,5.25,1009.2,2.16
20.44,98.2,7.29,1013.7,0.0
25.45,51.4,6.7,1015.1,0.0
29.74,84.9,1.58,999.1,4.95
33.9,40.6,4.02,1008.5,1.21
23.8,75.6,5.21,991.9,0.0
10.0,66.7,4.24,1014.5,0.0
38.19,90.4,15.0,1005.3,0.0
33.7,89.1,1.59,998.4,0.0
14.93,78.3,4.83,1010.7,0.0
23.44,73.4,0.5,1005.0,1.54
39.76,77.2,3.99,1018.1,0.0
38.86,69.1,0.5,1000.9,0.0
35.04,66.9,6.58,1025.8,0.0
26.68,94.0,6.32,1014.8,0.0
28.62,96.1,2.48,1018.3,0.0
27.02,65.5,3.44,999.8,0.99
36.46,72.3,7.68,1022.3,0.0
21.43,69.5,3.64,998.3,0.94
21.96,39.0,3.32,1006.3,0.0
35.58,61.9,0.5,1018.4,0.0
27.67,96.8,2.06,1012.1,12.84
38.34,54.5,0.64,998.1,1.01
22.96,100.0,0.83,1017.1,2.54
27.59,89.1,4.02,1010.7,1.61
21.08,75.2,3.79,1004.7,8.2
28.06,78.1,2.76,995.7,2.58
16.91,51.5,4.29,1011.5,0.0
24.34,63.2,3.2,1006.7,0.0
17.23,93.9,2.65,1009.3,0.0
33.2,56.9,4.46,995.3,1.54
33.37,87.1,10.37,1004.7,115.37
15.02,43.2,1.44,1011.8,0.86
38.0,46.4,8.52,1023.0,0.0
45.0,100.0,0.98,1006.4,0.0
28.35,67.8,2.98,1019.5,0.0
23.19,58.3,1.12,1014.3,1.31
45.0,92.5,5.45,1009.9,0.0
18.11,90.4,0.5,999.9,0.29
28.15,84.6,0.78,1000.2,0.0
29.35,57.7,4.33,1012.9,3.5
38.09,62.8,4.79,1003.8,1.03
30.7,73.6,3.8,1003.1,2.95
24.26,80.5,4.76,1006.6,0.0
20.87,58.8,0.5,1006.7,0.0
25.44,71.1,3.09,1015.2,0.0
20.45,72.8,3.16,1004.0,0.0
28.36,91.2,3.5,1014.4,0.58
23.77,81.6,5.52,1011.5,7.66
16.79,40.9,4.27,994.6,3.19
37.41,64.2,10.05,1010.4,0.0
24.27,51.3,4.25,986.7,4.14
18.49,78.2,4.92,1000.8,7.52
26.74,84.6,1.36,1011.7,103.29
28.51,69.8,4.43,1007.9,0.0
14.9,63.2,2.24,993.9,0.0
30.49,69.2,2.13,999.0,0.0
20.15,71.8,5.4,987.1,0.0
40.83,56.5,0.78,997.3,0.0
31.93,46.1,3.46,1012.6,0.0
25.0,31.1,2.63,1003.5,0.0
22.41,90.8,6.03,1009.4,0.0
27.21,76.9,5.49,1008.1,0.0
32.6,74.5,2.68,1008.3,0.0
27.81,90.8,1.33,1016.2,0.0
26.37,45.4,6.32,1006.4,1.38
28.44,36.8,3.1,1015.3,0.0
23.47,74.9,7.43,988.2,0.0
25.43,73.3,4.07,1016.9,0.0
12.36,36.8,3.11,997.7,0.0
35.3,74.5,2.38,999.4,0.56
30.24,60.8,4.16,1002.4,3.05
22.2,53.5,0.89,1016.7,0.0
42.24,62.0,1.89,1000.9,4.11
28.65,30.0,6.63,1002.8,0.0
20.23,57.4,1.05,1000.3,0.0
34.43,55.3,5.89,1010.0,0.0
30.99,78.0,8.35,1013.9,102.58
30.96,65.2,2.05,1021.6,0.0
24.81,79.5,8.9,1027.2,0.21
31.38,30.0,12.16,1013.2,0.0
26.04,52.9,2.14,1010.9,0.0
32.17,78.0,3.19,998.3,7.85
13.71,62.4,1.94,1023.3,0.0
24.75,83.2,3.87,1009.7,1.33
40.92,35.5,4.2,1005.7,0.0
22.25,81.2,2.05,1011.1,0.0
23.47,56.5,1.71,1002.9,0.0
24.64,54.7,4.65,989.3,0.0
18.89,85.8,2.6,1012.6,0.23
11.44,88.9,2.4,1018.7,0.0
26.27,86.6,4.6,1012.5,0.0
29.02,100.0,2.35,1007.9,0.0
27.61,90.8,1.77,1008.1,0.17
26.91,53.7,1.85,1009.4,0.0
28.32,70.5,8.02,1009.1,137.86
35.67,61.5,4.0,1007.5,0.0
26.57,100.0,3.41,1008.2,0.0
23.69,87.9,2.88,1020.4,7.46
25.89,64.6,2.89,1011.8,3.3
32.35,83.8,0.59,1008.8,2.33
38.59,45.8,1.03,1013.3,0.0
23.29,72.5,8.36,1013.3,0.49
28.74,51.1,0.89,1015.6,0.45
30.54,37.6,2.01,1001.9,0.83
20.56,82.1,2.47,1004.2,0.38
28.15,84.4,2.05,1001.5,1.35
17.01,76.2,1.38,1014.1,5.85
14.73,64.7,5.67,1013.7,0.0
30.75,45.2,0.87,997.8,1.25
25.12,47.1,12.07,1011.1,2.09
29.52,50.6,1.0,1019.0,3.33
27.87,63.8,7.29,1006.1,0.0
20.68,87.4,9.1,1010.5,77.64
27.66,87.1,0.5,1013.8,0.71
18.75,38.3,3.57,997.4,0.0
38.43,55.5,4.48,1009.2,0.0
17.83,55.0,3.98,1018.2,0.08
26.53,30.0,4.67,1003.3,9.63
20.18,78.2,1.73,1014.7,4.37
32.28,63.6,6.06,1008.2,10.48
25.51,66.0,1.6,1002.6,1.08
24.11,92.2,2.16,1007.2,0.0
34.4,69.6,1.35,1003.8,2.12
28.22,60.2,5.62,1000.9,0.0
31.87,78.3,5.26,1006.0,101.77
20.64,87.1,1.47,1008.5,0.0
17.46,73.3,2.51,1006.7,8.92
28.8,80.4,8.33,1005.9,1.27
25.61,65.4,0.63,1009.8,0.0
32.7,66.5,11.37,1012.3,0.0
27.4,70.0,1.65,998.8,0.0
29.54,54.4,2.49,1006.0,6.05
15.82,57.8,3.39,992.2,0.0
42.16,92.8,1.0,1006.7,0.0
26.77,100.0,5.31,1009.2,1.67
33.23,96.7,1.78,1012.6,0.0
21.73,44.2,1.87,1009.2,0.0
30.31,42.4,14.14,1012.4,0.0
18.23,46.6,2.79,1008.5,0.0
31.39,70.4,3.94,1002.6,0.0
25.33,30.0,3.12,999.1,0.0
28.22,57.4,6.37,1005.9,0.0
33.23,93.3,7.87,1001.9,0.0
18.76,85.7,3.91,1007.0,0.04
22.87,58.8,11.28,1004.1,13.12
31.43,60.2,7.15,1011.4,10.03
43.74,78.2,1.81,1008.4,0.0
26.96,84.8,15.0,1011.6,0.0
32.43,58.4,1.44,1011.5,0.27
27.2,63.8,6.39,1006.6,0.0
42.57,57.8,3.63,1007.1,0.0
14.9,44.0,2.37,1012.0,0.19
28.71,64.0,8.95,1027.6,2.9
15.81,62.7,3.62,1000.1,4.2
10.0,45.3,4.44,1008.3,0.0
30.23,79.6,0.63,998.4,0.0
29.05,76.7,6.41,1007.8,9.38
25.86,80.5,4.47,1002.6,1.79
27.2,54.2,2.6,1007.0,1.12
45.0,32.3,4.52,1009.2,0.0
26.06,76.4,5.07,1004.1,0.13
31.83,56.0,3.73,993.7,1.05
23.13,52.0,2.14,1019.4,3.39
30.21,45.4,5.65,1014.7,3.25
26.21,63.0,4.2,1007.0,0.0
24.92,96.4,0.95,1000.8,4.75
41.64,58.9,10.04,1008.7,0.0
36.83,48.4,7.04,1010.9,0.0
29.03,79.7,7.3,1014.2,9.04
10.72,71.1,3.81,1014.9,0.95
25.29,30.0,4.99,1016.4,2.08
45.0,79.9,3.01,994.1,0.0
26.27,100.0,4.15,1005.6,0.0
36.27,30.0,2.47,1015.9,0.0
38.81,45.8,2.87,1000.6,0.0
29.64,30.0,3.62,1017.8,0.0
21.69,66.6,2.12,1022.5,0.54
10.0,85.8,12.59,1017.5,0.0
33.13,69.9,4.16,1013.3,0.0
21.89,93.1,5.6,1004.4,9.53
29.32,82.9,2.18,1010.3,0.0
18.63,98.6,6.17,997.2,9.88
26.01,88.9,3.4,1001.8,4.08
28.25,60.7,1.69,1002.3,1.96
30.01,69.2,4.75,1008.5,0.0
19.64,52.4,8.64,1004.9,0.0
36.98,63.8,2.83,1010.1,0.0
23.52,69.1,3.64,1015.0,0.0
15.44,66.5,3.34,1002.3,0.25
27.18,92.2,3.62,1009.2,67.04
28.26,62.1,4.03,1004.7,0.0
29.2,51.2,9.44,1009.5,0.0
38.22,52.3,4.11,1013.5,5.86
26.23,79.8,1.21,1015.4,0.0
27.1,42.7,3.59,1013.4,0.0
19.73,64.4,4.88,1011.3,0.0
34.15,91.9,2.49,996.6,0.0
29.38,73.3,8.89,999.3,0.0
24.85,66.7,2.18,1001.4,3.29
13.71,67.4,1.88,1010.9,2.24
38.83,49.5,5.2,997.7,0.0
18.79,52.6,2.03,1010.7,0.0
23.57,64.5,5.38,1010.1,0.0
30.69,72.9,2.98,992.5,1.89
19.03,85.1,2.69,999.3,0.0
16.8,69.7,1.51,1016.4,0.0
12.07,92.3,3.4,1013.6,0.0
33.41,96.9,2.03,1001.2,0.0
23.91,82.3,1.72,999.7,0.53
45.0,90.0,8.13,988.4,0.0
20.54,50.2,4.82,1019.8,0.0
21.09,47.3,2.38,1008.3,0.0
23.76,77.3,1.06,1023.1,0.0
29.82,43.9,0.5,1006.5,0.0
24.47,62.8,2.48,1010.3,0.0
32.59,81.9,7.31,1015.1,9.73
20.66,93.4,2.96,1021.1,4.87
17.64,63.4,2.1,1012.0,0.0
14.51,56.3,1.12,1008.0,2.61
11.32,73.8,2.62,1008.2,4.2
24.11,48.7,1.96,999.6,0.0
25.74,64.9,1.03,1004.9,0.0
23.26,67.9,2.33,1008.4,3.38
37.33,67.5,5.22,1019.1,0.0
37.21,69.6,0.6,1004.6,0.0
25.49,53.0,3.2,1016.5,4.16
14.55,54.9,0.5,1007.3,0.0
23.75,54.6,1.61,1017.9,0.0
23.5,38.8,0.94,1013.4,0.0
23.07,74.2,6.4,1012.9,2.69
22.77,84.1,8.45,1015.8,0.21
23.1,82.3,3.72,1014.7,2.91
25.1,63.3,1.9,1016.5,3.57
23.23,53.4,2.96,1025.1,0.0
29.56,81.4,0.5,1020.9,2.24
30.7,79.5,6.52,1011.7,5.15
21.17,71.9,6.57,1004.5,4.44
37.53,99.4,5.32,1010.9,0.0
20.65,67.5,3.6,992.6,0.95
15.87,63.4,8.7,1014.6,0.0
30.86,60.8,2.17,999.5,0.0
21.87,39.9,0.53,1017.0,0.0
30.41,79.9,2.81,1023.8,0.0
10.0,66.1,1.21,996.4,0.0
38.44,77.2,7.64,1007.6,0.0
33.04,100.0,1.93,999.5,1.97
16.75,61.0,4.42,994.2,5.09
16.91,30.0,9.71,1007.1,0.0
40.54,76.7,5.56,1013.1,0.0
22.47,71.0,1.8,1014.0,2.8
21.74,54.8,5.18,1009.2,0.0
11.0,75.2,3.46,994.7,0.0
25.37,82.1,1.38,1009.0,0.0
26.29,51.0,1.05,996.1,0.0
33.37,62.6,5.96,996.6,0.0
17.51,94.6,6.81,1000.0,0.0
16.6,55.0,3.06,1016.4,0.0
31.38,69.2,1.42,1012.4,1.21
35.55,30.0,2.39,1010.6,3.17
16.22,41.3,1.5,1001.1,0.0
36.11,70.8,4.28,1004.9,0.0
28.28,90.1,6.1,997.0,60.95
36.19,43.5,6.24,1018.9,0.0
27.47,69.3,6.1,1025.6,4.63
10.0,61.2,3.16,1012.5,0.0
26.86,85.2,2.66,1013.9,3.0
35.95,46.1,3.45,1006.7,0.0
21.3,75.7,2.95,995.0,6.51
25.09,56.2,4.87,1001.2,0.0
26.68,72.0,6.06,1004.3,0.0
10.0,69.2,3.83,1004.9,0.0
40.54,63.5,4.24,1003.1,0.0
21.24,76.6,3.39,1008.4,12.35
31.79,68.8,2.01,1001.2,0.0
27.35,65.6,4.87,1025.3,0.0
37.43,61.6,0.5,997.1,0.0
31.05,69.4,1.93,1015.1,1.0
26.24,72.0,2.86,1005.9,2.27
21.3,50.2,7.47,1011.7,0.0
33.98,61.7,10.84,1012.1,0.0
13.95,49.0,3.34,1009.3,0.0
32.84,67.3,7.1,998.9,1.03
19.76,57.3,7.4,1005.3,5.95
37.39,81.9,0.5,1009.4,0.0
29.21,80.1,3.61,1008.9,0.0
32.83,51.4,2.91,999.8,0.0
28.61,68.0,0.77,1018.3,1.08
14.86,79.5,2.49,988.1,0.0
21.54,64.8,7.21,1006.0,0.0
33.04,54.9,5.33,1000.6,1.68
29.25,48.3,1.05,1009.5,1.63
36.86,83.4,0.5,1016.1,0.0
31.02,84.2,1.73,996.7,5.25
20.75,64.3,3.81,1026.8,0.0
22.03,81.8,3.51,1009.6,0.0
28.77,30.0,0.55,1011.1,0.27
10.64,91.9,4.7,996.5,0.0
40.55,65.2,1.92,1007.6,3.12
31.31,70.6,2.42,1015.8,0.0
37.2,62.2,5.53,1009.7,0.0
16.15,93.1,1.27,1009.1,0.0
37.33,48.9,9.27,1007.6,0.0
44.74,94.5,7.32,997.0,0.0
18.09,75.1,4.92,996.9,0.0
33.79,79.2,2.45,1017.4,0.0
28.01,62.1,8.91,1015.1,5.3
16.42,44.5,2.45,1016.2,0.0
31.7,84.7,5.34,1001.4,1.64
34.25,73.6,0.5,1006.7,0.0
23.49,92.5,2.81,1017.9,0.0
36.74,64.5,0.75,998.2,0.0
15.5,60.5,0.61,1017.0,0.0
16.79,93.0,1.19,1003.3,1.12
29.02,100.0,3.5,1001.2,0.0
28.19,68.2,13.48,1007.7,0.0
22.63,54.5,2.53,999.1,0.0
34.07,82.6,4.71,992.8,0.0
31.98,63.4,4.41,1008.6,6.54
34.44,78.8,2.72,1012.3,0.07
27.08,63.3,0.5,1017.7,0.0
32.52,96.2,3.88,1012.9,10.54
24.66,55.4,1.64,1023.7,0.0
43.4,76.6,3.15,1018.9,0.0
21.91,59.2,6.31,1013.9,0.0
43.79,62.9,3.37,1011.7,0.0
28.26,60.6,2.01,1017.8,7.33
17.68,81.3,0.55,990.3,0.0
38.26,84.5,5.24,1004.2,3.79
28.94,78.0,4.29,993.1,10.7
34.38,66.1,3.45,1013.3,0.0
37.18,70.5,2.24,1002.1,0.0
30.53,84.2,6.51,1030.0,5.51
23.56,84.7,7.32,1003.9,6.41
35.32,30.0,4.94,1008.9,0.0
28.01,63.1,7.36,1004.8,0.0
33.14,64.0,3.76,1004.1,3.84
11.85,80.0,2.88,998.0,0.0
31.35,66.8,4.39,997.8,0.12
23.21,80.9,3.17,990.6,0.07
40.4,48.6,3.13,1012.4,1.56
32.67,72.7,3.09,1004.6,0.0
29.8,84.2,8.38,1023.5,0.0
31.65,41.5,3.15,998.0,0.0
20.51,100.0,3.21,1019.8,0.0
40.17,89.4,2.46,1020.6,1.48
42.94,68.0,4.75,1018.2,0.0
30.95,53.1,11.59,1009.9,6.92
39.93,64.8,3.73,1005.3,3.66
23.73,69.5,2.14,1018.2,0.0
22.02,75.9,7.93,1001.7,0.28
28.31,95.0,2.35,1010.2,0.0
31.26,59.4,10.91,1007.7,0.0
25.05,78.1,3.0,1000.9,4.52
32.03,44.7,4.29,1010.2,0.0
30.3,60.6,5.52,1013.9,0.0
20.51,74.8,2.32,1000.6,0.0
31.89,80.4,1.21,1011.7,1.56
34.48,54.4,2.69,990.2,2.15
29.29,60.1,3.17,999.6,1.39
36.64,94.3,0.98,1004.3,0.0
18.87,88.9,2.74,1010.9,7.03
31.51,71.8,6.36,1015.0,0.0
19.22,30.0,4.38,1008.7,0.0
19.64,100.0,1.77,1012.5,0.0
23.27,67.6,6.56,1006.7,0.0
20.93,62.4,1.05,1011.2,7.8
23.89,58.6,2.94,1010.8,6.0
26.39,74.8,1.83,1003.9,0.0
34.28,75.0,3.66,1005.2,0.0
25.59,85.1,7.94,1012.8,1.47
16.11,51.3,10.02,1022.5,1.13
36.55,62.4,3.72,1017.7,0.0
21.72,100.0,8.28,999.0,0.0
27.56,72.0,3.69,999.0,1.88
31.35,64.9,4.97,1003.7,0.0
29.5,51.1,5.94,1008.8,3.5
36.21,77.1,5.39,1008.4,0.0
31.59,86.6,3.89,1017.9,6.18
21.54,83.7,0.91,1018.4,0.0
44.34,63.3,7.81,1008.0,4.66
29.46,74.5,3.84,1006.2,0.0
26.89,98.1,7.76,1012.1,7.05
35.23,87.3,4.13,1016.5,0.0
29.87,53.9,1.86,1012.4,0.0
30.99,30.0,0.64,1004.5,3.59
45.0,73.3,4.26,1003.1,3.24
25.94,82.4,1.17,999.1,4.15
25.62,48.4,9.07,1009.5,0.0
28.87,67.8,2.65,1013.0,0.0
36.04,63.3,2.1,1013.9,0.0
16.7,69.9,8.54,1017.2,3.18
13.26,58.2,3.14,1019.8,0.0
23.6,91.2,1.23,997.0,3.76
15.75,70.7,6.4,1011.2,2.41
24.81,52.2,1.72,1011.5,0.0
31.77,84.5,5.75,1007.4,4.93
21.32,45.2,3.19,1001.4,0.16
17.3,91.1,1.83,1019.6,5.31
28.52,85.8,3.15,1003.3,7.96
34.47,93.0,4.58,990.5,0.0
15.29,65.2,3.75,1008.2,0.0
34.15,59.1,3.86,1006.1,0.82
34.13,69.5,2.04,1022.9,8.1
35.16,66.5,1.18,1011.9,9.61
37.14,56.3,2.71,1005.6,1.17
44.52,58.0,0.5,1006.4,1.48
25.33,61.4,4.84,1006.3,4.34
28.82,46.9,3.69,1025.7,0.0
24.88,80.2,3.55,1013.4,0.0
28.01,67.1,3.53,996.7,0.0
39.5,62.4,0.68,1006.0,0.0
17.91,48.0,2.86,1007.8,5.96
21.54,47.1,3.15,999.1,0.0
38.33,100.0,4.55,993.7,12.81
35.65,56.7,0.5,1012.8,3.21
25.28,79.0,1.07,1001.6,0.0
34.41,70.9,12.98,1018.0,0.0
30.56,30.0,5.48,1008.1,0.0
39.25,100.0,2.38,1004.2,1.72
28.56,80.3,4.09,988.7,0.0
35.69,54.2,5.37,1017.8,6.52
45.0,67.5,1.58,1010.3,0.0
32.49,47.3,6.46,1004.4,0.0
28.37,100.0,9.23,1000.9,0.0
33.42,51.7,0.68,1020.8,0.0
25.26,58.6,5.7,999.5,0.0
45.0,54.9,5.75,1005.1,0.0
29.35,69.4,5.47,1012.6,5.47
25.95,92.7,7.76,1019.6,0.0
21.73,100.0,2.36,1006.3,0.0
36.23,60.8,0.68,1002.1,0.0
34.5,74.8,1.16,1007.1,0.0
24.27,69.5,2.51,1015.2,0.0
32.32,50.3,1.71,1017.0,0.0
16.69,100.0,1.23,997.0,7.06
29.39,92.5,5.72,1008.9,0.0
31.4,71.4,2.78,996.5,2.8
40.8,96.5,7.5,1015.1,0.0
22.22,89.8,2.65,1011.4,0.0
18.41,69.5,3.42,1000.6,5.49
21.28,73.9,5.61,1020.3,149.87
17.98,95.2,6.47,1010.7,0.0
38.02,51.0,3.74,1009.8,0.0
39.61,98.1,2.55,1006.6,0.0
30.4,63.9,1.31,1007.9,0.3
37.16,95.4,1.47,1004.9,2.93
29.0,67.9,5.84,1002.1,2.8
27.29,74.1,12.25,1017.8,0.0
25.5,67.4,1.62,1004.1,2.07
25.67,58.4,0.96,1003.8,0.87
16.39,63.1,1.73,1007.0,1.23
29.98,92.8,0.5,1019.4,0.0
27.7,30.0,2.58,1017.0,12.53
33.59,45.7,1.14,1004.8,13.71
28.7,54.9,6.73,1017.8,0.0
26.78,48.6,1.4,1008.9,8.29
21.47,95.2,2.83,1001.3,125.26
28.54,90.6,4.97,1004.2,0.0
33.54,78.7,2.41,1019.0,0.0
19.42,56.5,4.09,1024.7,7.4
28.66,92.0,2.32,1010.6,0.0
29.75,39.4,4.86,1003.5,0.0
22.61,100.0,5.14,1007.0,9.59
23.59,55.7,1.01,1001.9,0.0
29.73,63.3,4.7,1003.1,0.0
19.5,60.3,1.47,1002.3,2.01
30.62,48.7,3.05,1007.4,0.0
21.28,100.0,0.52,1009.0,0.0
35.97,82.2,3.18,1006.8,0.45
45.0,89.9,2.47,1006.2,0.0
21.54,46.0,2.77,1014.1,0.0
32.01,71.3,1.22,1006.2,0.0
22.55,77.4,4.98,1006.7,0.0
35.81,72.9,6.34,1006.6,0.0
18.51,47.1,3.83,1020.3,9.66
31.6,87.4,3.78,1004.1,94.2
21.45,70.2,2.25,1012.8,0.0
26.45,50.8,2.42,1002.0,0.0
20.27,34.6,6.05,1010.8,7.96
34.17,78.9,7.8,1012.4,0.0
21.72,100.0,4.35,1016.7,0.0
32.14,49.7,2.01,1004.9,0.0
25.42,71.1,2.22,999.1,0.0
27.14,88.0,0.71,1001.7,0.0
29.11,45.1,3.5,1015.7,0.0
22.29,59.4,2.89,1024.7,0.26
29.58,52.5,2.06,1014.7,0.0
39.48,85.7,0.79,997.9,0.0
22.16,91.9,5.85,1014.4,0.0
36.79,70.9,3.98,1000.4,0.0
39.24,52.8,1.21,1005.2,0.0
21.88,60.0,6.18,1009.5,0.0
17.09,56.7,4.09,1010.8,0.0
30.26,50.4,2.35,1008.5,0.0
23.89,66.2,1.35,1003.2,0.0
42.01,78.3,2.47,1016.5,1.12
28.26,76.8,2.64,1003.8,0.0
21.98,67.9,4.71,1018.0,1.8
19.4,69.0,7.18,997.1,0.0
36.17,66.5,1.44,1009.7,5.6
23.72,44.7,4.92,998.2,2.72
28.33,70.9,3.46,1001.3,2.87
35.17,57.5,9.11,1003.9,0.0
24.37,43.7,7.91,1020.2,1.93
27.66,74.7,1.76,1018.5,1.48
27.88,57.0,4.23,1015.0,8.34
33.12,72.1,2.32,1008.3,0.13
32.43,83.3,1.52,1009.5,0.0
26.35,50.9,1.41,1018.1,0.0
28.48,69.7,2.78,1013.6,3.25
25.21,35.4,2.1,1008.1,0.0
16.92,95.6,10.8,1019.9,0.16
29.93,43.5,4.6,1014.5,7.5
42.19,58.7,5.16,1009.9,0.0
21.37,92.1,3.97,1004.3,5.33
22.2,63.8,8.36,1003.6,0.67
21.47,46.4,2.17,1005.3,0.0
33.43,80.8,4.14,1011.7,1.33
31.36,80.4,3.8,1014.7,0.0
26.81,56.6,6.34,996.4,0.0
21.11,58.6,5.42,992.4,0.17
28.69,60.2,6.69,1000.4,6.47
16.27,64.3,3.08,1004.7,6.48
29.08,33.9,2.06,1017.6,0.0
34.54,64.7,5.03,1005.8,4.4
18.62,100.0,2.43,1010.0,147.0
16.51,51.9,0.91,1011.3,0.0
39.85,57.5,4.22,999.8,0.0
23.41,46.7,2.35,1019.7,2.14
36.52,79.0,4.02,1002.7,0.0
26.85,89.7,1.49,1020.5,0.02
26.79,89.2,1.67,1007.0,0.0
31.29,45.5,5.73,1005.3,0.0
21.37,77.0,3.94,999.1,2.26
28.99,93.8,11.18,1009.6,0.0
25.14,77.2,5.71,1026.0,0.0
18.1,76.6,3.27,1011.3,0.0
30.53,59.5,4.31,1010.2,0.0
26.03,72.0,3.51,1002.7,1.74
26.82,90.3,6.62,1012.7,9.93
18.92,73.9,3.36,1009.3,0.32
39.94,45.5,4.8,1007.5,0.04
34.58,59.8,1.41,1012.0,0.0
35.23,89.8,0.63,993.5,0.0
25.71,73.8,0.87,1007.2,0.0
15.03,70.1,5.53,998.4,0.0
42.65,58.0,4.58,1008.2,0.0
27.54,89.4,1.55,1002.2,68.98
22.38,97.9,2.18,1002.8,0.0
31.13,90.7,1.52,997.3,0.0
36.75,94.0,3.37,1016.9,0.2
27.83,61.5,6.94,1002.6,0.0
37.59,59.0,5.07,1003.0,0.0
36.12,65.2,12.73,1020.2,0.0
19.93,68.7,2.71,1012.5,1.38
22.95,93.8,5.71,991.7,0.0
35.18,89.0,5.85,1019.1,0.0
10.0,77.7,4.44,1021.2,0.0
26.88,42.2,0.81,1020.4,0.0
17.27,37.6,3.38,1013.3,0.0
24.43,72.3,8.0,999.2,0.0
25.76,83.8,3.35,1007.6,3.57
25.31,66.6,0.89,996.4,6.8
23.86,100.0,3.79,1001.1,0.16
19.77,48.5,4.6,999.1,0.0
45.0,46.2,2.95,1003.0,0.21
42.01,56.0,1.81,1009.3,0.0
19.28,55.4,6.57,1004.4,1.17
39.87,77.5,2.33,1004.1,8.91
25.0,60.4,3.48,1005.7,0.0
28.97,40.1,3.02,1020.0,5.75
27.53,84.0,12.63,1025.3,0.0
23.05,36.3,1.83,1004.4,2.48
35.38,48.7,7.69,1010.7,0.0
28.94,38.8,8.02,1001.3,7.03
24.43,71.7,4.23,1014.1,0.0
18.22,71.3,5.4,1004.2,0.0
21.3,100.0,10.39,1002.3,0.0
15.69,84.4,8.46,1024.0,1.19
28.09,93.9,13.6,997.2,0.78
19.03,73.2,5.69,988.4,2.91
26.01,50.4,3.18,1013.9,2.32
38.28,70.3,4.71,1005.1,0.0
36.99,78.7,3.66,1002.8,63.24
27.76,80.7,1.9,1029.9,1.2
27.35,59.5,5.52,1013.8,1.48
42.1,76.8,4.68,1007.5,0.0
31.91,51.2,3.24,1002.3,2.97
25.54,49.2,4.92,1011.6,0.0
17.3,47.9,0.5,994.1,8.96
30.95,68.4,3.2,1003.9,0.0
34.22,46.8,5.6,1007.7,0.0
23.26,60.4,6.26,1009.7,6.95
30.18,84.3,7.64,1006.9,0.0
25.27,49.5,1.72,1002.5,13.0
26.62,58.9,2.53,1015.4,8.35
10.0,69.3,5.32,994.8,1.79
26.34,72.4,1.99,1005.8,3.81
35.27,59.0,2.98,1003.9,0.0
23.26,82.2,1.57,1016.1,5.94
28.39,78.6,2.11,1004.3,0.0
22.33,88.5,2.73,1011.5,52.49
30.7,66.5,5.02,1010.7,2.84
26.38,58.8,5.69,993.3,0.0
20.96,55.7,5.21,1007.5,0.0
37.99,73.5,1.36,994.1,3.26
34.97,61.2,1.27,1010.8,0.24
23.46,57.8,5.57,1002.2,0.0
31.73,59.9,1.93,1017.5,0.84
32.03,55.7,4.51,1006.6,0.53
32.82,71.6,4.32,1001.8,0.0
15.29,42.6,1.88,1017.6,7.94
35.55,73.5,6.83,1001.0,4.55
23.73,80.2,8.65,1015.2,0.0
25.32,57.5,0.52,1011.7,1.7
45.0,100.0,10.68,1005.1,0.0
30.26,68.3,10.4,997.3,1.44
25.1,39.9,4.7,1017.9,2.11
11.46,62.9,0.5,1012.0,1.47
38.42,69.1,1.01,1001.8,0.89
17.91,76.1,2.7,1010.0,8.52
20.47,63.4,1.83,1016.0,4.98
25.51,49.8,2.48,1008.9,3.59
38.62,48.3,7.97,1009.9,0.0
33.8,56.2,2.93,1016.3,0.0
26.82,58.0,4.84,1020.3,0.0
30.31,47.6,3.61,1007.0,0.52
23.5,54.8,2.12,997.3,10.78
29.05,79.9,11.06,997.6,0.0
28.55,97.7,1.21,1002.5,0.0
35.27,81.6,3.54,1000.5,0.0
35.25,91.5,2.45,994.5,7.71
31.7,85.5,1.56,1022.8,0.0
25.28,83.0,11.78,1012.2,0.0
33.56,61.9,2.11,1003.8,0.0
27.31,70.5,3.19,1007.7,0.0
19.89,60.4,3.71,993.7,1.3
24.98,64.1,7.3,1017.3,0.0
28.63,69.2,5.8,992.4,0.0
34.83,80.8,1.25,1012.1,0.0
26.62,75.6,1.95,993.3,0.2
18.93,65.1,4.96,1004.7,0.0
28.43,69.0,3.63,1017.9,0.0
28.85,75.8,2.25,994.9,0.04
29.39,80.0,5.69,1006.8,0.0
34.9,40.7,1.68,1013.0,2.55
35.64,48.6,1.63,1011.7,0.0
23.54,87.9,0.95,1008.6,0.0
23.38,66.9,4.39,1012.0,0.77
20.2,60.4,3.62,1003.1,0.0
33.24,63.3,6.02,1023.5,0.0
38.87,63.3,1.59,995.1,2.31
25.64,78.0,0.5,1017.3,62.06
26.19,48.1,3.85,1009.5,5.74
39.0,68.4,1.63,1012.9,0.0
31.79,72.4,3.15,1014.4,0.77
31.27,75.1,3.88,1012.4,0.0
19.07,72.0,2.18,1001.5,0.0
33.09,77.3,4.63,1005.7,1.37
21.03,57.7,1.14,996.4,1.34
19.49,51.0,3.95,1005.6,0.43
25.4,100.0,4.65,1010.6,0.0
23.61,62.6,3.43,1012.9,0.0
26.34,64.7,3.46,1011.1,0.0
17.19,80.2,3.15,994.0,2.7
35.19,96.7,2.53,1003.5,0.0
36.46,58.2,5.57,1002.7,0.0
13.39,50.0,0.52,997.5,0.0
35.34,45.6,8.67,1001.3,0.54
21.92,96.7,3.17,1008.0,0.0
34.43,49.3,5.19,1019.3,0.0
27.49,67.5,3.76,1000.4,0.0
28.22,50.4,0.5,999.0,0.0
26.61,41.9,6.79,1003.2,0.0
37.09,62.7,7.84,1010.7,14.82
18.7,51.1,2.6,1017.8,0.0
32.56,55.6,0.5,1007.3,0.0
36.26,100.0,0.91,996.4,0.0
33.37,75.6,2.67,998.1,0.0
45.0,84.8,3.48,1009.5,0.0
24.03,82.8,6.03,1016.0,0.0
35.18,66.2,7.04,1022.5,0.0
27.2,60.1,3.68,998.5,0.0
37.25,72.5,4.91,1009.1,0.0
27.94,71.0,1.31,999.8,0.4
25.09,57.8,1.69,1000.8,0.0
37.8,70.3,1.67,1000.1,0.0
24.31,55.3,2.72,1005.3,0.0
17.4,64.9,2.33,1000.9,0.0
24.12,62.0,6.13,1027.8,1.93
32.64,45.2,2.52,1004.3,0.0
38.44,30.0,3.9,1015.9,0.0
28.83,51.1,4.56,1002.7,0.0
37.89,100.0,3.33,1025.9,0.0
17.81,62.4,5.58,1010.7,6.4
24.68,82.0,4.66,1014.7,3.11
25.84,30.0,1.52,1003.3,1.82
27.14,49.9,4.8,1015.8,0.0
28.63,43.6,1.67,1010.7,5.43
33.18,64.4,2.51,1005.0,0.0
24.66,100.0,4.36,999.4,0.0
29.04,76.3,5.62,1006.1,4.18
27.66,98.5,0.62,1005.4,0.0
21.06,63.4,6.57,1015.0,0.0
27.15,92.6,10.73,1006.1,125.65
26.92,100.0,0.5,992.6,0.0
26.76,66.0,3.6,1013.2,0.0
28.24,58.3,0.5,1018.3,0.15
28.57,44.3,6.81,994.7,0.0
24.76,62.4,1.49,1022.4,0.0
37.55,69.5,2.34,1019.2,0.0
19.23,100.0,2.14,1003.0,0.17
22.59,44.7,2.54,999.1,0.0
45.0,69.1,3.13,1016.4,0.0
20.22,35.3,0.72,997.0,0.2
17.85,60.3,12.76,1002.7,0.0
33.51,73.6,2.31,997.5,0.88
12.42,77.2,0.75,1008.0,0.0
26.24,78.6,6.01,1019.7,0.0
44.09,75.2,3.67,1011.0,0.0
16.41,78.4,7.43,1016.1,0.0
13.14,68.8,3.58,1005.2,0.0
16.76,49.1,2.0,1008.8,0.0
34.74,34.7,2.24,998.2,0.0
36.44,58.2,5.98,1007.2,0.0
24.16,65.6,6.08,1002.0,4.49
33.12,90.6,5.66,1006.7,0.0
38.43,66.2,5.0,1006.2,0.0
41.41,64.5,9.76,1005.5,0.0
26.15,74.9,3.11,1024.9,0.0
10.74,63.1,0.93,1022.1,0.0
21.84,82.6,2.07,1019.3,6.35
24.8,100.0,1.55,1022.4,0.65
26.06,100.0,6.09,1019.4,0.0
26.59,69.7,0.87,1007.8,2.81
36.39,74.1,0.91,1007.0,0.0
37.56,96.4,3.67,1009.9,114.05
26.71,65.3,8.81,1006.3,0.0
36.24,80.2,6.74,999.7,3.83
30.68,47.6,4.0,1010.4,3.4
28.48,62.4,6.97,995.5,4.22
34.8,88.8,2.36,1009.1,0.0
28.54,55.1,9.77,1000.0,1.44
43.43,65.7,0.86,1007.4,0.0
17.21,39.7,1.37,1009.5,0.21
24.14,100.0,5.28,1005.2,0.0
27.05,90.7,5.45,994.9,7.44
31.3,71.4,8.95,998.5,0.0
37.51,77.1,1.97,1011.7,0.0
27.82,75.1,7.18,1003.5,0.0
17.33,92.9,3.72,1012.5,0.0
34.32,58.7,1.18,1008.1,0.0
33.66,81.2,0.87,1006.4,104.82
13.44,87.4,2.48,1010.8,4.36
27.97,89.9,2.83,1002.6,7.61
16.07,30.0,0.72,1011.2,2.43
23.02,57.2,4.72,1004.6,1.21
21.23,49.7,5.22,1028.3,0.0
34.07,70.7,2.41,998.9,1.83
28.88,31.7,2.9,1005.1,0.0
18.36,31.2,6.85,1005.5,0.0
34.6,100.0,4.78,997.2,0.0
17.25,79.1,4.88,1013.8,8.14
30.48,70.2,3.53,1004.6,0.0
21.89,74.5,3.58,989.0,3.72
25.26,70.6,3.8,1013.6,0.0
31.78,86.0,1.25,1002.9,1.83
31.91,56.6,2.69,1007.2,0.0
38.03,71.4,3.91,1013.4,0.0
27.38,72.1,5.31,1005.1,0.0
30.3,49.2,4.88,1005.0,0.0
24.72,91.0,4.12,1027.7,3.22
29.36,60.0,3.01,990.8,0.0
31.3,86.3,5.24,997.7,0.58
27.26,70.1,5.22,999.3,0.0
14.47,97.4,2.86,1022.3,4.75
30.49,49.3,2.86,1002.8,0.0
30.73,48.5,0.56,1009.9,0.0
22.9,51.7,11.19,1004.2,0.0
18.37,70.4,4.46,1012.8,0.0
39.07,95.7,5.91,1007.9,0.0
31.69,96.7,7.76,1010.0,1.53
26.28,30.0,0.59,1018.3,0.0
19.47,72.5,2.74,1011.5,0.0
21.84,30.0,2.5,1002.1,0.0
37.77,82.3,2.62,1010.5,1.91
29.03,88.1,1.28,1027.3,0.0
23.87,67.3,7.72,1012.5,0.0
31.82,69.5,3.7,1009.2,0.98
21.89,69.3,3.63,997.0,0.0
39.26,53.9,5.28,1013.8,0.79
38.15,75.8,0.56,1015.0,1.67
24.5,63.8,3.29,1010.5,0.0
23.28,84.7,6.0,1008.9,111.42
10.0,66.0,8.69,1030.0,8.57
16.89,52.5,4.34,1014.8,0.0
17.95,40.4,5.58,1017.9,3.39
29.01,34.4,5.49,1008.5,0.0
25.55,91.6,3.07,1006.9,5.93
17.91,59.8,4.08,1013.1,0.0
25.89,74.1,2.29,1006.9,0.0
31.79,100.0,6.6,1007.6,0.0
31.96,57.9,1.44,1011.7,0.25
13.75,56.7,1.72,1003.9,0.0
27.04,65.6,1.51,1009.8,3.23
17.62,68.5,2.38,1008.6,0.0
34.76,100.0,1.95,1015.7,0.0
33.88,96.2,2.85,1003.1,0.0
21.26,79.2,3.46,992.0,8.55
22.25,94.1,5.84,1005.5,0.0
24.54,64.8,3.38,1011.2,2.61
11.1,73.4,2.62,1015.7,0.0
30.52,62.6,2.27,1002.5,0.35
25.95,44.8,7.13,1012.3,0.0
35.28,89.7,3.77,1017.1,0.76
19.76,77.6,6.27,1014.0,1.55
23.36,68.3,0.73,1001.7,0.0
16.7,68.0,2.01,1002.5,1.06
20.47,40.9,5.97,1011.5,1.74
19.14,50.4,1.67,1021.0,0.0
35.47,74.1,6.17,1008.1,0.0
22.76,58.5,1.1,1006.7,0.0
28.93,64.1,1.48,997.0,5.91
25.14,66.1,2.59,1005.1,0.0
18.48,55.7,1.7,1002.3,0.51
26.74,50.6,1.7,1008.2,0.0
32.49,39.0,7.05,995.9,0.0
18.94,65.4,1.63,1005.4,2.32
34.07,79.1,4.76,999.9,12.13
21.63,38.4,5.51,1015.5,7.32
24.38,67.6,2.21,1001.1,0.0
31.98,73.1,1.59,1003.4,0.48
23.02,50.2,2.22,1010.3,8.1
28.28,93.6,9.04,1004.4,0.0
25.64,61.1,8.48,1026.9,5.03
28.97,66.2,6.98,1015.4,1.25
10.14,65.1,9.54,1008.1,0.0
14.28,36.1,4.89,1010.9,4.63
32.62,86.2,2.39,989.2,148.41
35.78,50.8,5.9,1017.9,1.43
21.17,63.7,7.5,1012.1,0.0
26.17,78.8,2.09,1007.4,3.7
30.21,94.3,7.92,1012.5,0.0
33.2,48.6,2.81,1013.5,0.0
12.79,60.0,1.59,1004.7,0.0
21.35,92.9,1.89,1011.0,0.0
25.51,76.3,2.92,1016.4,0.0
33.27,80.1,4.85,1011.6,0.54
45.0,49.1,3.16,1006.0,2.89
26.29,61.2,4.75,1010.4,0.0
17.45,65.0,11.69,1019.1,0.01
31.02,52.6,0.53,1014.3,0.0
37.91,37.9,4.19,998.7,0.0
28.81,58.8,3.55,1012.7,0.0
21.2,92.4,2.55,1011.6,0.0
35.18,69.1,0.5,1017.3,0.0
32.98,92.7,2.31,1008.3,2.97
20.3,71.2,5.7,1005.0,0.0
30.86,54.2,4.42,997.1,0.0
35.48,91.0,6.18,1002.4,9.57
36.86,71.8,3.26,1017.7,4.34
27.5,85.3,0.5,1009.6,15.78
25.31,48.8,1.69,1007.2,0.0
37.2,86.7,0.94,1018.4,2.16
18.92,87.2,7.42,1016.7,5.05
31.29,73.2,0.56,1002.1,0.0
17.72,53.5,4.72,1017.6,0.0
35.99,67.2,11.93,994.7,0.84
26.06,79.0,0.5,1011.7,0.81
37.51,72.2,1.82,1010.7,0.0
31.69,78.8,4.57,1017.2,4.35
18.83,86.2,1.54,1011.0,2.85
38.68,56.3,0.97,1006.0,0.38
39.63,47.2,1.73,1006.7,0.0
34.62,67.3,2.68,1029.5,0.51
22.29,62.1,2.77,1008.7,0.0
25.7,82.1,3.63,1012.8,0.6
29.09,48.7,7.09,991.8,2.57
22.72,86.4,1.57,1001.4,0.0
40.69,92.4,6.99,1012.2,0.0
29.08,68.0,12.52,995.1,0.0
10.0,69.1,3.84,1012.4,1.97
30.55,54.2,6.29,1002.2,1.4
25.39,58.2,7.33,999.7,0.16
27.44,60.6,6.93,1002.2,8.95
25.24,94.0,1.54,1020.2,0.04
34.05,66.7,7.93,1010.7,0.0
36.4,44.2,0.5,1000.7,0.0
30.12,72.6,3.85,1014.2,119.85
25.46,82.9,2.53,1014.6,2.35
27.69,67.5,7.02,1004.9,2.51
28.15,94.4,2.84,1015.7,0.0
21.98,82.0,8.34,1016.1,124.56
32.34,49.1,3.93,1014.8,11.16
31.45,58.1,4.5,1002.6,2.79
39.55,72.1,3.1,998.6,0.0
37.42,38.0,1.5,994.5,1.96
22.86,74.1,1.66,1002.8,0.0
34.15,36.3,0.5,1005.1,0.65
20.87,86.4,1.51,1005.7,1.56
33.22,84.3,3.12,1007.6,146.81
24.13,77.1,4.05,1021.9,0.0
20.33,55.8,3.23,1005.3,0.0
30.1,71.1,6.73,1007.6,0.0
10.0,58.8,1.35,993.5,0.5
14.87,49.4,2.65,1025.8,16.99
26.67,61.9,1.06,997.5,2.97
28.62,80.6,2.05,1002.3,0.0
25.23,68.8,0.5,1013.6,0.0
16.15,94.1,5.56,1010.0,0.0
21.87,81.8,0.87,1021.1,4.0
30.93,79.9,1.85,1013.8,0.0
32.36,39.0,2.07,1007.3,1.17
27.88,62.9,2.29,1016.4,0.0
36.68,48.8,2.39,1017.3,0.0
30.98,64.7,6.14,1002.7,0.89
22.39,55.5,3.76,1015.7,0.0
25.9,61.2,2.51,1006.2,0.0
17.48,87.1,14.04,1007.2,0.0
27.19,76.6,4.55,1009.1,0.24
36.34,86.1,3.0,1005.0,0.0
33.14,39.2,13.94,1004.5,0.0
38.52,69.0,3.13,1015.9,0.0
25.73,85.4,2.26,995.8,0.0
38.1,95.1,3.58,999.5,0.0
26.55,40.1,1.29,1013.4,0.0
39.04,61.7,0.5,1007.4,0.77
27.84,86.6,0.72,1015.9,9.76
33.3,64.5,4.76,1010.9,0.0
39.06,51.6,0.97,997.3,0.0
26.55,40.1,4.45,1008.5,0.0
29.64,50.9,3.84,1012.3,4.45
37.67,37.6,5.08,1009.9,0.0
27.0,69.1,4.21,1004.3,11.23
18.09,84.1,2.02,1005.8,0.0
44.07,45.3,14.68,1003.5,1.31
24.48,72.6,2.02,997.4,0.0
29.19,83.2,2.32,996.3,0.6
36.67,68.0,2.11,1011.1,0.0
23.44,39.0,0.99,1001.0,0.0
20.44,75.0,2.14,1012.6,6.84
29.9,67.0,7.23,1003.2,4.1
14.55,65.2,1.55,997.5,0.64
25.84,58.2,6.97,1004.7,1.43
29.84,69.6,5.68,1024.8,0.0
25.98,77.2,7.8,1007.2,4.89
16.42,100.0,5.86,1013.2,0.0
39.96,70.0,3.18,1009.4,0.0
28.78,95.2,1.47,996.8,0.0
38.73,74.4,1.33,1019.6,1.35
26.05,66.2,3.33,1006.0,7.74
21.4,70.7,2.76,997.5,0.0
30.02,46.0,5.94,1003.9,10.86
26.38,73.5,6.29,1006.4,1.19
19.17,32.1,6.72,1014.0,0.0
39.02,52.5,2.79,1002.6,0.0
23.33,70.0,6.02,1029.0,1.84
14.2,89.5,3.14,1000.5,11.83
37.96,93.8,2.29,1012.9,0.0
24.22,63.7,6.27,992.2,0.0
23.44,70.8,6.18,1007.0,0.0
14.76,85.7,1.06,1010.9,0.0
41.06,44.1,5.84,999.0,0.0
18.33,75.3,1.48,1020.0,2.96
28.44,53.1,4.28,1011.5,0.0
34.84,64.9,3.16,1005.5,0.0
31.16,59.7,3.58,1011.4,0.0
27.55,75.8,3.57,1003.3,0.0
15.24,77.9,5.41,1018.0,0.0
21.93,84.0,3.21,1016.1,5.2
29.41,74.3,5.95,1011.0,0.0
22.1,71.1,4.95,1012.9,0.0
29.53,100.0,7.4,996.2,0.0
33.11,40.6,3.67,1019.7,0.94
35.22,98.5,1.17,1007.2,0.0
18.8,62.8,4.42,1016.2,0.0
44.47,78.3,1.78,1014.0,0.0
33.76,62.1,0.59,1016.1,0.18
27.99,55.4,3.27,999.6,1.47
36.17,76.7,10.48,1000.6,12.43
45.0,86.8,3.1,1026.0,2.24
17.21,76.5,5.5,995.8,0.0
26.31,58.2,3.06,999.2,3.93
10.16,100.0,7.5,1008.3,0.79
29.44,89.6,8.56,1008.4,0.21
30.74,84.8,3.41,1003.7,5.51
27.71,61.6,6.43,1012.9,2.07
23.09,56.7,0.85,1015.2,13.23
12.63,63.0,2.28,1007.9,0.0
30.8,87.5,5.33,1005.9,0.0
38.92,50.2,2.07,1007.8,13.94
23.57,48.8,3.16,1004.0,7.16
31.3,77.7,1.03,994.4,1.33
16.24,73.7,9.86,1010.4,0.0
31.43,54.1,7.0,1014.1,2.44
25.05,48.4,1.79,1006.8,2.73
22.28,93.9,1.17,989.9,0.0
22.3,74.4,5.32,1003.4,0.86
25.05,43.5,2.03,1015.2,0.0
30.87,44.7,2.35,996.5,2.73
18.16,61.5,15.0,1013.6,0.0
25.02,81.2,1.71,1004.4,0.0
27.69,78.7,4.06,1007.8,2.75
19.76,88.4,3.4,1002.5,0.0
41.47,41.2,2.68,998.9,0.0
21.6,72.0,7.0,1019.5,0.19
22.98,93.7,3.23,1014.5,0.0
20.66,92.0,2.88,1013.2,2.28
41.49,74.5,3.4,1015.3,0.0
32.15,100.0,3.36,1012.0,10.58
20.98,79.0,4.83,1015.6,0.0
36.3,86.8,3.51,1002.7,0.0
29.51,68.8,0.94,1019.0,0.0
29.93,53.9,1.48,1018.3,7.42
25.42,52.2,3.32,1011.0,0.0
22.38,71.3,0.55,1005.7,2.59
30.53,64.2,2.29,998.2,0.0
23.91,36.2,4.54,1009.8,0.0
41.63,49.5,4.42,1021.5,0.0
18.48,62.3,4.46,998.7,0.0
39.52,81.1,6.82,1016.1,121.89
27.17,67.7,3.53,1004.2,1.42
30.24,66.7,2.4,1004.9,0.0
34.25,50.2,1.8,998.6,0.0
23.27,68.4,2.81,1002.0,4.79
34.48,91.7,6.49,1013.2,6.5
10.0,70.8,2.69,1014.2,0.0
22.6,40.9,3.24,1009.9,0.0
21.07,45.5,9.51,1004.0,0.0
18.6,78.6,2.51,999.2,0.2
26.39,64.0,3.51,1008.5,0.0
30.89,66.7,1.51,1005.1,0.0
33.27,57.0,1.42,1009.7,7.16
29.81,77.1,2.2,1005.4,1.67
23.01,62.6,8.07,1005.6,1.01
30.77,64.6,5.16,1009.3,9.77
28.93,52.7,3.79,1010.8,8.09
35.02,84.6,2.6,1017.8,0.0
33.83,64.0,0.5,1005.3,0.0
28.23,78.9,1.1,1012.4,9.21
21.27,46.5,2.23,1022.4,0.0
23.1,99.2,6.55,1012.6,7.81
23.88,91.0,1.32,1017.3,0.0
25.64,33.6,4.13,1003.0,0.21
30.01,53.6,4.91,1002.2,0.0
33.36,76.6,4.01,1006.7,0.0
27.62,44.2,13.6,1007.6,2.67
28.12,65.6,3.01,1016.6,0.52
29.07,75.7,1.9,1002.2,0.0
24.13,64.7,1.99,1007.3,0.39
21.06,77.7,11.12,1016.6,3.08
14.83,55.5,1.15,1009.7,0.0
22.79,30.0,5.47,1007.9,0.0
31.55,85.7,1.93,1009.9,0.0
22.73,85.6,2.5,999.0,0.0
26.22,100.0,1.15,998.8,0.0
31.5,30.0,5.61,995.3,0.0
31.91,81.5,0.5,1009.7,5.35
19.9,32.6,7.92,1015.4,0.0
35.48,99.6,0.67,1014.1,0.0
36.46,76.8,1.38,1017.1,0.97
19.53,50.9,1.61,1019.6,7.88
21.82,82.0,6.15,1009.2,11.12
36.93,58.0,7.21,1007.5,0.0
26.9,73.4,6.28,1019.8,0.58
11.35,71.7,2.31,1002.4,2.68
17.5,99.4,10.87,998.6,146.14
26.13,100.0,4.92,1005.3,2.1
19.28,57.2,4.54,1004.4,3.93
24.9,87.0,6.21,1008.4,0.0
28.24,74.4,2.61,1001.2,63.87
38.97,42.6,5.8,1011.0,0.0
25.82,55.5,3.98,1003.4,0.0
36.04,100.0,8.37,1017.8,3.22
38.72,74.4,0.87,998.4,0.0
38.76,86.0,2.64,1006.9,0.0
30.14,64.2,0.91,1005.3,0.0
13.28,58.3,9.87,1009.8,0.0
31.46,68.5,5.25,1015.4,0.0
35.86,63.2,4.75,1010.1,0.0
27.39,41.1,4.22,1007.0,0.0
41.08,49.9,4.65,1013.5,0.0
34.45,80.7,3.58,1014.7,1.65
32.26,61.1,9.49,1010.2,0.0
36.15,68.5,7.41,1011.1,0.0
30.5,72.2,1.78,1013.2,0.0
10.0,73.6,2.99,994.8,0.0
24.26,88.6,0.5,1005.2,4.14
36.98,48.2,5.69,1011.0,4.29
21.94,78.3,4.0,1005.7,0.0
26.32,81.6,1.58,1005.7,0.0
20.16,85.7,2.81,1011.0,4.43
41.38,42.6,1.94,1011.2,2.4
40.61,72.6,4.63,1011.7,1.0
21.37,98.9,1.63,1001.7,5.25
29.1,66.2,3.92,996.7,0.61
22.9,76.7,2.97,1014.4,0.0
32.61,82.0,2.54,1002.1,0.0
31.82,49.5,6.18,1001.5,1.61
34.09,100.0,3.84,1000.8,0.0
30.49,77.0,0.71,1017.2,5.1
45.0,77.4,2.94,1009.7,7.08
20.29,38.1,10.98,1010.7,0.39
15.17,82.3,1.0,1013.5,1.88
25.05,77.1,2.64,1007.7,0.08
16.24,97.2,5.13,1016.1,6.15
16.81,62.4,3.24,998.4,0.0
20.49,50.2,2.36,999.3,0.0
21.08,55.7,3.93,998.9,8.16
20.84,58.9,5.2,1011.4,3.06
31.89,47.9,2.04,1012.1,5.68
24.2,91.2,2.79,1004.2,0.0
26.65,91.9,2.02,1006.1,0.0
34.71,64.5,6.68,1018.1,0.0
22.25,60.9,0.89,1002.4,3.91
26.02,35.3,2.32,1010.4,0.0
30.74,80.5,2.23,1002.5,117.24
13.44,97.8,3.37,1016.8,71.86
10.11,56.5,3.56,1013.0,1.2
30.6,65.9,1.06,996.8,0.0
31.69,75.8,4.67,1005.9,3.77
43.48,99.0,2.81,991.4,0.0
29.19,71.6,5.11,1015.2,2.92
34.15,71.5,3.42,1024.4,0.78
26.53,71.2,1.66,990.6,0.0
30.23,42.3,2.26,996.6,0.0
40.5,42.0,2.54,1009.3,0.0
12.07,53.5,7.84,1007.9,12.16
31.1,86.2,0.73,1004.7,2.39
44.02,62.0,1.88,994.1,7.65
30.12,58.5,2.82,1010.6,10.16
40.38,58.2,4.69,1015.1,2.05
23.28,65.5,5.55,1030.0,0.55
27.76,98.6,3.55,1018.5,0.0
28.25,65.3,3.46,997.6,0.0
11.37,53.8,1.12,1007.9,0.0
19.24,68.5,4.42,1012.7,0.0
19.77,99.6,2.89,1002.5,3.63
34.17,58.9,4.74,1014.2,0.0
34.54,46.7,8.85,1013.6,0.0
30.43,59.0,3.64,1017.9,0.0
34.18,70.3,7.1,1014.4,0.0
26.77,80.4,3.81,1010.3,0.0
37.01,86.1,5.62,1002.9,0.0
28.07,49.2,2.45,997.7,0.0
28.43,50.9,1.34,1009.8,1.17
26.01,62.2,2.58,1004.8,0.0
33.13,80.3,4.04,1005.5,4.96
24.84,45.3,6.95,1017.0,0.0
35.32,57.1,3.53,1019.0,4.75
19.51,57.3,2.99,998.1,4.83
19.76,85.0,2.51,1006.3,0.96
33.16,77.5,11.03,1004.5,7.56
27.34,84.3,11.68,1010.5,0.19
24.6,92.1,4.74,989.9,0.0
34.68,62.5,3.69,996.3,0.32
23.45,46.6,4.8,1007.1,3.21
26.5,46.7,1.51,1014.3,0.0
38.49,34.9,3.87,1008.6,0.0
39.54,59.7,6.31,1013.4,0.12
39.79,61.1,2.75,1009.6,0.0
25.88,82.2,3.61,1018.2,0.0
37.23,68.3,4.23,1019.9,1.26
20.88,59.2,6.26,1001.9,0.0
21.2,65.9,7.54,1015.1,0.0
10.37,49.3,10.55,1012.1,2.65
40.55,86.5,4.97,1028.0,0.0
21.52,53.9,3.46,1001.6,0.0
27.05,47.5,0.94,1007.1,0.0
21.17,82.7,0.89,999.7,11.83
33.21,78.3,2.86,1000.2,0.0
25.18,37.0,5.09,1011.1,4.2
18.21,83.4,4.54,1009.6,8.84
31.31,54.7,3.47,1012.3,0.0
17.25,61.3,3.72,1012.2,2.95
21.72,71.4,1.73,1006.1,0.0
12.2,78.6,4.18,1006.1,0.0
17.32,76.0,1.84,1000.2,0.0
29.34,67.1,1.56,1002.4,5.75
13.27,60.4,4.25,1007.5,1.33
16.89,75.4,6.96,1009.6,1.37
27.98,65.9,4.8,1013.7,0.32
23.92,100.0,4.59,1012.9,10.86
42.94,78.6,1.48,1020.5,0.0
41.75,51.4,6.02,1000.2,2.23
21.49,59.4,0.99,1006.1,0.0
32.18,68.9,1.05,1000.9,0.53
33.62,91.4,3.45,1018.2,0.0
23.52,93.4,2.56,1004.0,1.22
16.78,60.9,1.37,1017.2,0.0
27.91,51.2,5.6,1019.6,0.0
26.7,48.9,5.23,1011.3,0.0
24.73,72.5,1.91,1010.3,0.0
31.32,100.0,1.67,1008.3,0.28
22.37,77.7,2.7,1005.5,1.55
19.36,39.3,0.93,1004.5,0.0
28.82,54.9,1.91,1006.8,2.07
30.89,56.8,2.9,1022.6,0.0
19.18,53.2,1.16,999.7,0.0
34.96,61.0,0.89,1009.6,0.0
14.72,74.6,1.39,1013.7,0.0
23.66,80.3,1.32,1005.7,1.66
26.06,87.7,1.71,1011.3,0.0
23.23,77.4,5.26,996.0,3.66
23.76,32.8,2.33,1018.6,0.44
42.03,49.0,1.88,1017.0,0.0
21.62,65.2,3.1,1007.2,0.0
45.0,70.7,3.82,1001.0,102.83
31.28,83.5,4.22,1014.3,0.22
28.69,68.8,3.33,998.8,0.0
31.57,68.9,3.81,1000.0,0.0
45.0,72.3,1.29,1007.6,0.39
20.55,63.4,0.68,1020.1,6.39
19.6,69.6,1.53,1013.1,5.25
22.34,88.3,6.5,1002.8,0.0
28.24,66.5,4.6,994.5,3.25
15.06,67.5,2.17,1008.3,0.0
28.17,67.4,0.5,1010.0,0.0
40.7,91.4,6.9,1007.4,2.92
29.14,48.1,3.14,1022.5,2.94
25.8,100.0,9.16,1006.9,0.0
23.36,46.8,5.22,989.7,0.0
34.74,56.2,3.9,1004.7,1.21
21.81,81.4,1.31,1011.6,17.62
41.85,86.5,1.36,1011.1,7.24
42.5,42.7,1.98,1006.6,0.0
29.93,48.3,4.21,1005.3,15.08
27.91,73.0,3.02,992.0,0.0
35.73,100.0,8.09,1008.7,0.0
36.21,90.4,2.92,1005.3,2.84
21.96,63.5,4.8,1010.0,0.0
24.05,30.0,1.27,1011.9,5.72
18.08,69.5,9.13,1017.9,0.0
31.07,74.5,1.37,1000.4,51.78
33.0,61.1,2.89,997.6,12.82
17.88,52.7,6.73,1003.4,0.0
24.59,70.9,2.4,1002.1,0.02
17.9,51.0,2.44,1001.4,0.0
21.26,100.0,1.29,1019.6,0.0
32.13,95.3,3.02,1009.2,8.76
22.5,79.8,4.5,1023.8,0.0
25.74,69.6,9.35,1008.0,0.19
15.8,56.1,2.54,998.6,0.47
29.4,67.6,6.33,1001.5,0.0
27.67,97.5,1.12,1016.2,10.52
22.53,83.6,5.0,998.9,0.0
26.58,71.7,5.06,1012.5,3.94
29.35,84.6,8.15,1005.1,0.0
21.89,77.8,0.65,1000.6,0.0
16.93,75.1,1.12,1019.1,0.0
41.54,85.7,4.94,1003.3,0.0
23.25,77.3,15.0,1001.4,0.0
27.27,83.5,1.57,1007.4,0.0
35.58,70.9,5.13,1003.9,2.54
45.0,63.4,4.37,1025.7,0.0
18.67,58.1,3.57,1016.5,0.0
31.37,56.0,3.69,1003.3,0.0
22.69,39.1,0.51,1004.2,0.0
23.96,51.6,7.63,991.8,0.0
22.6,51.1,5.2,1009.1,0.0
19.56,58.9,1.85,1002.0,0.0
27.69,96.1,3.49,1008.7,0.0
16.94,65.2,3.24,992.3,0.0
35.1,72.4,1.5,1007.8,0.0
28.41,72.9,2.26,1021.6,0.0
31.17,96.6,1.72,1008.4,9.19
24.5,57.6,5.58,1001.8,0.0
25.25,64.0,1.65,1007.8,6.93
30.16,66.1,11.16,1007.5,0.0
19.27,88.5,2.95,1025.5,0.0
25.32,92.2,5.09,1005.3,3.19
21.55,76.5,1.13,998.4,0.0
21.32,90.2,1.49,1008.2,0.0
12.18,71.2,6.49,1009.6,17.87
38.04,64.9,0.5,1012.5,0.0
22.85,89.2,1.47,1014.0,2.93
36.73,76.8,3.15,1023.6,0.7
36.02,54.8,7.49,1003.2,0.0
18.36,86.0,4.0,1002.5,0.0
19.84,64.2,5.46,993.2,0.04
45.0,62.0,3.89,1013.3,0.0
41.13,84.1,2.58,1000.9,0.0
27.76,66.4,5.39,1015.1,7.14
29.93,75.0,9.23,1004.1,0.0
23.27,79.9,3.94,1021.8,5.71
31.24,53.9,1.59,996.5,0.0
22.62,74.9,0.5,1016.2,0.0
12.76,92.3,3.38,1015.2,0.0
18.09,50.8,7.93,1012.2,0.0
28.16,76.1,0.62,999.1,0.0
19.52,53.1,2.39,1012.2,1.22
27.5,86.4,8.68,1009.0,1.64
19.94,86.2,0.5,993.4,0.0
22.13,61.6,5.61,1020.5,0.0
34.4,100.0,2.51,1005.2,0.0
29.86,87.9,2.23,1019.8,0.0
27.93,80.7,1.7,1007.5,0.0
34.59,79.7,6.47,1015.9,0.0
31.6,85.7,4.17,1001.1,0.0
38.85,50.1,4.58,1009.7,0.65
24.55,71.5,3.23,1009.2,76.09
24.78,74.9,3.75,1005.4,4.48
18.24,60.8,0.5,1001.0,0.0
24.78,76.4,1.75,983.5,0.0
35.24,90.2,1.94,1001.2,0.0
37.75,60.4,3.79,1013.6,0.0
35.2,67.0,1.86,996.8,0.0
14.54,53.2,4.8,998.5,1.45
36.12,35.8,5.51,996.5,0.0
14.21,82.0,5.48,1009.7,0.13
34.74,67.5,6.22,1000.9,0.0
25.24,68.9,4.0,1017.8,6.79
33.27,50.2,2.42,1013.9,0.0
18.01,64.7,1.24,1009.6,6.16
36.78,87.7,2.27,1010.4,0.0
17.01,68.0,1.76,1001.9,0.0
22.99,68.5,2.19,1001.9,0.0
20.51,71.7,5.41,1013.7,0.0
14.84,45.7,14.23,1015.3,0.0
28.71,79.2,15.0,1013.6,3.29
41.55,45.4,4.71,1004.2,0.13
45.0,51.1,2.49,1004.9,1.43
28.73,49.1,2.67,1000.5,2.56
36.38,64.8,0.5,1014.1,0.0
29.74,61.7,1.72,992.3,1.29
31.74,68.0,2.98,990.4,0.05
25.43,51.7,6.73,992.0,0.0
29.46,86.1,3.32,990.9,0.0
32.03,83.0,6.08,1018.9,0.0
23.66,64.9,5.78,1014.3,0.0
27.42,59.4,2.0,998.4,0.0
27.56,57.6,2.6,1007.2,0.0
34.2,62.4,3.7,1019.7,0.0
20.0,42.8,3.83,1012.0,1.25
27.61,50.7,12.28,1024.9,1.48
42.34,83.5,1.71,1007.1,1.27
36.73,73.4,6.58,1002.8,0.0
38.12,97.4,3.13,999.4,0.0
28.18,62.6,7.19,1008.2,0.0
30.41,61.5,12.26,1015.5,0.0
35.52,60.7,2.95,1008.8,2.28
39.7,62.3,5.17,1005.1,0.0
13.36,56.1,5.04,1018.1,3.72
18.13,72.9,1.14,1012.2,0.0
37.82,68.5,5.17,1007.1,0.0
25.92,58.8,1.2,1001.9,1.97
22.96,90.5,3.18,1006.0,0.0
18.59,100.0,4.32,1011.8,52.96
23.84,89.0,4.79,1001.8,0.0
17.48,78.0,1.93,998.1,0.0
43.68,81.7,5.92,1004.2,0.55
27.83,100.0,2.09,1007.6,0.0
27.57,81.7,8.29,1018.9,0.0
32.41,57.5,8.18,998.7,10.07
35.22,75.1,2.7,1009.8,0.37
35.09,79.3,7.09,1005.8,2.31
36.05,50.1,5.09,1006.2,0.0
23.27,62.9,4.12,1020.3,4.98
25.77,87.8,5.74,1008.6,0.0
33.77,35.2,4.47,1000.7,0.0
24.04,45.5,6.8,1015.1,0.0
27.96,64.8,1.66,1014.5,0.0
30.99,74.4,6.62,1000.0,0.5
33.89,43.6,4.34,998.5,0.0
14.67,65.7,2.12,1011.3,0.73
33.36,88.8,3.12,1007.7,136.46
26.25,69.2,4.94,1004.2,0.0
33.31,84.9,4.38,1016.5,0.0
33.83,57.3,1.53,1003.3,0.0
40.06,53.4,1.37,1011.4,0.0
38.15,83.3,4.83,1017.4,0.0
38.1,74.6,2.67,1005.3,0.0
38.83,46.7,6.83,993.4,0.0
30.19,53.6,5.56,1004.8,0.8
28.24,96.2,5.95,1009.5,0.0
34.55,51.4,1.8,1016.0,0.0
33.49,84.8,11.86,1003.8,1.1
25.68,59.4,6.39,1021.8,0.0
31.04,67.9,8.8,997.6,0.0
27.74,73.3,2.36,1009.3,0.0
21.6,30.2,9.36,1006.1,7.65
37.68,41.7,2.58,1018.8,2.71
28.41,69.6,3.92,996.2,0.08
43.37,55.0,3.4,1011.4,0.0
15.81,85.9,1.37,1006.0,0.0
23.82,39.1,1.14,1020.2,0.62
28.24,78.2,3.33,1001.4,0.0
36.53,43.2,3.29,1011.3,0.0
31.0,61.7,7.1,1001.3,0.87
30.33,48.8,3.66,1009.5,0.0
19.55,100.0,2.29,1005.0,2.2
19.32,43.9,10.05,1004.9,0.0
30.42,65.8,13.43,992.1,0.0
17.77,36.9,1.19,1011.3,0.0
24.01,96.8,5.07,999.3,2.98
31.76,75.2,0.88,999.1,0.0
20.63,70.5,2.36,995.6,0.0
40.04,94.5,1.8,999.6,2.59
37.18,70.7,4.38,1012.0,0.9
16.21,72.0,7.43,1011.6,0.06
21.01,70.4,3.89,1013.3,0.0
10.86,78.1,1.3,999.8,1.37
22.13,59.1,1.44,1009.7,1.16
33.75,64.1,6.32,1003.1,4.2
24.9,82.6,5.5,1015.6,4.33
31.46,73.0,1.35,1011.4,0.0
16.58,65.9,1.04,1002.7,0.0
33.98,42.8,1.59,1016.3,8.44
23.84,95.0,2.71,1012.1,3.93
28.09,56.1,6.73,996.9,0.0
27.3,85.8,2.72,994.6,0.0
18.46,71.2,5.32,997.2,0.0
19.35,44.7,5.61,1021.2,0.0
35.26,90.5,4.3,999.9,0.0
30.99,72.6,4.25,1023.0,0.62
35.88,92.0,3.54,999.5,5.16
30.43,64.7,1.72,998.6,0.0
29.07,80.7,1.91,1015.0,0.0
15.05,36.3,2.49,1015.4,0.0
25.97,59.0,2.07,1012.4,2.27
27.79,45.1,4.88,1013.4,0.0
42.65,61.3,8.05,1001.6,0.0
33.15,76.5,7.09,1014.7,1.31
39.52,57.1,2.57,1009.9,2.37
32.48,83.5,1.31,1005.1,0.0
22.67,52.6,2.34,1008.8,2.03
28.88,83.9,3.46,1016.5,1.01
29.77,91.6,1.45,1011.1,0.0
20.96,86.2,1.91,990.7,0.61
25.12,61.8,0.5,1015.1,0.0
26.46,30.0,3.33,1014.5,0.84
40.04,78.5,3.56,1005.0,1.57
12.39,65.7,4.29,1008.9,0.0
37.04,50.4,2.25,1008.9,2.39
20.97,58.0,1.62,992.2,1.93
17.71,93.8,1.19,1004.8,2.97
36.85,47.5,1.72,1005.1,5.37
33.49,76.4,8.98,1006.7,1.23
37.41,71.9,7.22,1003.8,5.76
34.01,61.6,5.59,1013.3,0.0
43.45,79.6,7.08,1001.5,0.0
32.19,97.4,4.02,1015.3,0.0
26.83,62.7,6.0,1012.9,0.0
30.57,63.6,3.85,1018.9,0.0
37.33,79.2,3.03,1021.9,69.68
22.15,84.5,2.64,1021.9,0.0
23.11,65.7,7.63,998.5,0.0
25.68,62.5,1.08,1010.8,5.41
12.22,30.0,0.5,1002.3,0.0
29.04,54.0,2.3,1030.0,5.92
13.85,47.5,3.49,1012.9,8.11
28.4,80.3,2.3,1019.3,2.52
34.49,63.6,4.62,1011.5,4.89
24.42,62.9,9.36,986.9,0.79
40.58,67.8,4.41,1001.7,0.0
17.05,52.3,3.32,1002.5,0.0
36.93,96.0,0.7,1004.9,61.9
33.06,91.4,3.11,1010.9,0.0
15.13,97.1,4.31,1012.0,5.09
45.0,80.3,7.78,987.0,0.0
27.52,67.5,6.2,1006.1,0.0
21.42,97.1,5.85,1004.1,5.65
17.45,55.7,1.27,1019.0,1.5
26.35,52.3,4.78,1012.7,1.68
27.04,57.2,5.38,1006.5,1.12
28.77,77.4,2.05,1009.8,0.72
25.77,54.3,0.8,994.5,11.08
32.75,65.2,6.01,1013.3,0.0
25.09,39.2,3.89,1004.8,0.0
13.49,76.7,2.93,1001.5,9.19
26.88,40.7,3.74,1018.5,0.43
10.24,51.2,5.99,1010.2,0.0
30.65,89.9,13.67,1002.7,0.0
20.66,89.2,0.5,1003.2,2.33
29.23,74.7,6.51,1010.9,0.0
37.86,73.0,4.29,1010.3,0.0
20.88,58.4,2.64,1008.2,0.0
35.96,54.1,8.39,998.4,0.0
24.75,61.5,1.73,999.6,0.0
41.15,40.8,4.55,1002.0,0.0
25.26,72.5,3.19,1006.4,136.18
21.7,68.9,1.09,1007.7,4.34
33.15,51.2,1.17,1006.7,0.0
24.73,96.2,1.63,1007.1,9.05
21.69,78.9,7.96,1023.0,0.0
24.42,80.5,3.11,1014.8,0.0
27.67,59.2,2.03,1017.5,0.0
38.07,68.0,3.38,1011.7,0.0
13.49,79.3,1.82,1008.6,0.0
28.17,70.8,3.33,1011.3,0.31
32.69,96.8,1.96,1009.8,0.0
29.45,64.3,1.02,1014.5,0.0
37.82,58.9,9.58,1000.2,0.0
27.44,79.4,0.9,1013.8,5.27
26.62,45.2,8.62,1009.3,0.71
32.44,84.6,0.5,993.5,2.21
28.74,44.6,5.71,1008.7,0.0
25.07,79.5,1.0,997.6,84.84
31.87,56.3,3.12,1003.7,2.8
23.11,76.6,7.56,1006.7,0.0
23.42,84.3,6.46,995.9,4.37
24.04,70.8,7.19,1007.6,0.0
38.15,46.4,11.97,1008.5,0.0
10.0,51.9,2.8,1014.0,0.0
30.97,54.9,6.76,1004.4,4.5
28.26,33.9,5.45,1010.2,0.0
15.39,88.3,4.01,1007.2,0.7
30.32,70.0,3.02,1004.7,0.19
31.57,47.6,2.44,994.6,2.96
32.42,94.2,3.54,1007.1,0.6
10.0,55.4,3.24,1014.0,0.0
38.25,72.5,0.91,1000.5,3.9
22.47,53.1,10.32,1006.3,1.92
33.15,31.7,2.98,1007.4,0.0
33.56,43.4,4.08,1016.8,0.0
21.42,59.9,11.91,1008.2,0.0
32.95,84.2,1.79,1010.3,1.99
25.11,74.2,2.61,1007.9,0.14
12.46,70.5,1.15,1004.1,0.23
36.76,31.8,6.37,998.9,0.0
22.19,90.9,1.43,1005.7,0.0
21.59,72.0,10.85,1011.1,90.69
24.98,65.9,1.45,1009.0,0.0
30.04,88.4,3.45,1019.8,0.0
27.57,90.5,1.78,1015.6,56.7
32.11,88.8,9.01,1017.9,5.42
17.95,63.6,3.37,991.7,0.63
22.43,49.9,2.36,1020.6,0.0
27.13,85.8,3.79,1010.1,0.0
42.23,43.4,3.58,1011.3,8.09
27.15,100.0,12.45,1015.2,0.0
36.14,68.5,8.65,1008.2,0.0
28.29,48.9,2.83,999.4,0.0
24.37,45.8,3.74,1019.6,0.0
26.15,45.0,8.65,1001.9,0.0
26.74,70.5,3.94,1000.1,0.0
32.53,67.9,7.14,1006.1,0.0
38.31,45.8,3.25,1004.9,1.64
30.7,61.6,2.98,1008.0,0.0
36.9,43.4,1.23,1007.2,3.47
20.76,78.6,2.48,1018.8,1.08
24.89,67.0,3.97,1011.7,0.98
22.57,61.2,3.11,1001.1,0.0
30.36,44.8,3.37,1002.2,0.0
25.31,62.6,2.39,1004.9,0.0
33.47,60.5,2.57,1004.9,2.52
21.02,73.7,3.19,1003.9,2.89
28.32,71.0,5.06,999.2,0.0
33.15,82.3,6.55,1010.3,0.82
12.51,59.3,1.38,1004.4,0.0
43.91,34.5,2.77,1000.4,1.18
25.88,85.8,3.56,1011.9,6.3
12.81,51.2,4.76,1014.8,0.0
29.19,48.1,4.01,1006.0,1.06
28.25,67.2,3.1,1022.3,3.36
27.39,73.4,5.55,1025.7,0.0
35.43,58.4,0.69,1012.0,0.0
33.61,58.3,5.48,1004.2,1.15
30.23,61.0,2.73,1010.2,0.0
31.38,93.5,4.45,998.2,0.0
27.22,68.0,7.74,1001.0,0.08
41.32,50.6,1.27,994.5,0.75
16.91,50.8,5.39,1003.0,4.81
29.05,63.5,2.19,998.1,0.3
28.49,72.3,1.84,1013.0,2.07
34.1,76.7,4.8,1002.0,0.57
21.67,70.2,1.32,1010.2,0.0
14.92,52.8,2.99,1014.0,0.04
29.18,60.4,1.32,1017.4,0.0
30.11,81.2,7.06,1005.2,0.0
39.17,47.4,3.05,1010.5,0.77
18.47,59.6,7.09,1010.7,0.0
36.66,78.8,4.73,1018.2,0.55
45.0,83.8,0.67,1014.3,0.0
25.17,64.5,0.5,1018.4,2.57
18.32,60.6,1.95,994.7,0.0
24.95,44.2,5.54,1002.7,0.0
28.11,77.5,1.77,1016.3,0.98
32.23,91.7,4.76,1012.6,2.46
23.56,100.0,4.1,1007.0,0.0
39.66,75.0,2.27,1004.2,0.0
19.64,67.1,1.89,1014.3,0.0
14.96,51.4,1.94,992.2,2.65
36.3,34.2,10.98,1014.3,0.0
10.94,71.2,5.41,1008.7,2.79
26.47,100.0,4.84,1004.1,2.39
45.0,90.9,3.81,1012.0,7.94
27.91,88.1,2.06,1004.9,0.0
19.59,72.4,1.21,1008.2,2.29
27.57,74.5,4.51,1007.6,0.91
27.62,30.0,3.75,1014.0,4.39
29.2,81.7,1.05,1009.3,0.0
32.97,57.6,2.36,992.7,1.52
20.21,55.4,1.15,996.9,0.0
40.66,62.2,3.22,999.3,0.0
29.84,61.6,5.69,1011.7,0.0
33.45,55.1,1.53,1012.5,0.0
23.29,68.2,1.9,1021.4,0.0
37.65,58.0,4.91,999.9,0.0
26.07,69.8,5.53,1018.5,0.0
30.08,41.2,14.42,992.5,1.02
21.0,64.1,1.69,1008.1,14.78
20.52,48.3,4.21,1010.0,3.36
33.16,56.5,2.49,1009.9,0.0
24.67,70.6,2.23,1005.5,0.0
21.6,39.1,3.8,1008.9,1.16
23.18,53.2,3.26,998.1,0.0
33.24,78.2,1.29,1014.9,0.0
23.28,42.6,5.17,1010.0,0.0
27.12,100.0,2.59,1010.9,0.0
28.11,89.7,2.61,1005.8,0.0
13.62,59.1,4.07,1005.4,0.91
16.97,53.8,11.71,1012.2,5.68
30.52,71.6,3.97,1020.7,3.61
22.47,41.9,2.25,996.9,0.0
35.93,32.0,2.25,996.4,0.0
35.25,59.7,1.62,1010.1,2.46
33.39,65.6,6.03,1005.3,0.25
41.65,69.7,2.89,1009.0,1.56
27.38,56.9,2.84,1007.8,0.17
32.87,90.9,0.73,1013.0,1.51
23.62,41.1,2.57,1005.7,0.0
45.0,47.5,4.66,998.3,0.67
42.88,76.8,1.35,1001.7,0.0
28.09,47.1,2.69,1006.7,1.44
30.9,46.4,0.5,998.0,0.0
38.19,70.2,0.7,1007.7,1.73
26.9,49.0,2.41,1008.5,0.0
23.08,65.6,5.22,1005.1,2.28
34.55,55.4,3.57,1009.7,0.0
28.59,52.5,4.99,995.1,7.5
29.37,30.2,6.13,1000.4,0.0
21.74,70.5,2.06,998.9,0.0
15.12,45.6,4.69,1015.0,0.0
29.77,65.0,5.05,1026.4,0.0
34.79,58.8,0.67,1001.0,3.12
26.31,64.3,1.83,1006.1,0.0
38.77,65.3,8.2,1002.5,0.0
22.72,71.5,1.22,1009.8,3.52
20.09,54.9,3.69,1003.1,0.67
27.5,90.4,2.87,1010.3,0.0
27.38,34.7,6.78,1013.3,0.0
33.77,63.9,3.54,998.2,3.85
22.19,83.1,7.01,1010.2,0.0
38.26,76.6,3.14,993.6,0.0
42.75,50.5,5.44,1005.9,2.57
27.71,53.5,5.96,1005.4,0.0
37.37,49.9,1.36,1006.2,3.95
20.08,78.8,4.54,1005.5,0.0
36.06,54.7,1.1,1004.0,0.0
35.85,72.6,4.74,1005.9,0.0
34.48,72.8,5.0,1009.9,0.0
27.88,100.0,6.22,1010.1,10.8
10.0,73.6,8.65,1008.9,0.25
23.19,53.4,1.58,1003.4,0.0
23.31,41.7,3.19,1016.6,0.53
20.66,63.0,0.96,1020.2,0.0
28.92,65.9,6.04,997.7,0.0
24.86,30.0,13.03,1009.3,0.0
21.82,55.2,2.56,1004.3,0.16
20.06,73.4,1.47,1015.4,61.33
22.63,58.4,2.81,1007.9,0.0
36.41,85.4,4.74,1008.4,4.0
23.04,39.9,3.13,1012.0,5.12
24.14,80.2,2.12,1005.6,0.24
24.57,84.5,1.7,1021.4,1.11
30.54,85.2,1.42,1012.1,3.13
31.42,39.8,2.8,1015.5,0.0
10.0,73.7,1.27,1006.2,4.3
35.66,56.0,1.15,1007.0,0.0
38.77,42.7,1.14,1014.5,0.96
20.12,60.6,1.95,1013.7,1.81
20.71,51.7,4.93,998.0,3.4
24.62,84.6,1.81,1009.0,0.0
22.33,77.2,3.14,1011.8,0.0
29.68,47.3,0.65,1007.0,0.26
13.4,55.0,6.92,1011.0,0.0
19.62,61.1,0.64,1007.3,3.88
39.54,66.7,5.78,990.0,0.0
21.04,86.1,5.3,997.5,0.0
37.33,80.4,4.98,1015.8,1.04
30.67,68.9,15.0,1006.0,0.0
14.43,63.3,11.13,1009.5,0.0
32.76,36.1,1.2,1008.0,0.0
27.12,91.3,2.07,1001.4,1.98
24.58,60.0,4.85,1004.3,0.0
29.84,96.0,0.66,1010.6,0.15
31.56,71.5,3.27,1011.4,0.0
33.31,100.0,4.8,1025.5,4.47
36.84,78.9,6.27,1004.2,68.8
31.06,42.2,4.53,1021.4,0.0
17.68,56.9,4.07,1001.1,3.97
24.45,65.0,7.29,1011.9,0.0
45.0,52.3,4.34,1009.4,0.0
33.43,61.2,3.54,1007.0,0.0
45.0,43.4,6.28,1008.0,2.3
38.47,68.1,0.99,1003.0,0.0
29.81,72.3,5.65,1015.2,0.43
30.26,49.9,2.82,1001.3,0.0
27.73,100.0,3.25,1010.5,0.0
14.97,69.1,6.61,1014.0,0.0
28.14,53.3,0.92,1019.1,4.3
37.08,38.7,1.03,1015.8,0.0
23.5,69.1,6.16,1012.6,6.59
31.09,63.3,2.73,1002.9,14.06
34.39,82.1,5.42,1001.7,0.06
21.18,65.4,1.33,998.9,0.0
24.62,46.5,2.19,998.1,0.0
20.37,98.1,5.47,1008.0,4.86
21.83,75.8,2.01,1002.2,1.2
18.34,63.4,5.81,1017.6,0.0
21.25,71.0,3.62,1003.4,0.27
38.65,76.5,0.9,1008.8,0.0
21.13,42.3,0.99,1005.9,8.76
28.95,70.8,5.18,996.8,0.0
24.23,59.9,5.53,1016.7,9.62
36.84,77.1,2.16,1013.6,7.31
37.83,54.7,2.46,1014.5,0.0
34.48,57.1,3.12,1012.8,0.98
30.3,97.9,5.35,1001.9,0.0
26.27,90.2,2.54,1002.1,0.64
19.06,30.0,1.77,1011.6,0.77
42.58,88.8,2.01,1020.3,0.0
22.3,66.7,2.21,1011.1,1.35
32.98,55.3,5.74,1015.8,0.0
35.95,49.9,1.42,1003.8,0.0
23.84,50.9,1.5,1016.8,0.0
35.79,55.8,2.11,1004.6,0.0
33.73,47.7,3.54,1009.9,2.25
40.96,43.6,7.1,1005.1,0.5
24.48,49.3,5.97,1015.1,5.91
18.36,73.8,3.24,1015.2,0.0
24.21,68.9,7.98,996.2,9.51
29.57,78.0,3.13,1018.6,0.0
28.44,66.8,6.98,1027.0,0.0
25.05,44.5,8.02,1005.2,0.0
13.68,76.9,5.01,1007.0,2.4
31.53,49.9,2.56,1017.9,0.72
42.79,79.6,0.7,1008.5,0.0
31.48,47.0,10.74,1008.0,0.0
32.57,55.6,3.85,1023.2,0.0
32.29,61.5,2.85,997.2,0.0
30.98,80.1,5.36,1001.7,12.65
34.99,71.2,2.48,1011.3,4.17
30.97,68.4,6.0,995.0,0.0
25.65,100.0,2.18,1005.0,1.39
22.03,34.9,9.1,1004.9,0.16
26.13,49.3,8.35,1015.7,6.84
30.36,48.5,3.41,1013.5,4.08
25.63,36.1,2.08,994.5,11.72
30.36,55.0,8.32,1002.5,0.0
31.29,80.4,4.99,1002.5,4.4
34.25,57.4,2.02,1006.3,1.09
37.62,62.0,2.4,999.2,0.0
28.59,37.0,1.12,1011.6,2.1
18.19,53.7,4.18,1002.4,0.13
25.41,59.7,2.94,1012.7,0.0
28.33,79.6,4.19,1008.0,0.0
14.23,37.9,0.67,1000.2,10.69
38.41,59.8,2.23,1019.1,0.0
29.07,87.6,1.48,1019.3,0.0
30.86,60.0,4.72,1010.3,3.56
38.24,30.0,2.09,1006.1,9.18
23.27,91.0,9.16,999.5,98.39
32.31,81.2,3.49,1016.6,0.63
27.18,83.6,6.18,1014.6,0.0
26.62,36.6,1.79,1001.5,0.4
22.21,95.2,3.26,1002.5,0.0
40.49,54.1,2.34,1011.7,0.0
25.18,58.8,11.46,998.6,0.0
33.25,55.4,0.99,1003.0,0.0
13.94,85.0,5.51,999.7,0.0
36.85,64.8,2.05,999.9,0.0
35.89,76.7,1.7,1002.2,6.39
28.73,69.4,3.56,1015.2,0.0
26.3,66.3,2.44,994.0,1.0
31.0,51.0,4.97,1011.5,0.0
45.0,100.0,1.44,1010.1,0.0
14.78,41.7,4.66,1015.7,0.34
33.87,75.4,1.04,1010.1,0.0
21.16,74.8,9.67,1005.0,4.58
27.85,88.8,4.73,1001.5,0.21
26.14,93.0,0.69,1015.9,9.16
24.79,65.5,5.82,1012.0,0.0
27.92,77.5,1.45,1004.1,0.0
19.49,99.8,3.01,1015.3,0.0
35.72,66.8,2.49,1004.4,0.0
14.54,48.8,5.61,1008.0,0.0
32.05,61.1,3.42,1003.2,2.84
25.55,44.5,2.3,1012.3,0.0
19.22,74.7,2.13,1000.0,0.0
29.52,87.2,6.23,1005.6,0.0
16.32,65.8,5.75,1002.8,8.35
28.3,38.8,0.5,1010.1,5.79
17.33,86.4,1.7,1011.1,0.0
31.46,36.0,13.99,999.2,15.06
21.07,40.2,4.49,1011.3,9.21
24.62,64.8,5.52,996.2,0.0
30.2,72.5,2.67,1025.5,1.75
22.21,75.6,6.85,1003.9,0.0
27.57,66.8,3.33,1016.4,0.0
16.65,99.7,2.26,1009.6,0.0
32.73,69.2,3.68,1009.9,0.0
41.24,86.6,4.71,998.7,5.82
45.0,82.2,11.71,1014.7,0.0
28.68,44.7,4.69,1008.4,0.0
33.91,64.9,1.45,1011.8,5.63
14.65,100.0,2.41,1007.3,125.61
39.27,58.9,0.91,1009.0,0.0
33.82,55.9,5.0,1000.9,0.0
24.37,71.1,1.7,1006.8,0.99
37.28,59.6,1.11,1004.6,1.23
26.09,53.7,1.8,1002.4,2.75
24.56,59.3,3.33,1009.1,3.11
31.57,93.8,1.58,1010.9,0.0
20.02,65.5,2.62,1010.0,2.3
35.66,44.1,13.99,1007.2,0.0
20.08,40.8,4.27,1011.3,1.14
20.12,100.0,1.16,1009.9,0.0
21.18,64.0,7.28,1008.8,0.39
33.7,75.8,5.26,1009.3,3.32
23.37,54.1,7.13,1017.5,0.0
17.89,73.8,2.49,998.4,102.23
23.46,94.3,5.75,1005.5,0.0
27.76,56.3,2.54,1010.7,0.0
19.14,76.3,1.8,995.3,10.65
19.36,42.7,5.17,1019.1,6.84
43.83,100.0,3.77,1010.0,87.82
21.55,72.8,3.04,1015.7,0.0
25.58,60.6,1.61,1017.0,2.01
25.25,62.6,4.34,1011.3,0.0
24.84,58.8,4.68,990.1,0.0
32.66,59.7,3.95,1009.2,0.0
35.11,30.0,1.7,1009.7,7.47
25.71,66.2,0.67,999.3,0.84
18.73,65.5,2.75,993.7,11.32
37.56,76.8,1.51,1011.7,0.0
27.28,58.6,15.0,998.0,0.0
40.98,54.1,2.15,1024.5,3.78
11.16,67.9,5.66,1010.1,2.4
29.47,39.0,0.57,1018.8,0.0
42.39,70.6,4.98,1008.2,0.66
25.35,34.5,5.22,1014.0,0.0
26.31,88.2,4.28,1008.4,0.0
30.22,80.3,5.66,1016.0,0.0
23.81,51.3,3.12,991.7,5.62
25.66,79.9,3.04,1015.1,100.59
25.47,70.0,4.36,1013.4,0.0
23.29,49.8,3.24,1006.8,0.0
37.22,31.6,2.52,1004.7,0.0
31.46,73.7,1.18,1005.6,0.0
29.88,53.7,5.37,1010.3,0.0
34.06,87.7,5.89,1017.7,0.0
26.02,68.3,1.84,1003.7,0.75
22.19,55.4,4.65,994.4,0.0
23.48,100.0,2.75,1027.9,0.0
28.01,78.4,3.52,1013.4,2.79
20.06,30.0,1.95,1004.9,0.55
24.25,59.2,2.02,1017.5,3.09
24.13,43.1,7.63,1015.5,0.0
43.93,53.6,1.28,1011.9,0.0
10.0,65.4,7.77,1004.2,1.41
26.65,74.4,4.25,1013.3,0.0
40.94,72.7,1.92,1016.7,57.55
28.91,87.4,7.39,994.2,0.0
33.65,79.5,0.5,1009.8,0.0
28.75,78.3,4.38,1010.4,0.85
22.99,71.6,2.29,1010.1,0.0
11.19,91.2,0.99,1008.4,0.0
29.54,62.3,2.83,1017.5,0.0
22.18,62.8,5.15,1006.3,0.0
22.0,33.7,1.14,1008.0,6.49
24.26,87.0,8.37,1010.5,125.72
41.09,66.6,8.19,1006.6,2.25
45.0,100.0,11.74,996.9,1.58
29.63,60.7,1.62,1009.7,0.0
24.51,69.6,5.85,1009.8,0.0
19.17,77.8,1.77,1005.1,17.37
31.51,48.2,2.86,1006.9,7.57
41.37,74.5,9.31,982.6,9.2
26.14,68.6,1.94,1017.7,1.99
10.16,62.5,6.54,1015.2,0.0
33.03,89.1,0.86,997.3,0.05
35.39,51.7,6.58,1002.6,0.0
16.11,72.9,6.44,1019.6,4.54
29.32,94.2,0.88,998.8,0.0
31.38,55.3,2.32,1011.8,3.71
27.45,62.7,7.13,1004.1,2.82
22.07,100.0,2.93,1011.3,13.67
35.62,76.5,0.5,1008.4,0.0
24.97,58.9,2.94,1005.7,0.0
16.86,82.4,8.0,1011.1,1.25
12.63,57.8,1.58,1004.1,1.41
37.46,39.8,1.6,993.7,0.0
32.62,92.7,6.9,1000.6,0.0
28.66,48.1,2.61,999.6,0.0
24.7,100.0,7.23,995.2,6.69
24.03,59.2,9.09,1011.0,4.38
19.93,100.0,1.27,1006.6,0.69
24.76,43.4,2.84,1010.8,0.0
12.1,86.5,4.35,1012.2,0.67
22.48,77.0,2.37,1014.1,0.0
25.67,83.1,5.67,1011.3,8.41
32.57,85.4,3.44,1000.2,0.27
27.7,59.0,1.02,1012.6,11.57
33.96,44.4,1.15,1009.8,0.88
38.12,67.1,0.63,1025.5,0.0
35.94,72.0,3.01,1008.1,2.29
31.53,59.5,0.68,1011.1,0.0
28.09,73.0,3.73,1007.2,0.73
20.64,73.9,1.35,1008.4,0.03
33.55,51.6,5.69,1007.9,1.9
40.6,75.1,2.37,1004.5,2.98
30.57,63.2,3.87,1009.4,4.81
42.38,55.4,2.3,1013.0,0.0
16.56,82.2,2.25,1004.6,0.0
19.34,54.0,4.04,1014.7,0.64
34.41,59.8,0.5,1013.7,1.97
29.98,69.3,4.08,1001.0,12.2
37.85,92.7,9.05,1000.3,13.66
27.88,71.5,7.74,1011.6,0.0
21.49,77.5,3.18,1003.3,1.58
26.4,62.6,4.87,999.6,4.25
16.5,66.6,6.29,1021.7,0.0
19.54,67.1,3.15,1000.3,2.47
35.29,73.3,2.56,995.8,2.25
34.55,62.7,4.02,1001.7,0.0
30.72,92.1,1.76,1009.9,59.39
15.09,61.3,4.41,1008.6,3.06
25.31,37.3,2.41,1023.1,0.0
18.81,100.0,8.01,1001.9,4.6
36.82,62.1,1.72,1009.9,0.0
23.62,91.6,3.49,1017.0,2.12
19.86,93.3,7.53,1002.7,2.36
28.22,85.0,0.5,1013.6,8.96
23.2,64.4,2.29,993.3,0.0
39.13,73.2,10.12,1022.1,0.0
22.49,45.1,15.0,1016.0,0.0
17.51,100.0,3.88,1002.6,0.0
11.85,52.7,4.28,1014.6,3.41
27.77,63.4,0.99,1018.5,0.09
23.79,69.8,7.41,997.7,2.09
17.28,66.1,7.39,1003.2,1.37
36.92,56.2,0.92,1018.8,0.0
33.0,93.1,4.54,1008.5,8.17
27.79,85.1,2.97,1011.5,2.49
38.23,73.8,7.28,1008.6,3.07
32.97,60.8,5.69,1015.1,0.0
21.83,87.2,2.3,1012.1,0.0
20.21,59.6,1.59,1008.8,0.0
34.13,96.3,2.53,991.2,0.0
30.97,70.0,5.06,1013.1,0.0
29.27,90.1,5.4,1013.8,1.96
21.65,66.0,0.5,998.1,0.47
32.56,69.3,15.0,998.6,0.0
22.33,90.1,1.67,1012.1,0.0
27.24,100.0,0.5,1009.6,2.89
38.85,96.1,9.9,992.2,0.0
23.04,83.8,5.54,1001.4,0.0
16.2,78.6,0.86,1010.5,96.57
20.11,58.9,3.04,1013.4,0.0
35.46,73.3,2.1,1003.3,0.0
29.91,51.6,5.81,1006.8,3.33
27.03,74.8,3.38,1001.0,0.0
24.18,75.9,1.49,1018.6,0.0
31.64,32.7,3.22,1009.4,0.0
21.63,68.7,2.45,1002.7,0.73
30.29,75.5,5.69,998.7,0.0
22.52,66.5,7.35,997.9,0.0
21.27,74.4,2.99,1022.5,0.0
23.22,43.8,1.24,1006.6,0.37
25.18,54.0,2.29,1004.8,0.0
27.63,86.6,6.18,1006.3,7.67
29.77,68.0,3.26,1003.0,0.0
10.0,74.1,6.74,1007.1,0.0
21.94,58.2,1.29,1008.3,0.0
25.06,68.4,3.58,1008.1,0.0
39.29,30.0,1.95,997.9,2.28
19.9,83.2,2.07,1015.1,2.11
29.22,100.0,4.14,1003.6,0.0
39.21,48.8,2.82,1002.7,3.34
18.15,51.1,3.42,1002.4,0.0
30.95,75.9,6.8,999.6,0.0
21.98,94.5,1.91,1010.1,6.45
24.22,68.0,1.45,1015.2,1.29
21.98,45.9,1.43,1002.2,1.88
22.51,64.2,3.96,993.3,0.49
45.0,49.5,1.52,999.8,2.94
34.33,56.0,4.85,1004.4,0.0
36.26,62.5,2.47,998.1,0.0
31.69,51.3,1.47,1003.2,9.89
15.95,54.0,2.21,1003.6,0.0
30.96,69.3,0.85,1007.9,0.0
36.05,71.9,6.12,996.4,0.0
21.6,42.4,3.9,1012.6,0.0
35.24,75.1,4.71,1021.3,1.44
33.28,61.1,7.19,1019.4,6.25
41.89,81.0,5.49,1003.3,12.74
24.87,82.0,6.0,1013.3,0.0
19.77,58.2,8.8,1012.4,0.47
25.29,79.1,5.51,1007.7,0.0
38.77,52.9,0.96,1009.4,4.24
14.29,91.8,5.27,1013.5,0.0
12.49,53.6,4.95,1015.1,0.0
28.67,74.3,2.01,1001.5,4.07
24.68,64.6,1.62,1014.0,3.16
28.06,49.7,2.8,1021.3,3.27
35.09,84.2,4.18,1015.1,11.4
23.86,56.9,4.21,1020.3,0.0
13.95,37.4,6.28,987.3,3.39
43.33,30.0,3.91,1012.8,3.45
20.52,52.2,3.95,1010.1,1.13
20.06,92.8,7.08,1016.2,1.26
36.28,90.6,6.24,999.0,4.73
25.12,55.1,5.09,1004.0,1.32
27.52,61.3,4.1,1015.2,0.92
31.62,59.6,3.34,999.5,0.0
36.13,44.0,2.12,1009.9,0.34
25.5,50.9,1.51,1007.9,0.0
39.4,85.7,3.72,1006.4,6.43
11.98,77.1,1.02,1012.6,0.0
33.7,72.9,0.57,999.1,0.0
21.7,44.0,4.2,1001.8,0.0
38.29,69.8,2.4,1006.9,0.0
29.07,30.0,1.39,998.4,0.01
22.95,83.2,6.75,1017.8,7.3
32.97,72.7,3.72,1001.6,1.65
34.7,43.8,8.45,1014.3,0.0
32.81,97.1,4.19,1001.0,1.0
20.28,35.7,1.0,1013.6,0.0
24.37,77.5,0.87,995.1,11.48
27.97,78.0,2.28,1019.3,7.44
27.69,45.7,1.68,1017.1,1.13
33.62,67.3,3.93,1003.6,0.0
12.89,38.5,5.39,1001.4,0.0
30.51,30.0,4.64,1011.7,0.0
25.83,48.8,4.52,995.8,0.0
21.71,56.9,8.93,1008.3,8.7
22.43,79.6,0.5,1001.5,0.0
26.39,69.2,8.14,1006.0,0.0
10.0,69.7,3.53,1002.8,0.0
22.74,49.7,4.09,1001.6,2.6
21.43,58.5,3.66,1021.6,0.0
32.0,51.3,3.9,1014.2,3.48
21.96,46.0,9.26,996.2,0.61
26.39,57.3,7.42,1001.0,11.34
39.57,69.3,9.05,1014.9,0.0
35.46,57.7,5.55,1015.7,0.0
34.77,62.2,1.29,996.9,0.0
24.25,80.5,3.36,1013.6,0.55
32.07,59.0,5.2,1010.1,0.0
26.25,44.0,2.91,992.5,0.0
26.53,78.1,14.68,1004.8,9.88
31.07,72.8,5.11,1006.9,2.07
23.52,73.9,2.45,1008.4,3.48
39.2,79.3,5.88,997.4,0.0
26.8,76.2,1.75,1001.9,0.0
32.64,68.5,4.22,1003.0,0.0
38.92,100.0,4.97,1003.7,0.0
35.74,44.9,9.03,1003.8,3.71
17.43,57.4,8.7,1006.9,0.0
31.34,85.4,5.25,1010.5,0.3
34.38,70.6,0.93,1022.2,0.0
34.69,81.6,3.08,1015.0,0.0
19.65,71.1,2.88,1018.5,5.14
23.07,92.7,2.11,1004.2,0.0
35.46,49.9,2.21,1000.0,0.0
22.29,92.2,6.05,1014.4,0.0
25.75,89.1,7.27,1007.9,0.0
39.82,46.2,4.57,1013.8,0.83
27.64,79.4,3.7,1000.9,0.48
22.55,67.2,10.36,1013.2,0.0
21.42,57.1,4.24,1006.6,0.0
30.5,34.0,1.15,1004.3,0.19
18.0,49.8,2.85,1005.1,1.49
26.14,80.7,3.99,1011.9,0.0
30.5,82.6,1.08,1014.2,0.0
37.74,64.2,3.99,1005.1,0.0
33.01,82.7,1.07,1010.8,0.0
22.64,85.0,4.11,1010.7,0.0
36.84,70.8,2.95,1013.9,8.7
25.75,55.0,5.56,1015.9,0.0
18.73,75.9,3.0,1022.5,0.0
26.71,76.8,5.38,1004.3,0.0
38.79,80.1,3.09,1019.7,0.43
29.24,83.6,1.34,1008.9,149.03
28.09,43.5,5.22,999.2,0.0
40.28,58.8,3.54,1002.8,0.0
17.26,33.8,0.5,1011.7,0.0
18.36,81.4,1.62,1013.8,9.25
15.88,64.2,7.6,999.9,4.95
30.79,75.8,12.18,1001.9,0.0
29.25,41.4,2.46,1003.7,0.0
39.57,93.2,3.49,1001.1,0.0
29.83,46.5,3.7,993.0,0.0
24.97,81.9,2.78,990.2,0.0
28.01,70.1,1.02,1004.9,0.0
28.88,64.6,1.66,1010.0,0.0
15.46,63.1,1.1,1013.2,13.69
45.0,56.5,1.43,997.1,0.43
31.9,91.3,1.25,997.2,0.26
29.58,68.2,3.23,1003.8,3.07
32.61,45.2,1.33,1008.0,3.4
33.32,61.1,6.38,1016.1,0.0
26.95,70.3,2.93,1013.7,0.0
23.27,84.2,1.84,1005.1,0.0
32.5,57.1,1.88,1010.9,0.0
30.89,58.3,0.92,1001.3,1.3
21.93,68.4,1.78,1008.6,0.0
38.64,83.7,7.42,1007.5,7.57
30.2,43.4,7.6,1019.2,0.0
33.47,77.1,1.0,1011.9,0.0
38.44,59.6,3.54,1001.8,0.49
28.16,62.2,5.09,1001.9,5.62
30.38,100.0,4.18,1005.3,4.53
34.08,64.5,3.45,995.5,0.0
22.56,81.6,1.14,1006.2,0.0
28.41,80.9,5.64,1006.9,0.0
28.94,46.8,2.64,1011.7,0.2
20.83,34.8,3.42,1012.9,0.0
45.0,82.8,6.58,1008.8,0.0
17.45,48.5,3.2,995.0,5.82
18.26,38.0,8.4,998.2,0.44
37.86,86.5,1.39,1003.2,0.57
33.35,49.7,8.54,1013.2,1.69
20.31,54.1,2.04,1012.9,6.68
32.55,100.0,3.67,1006.0,0.0
39.01,38.1,9.77,1026.9,0.0
27.77,45.4,2.52,1020.5,0.0
45.0,59.7,1.99,1017.9,0.0
15.07,63.7,2.45,1013.6,0.0
33.2,51.9,2.52,1011.7,0.0
36.75,47.1,4.96,1011.1,0.0
34.69,95.2,3.97,993.6,0.0
26.47,72.7,11.37,999.6,0.0
25.82,78.5,1.11,1006.2,1.83
31.33,65.5,4.57,1009.0,10.18
34.12,73.2,0.5,1007.0,2.77
32.52,84.8,5.55,1010.2,0.0
35.8,50.1,1.48,991.2,0.0
20.36,72.8,0.75,1012.0,0.0
26.29,80.5,1.04,1008.5,0.0
20.95,95.8,13.27,1006.5,0.57
25.1,100.0,2.22,1015.4,0.0
35.61,69.3,3.49,999.6,0.0
28.81,88.5,8.81,1006.1,3.96
45.0,30.0,5.32,1010.3,0.0
29.45,95.9,6.65,1001.2,0.0
28.45,54.9,4.72,992.0,1.18
28.8,63.7,1.8,998.8,0.0
23.22,75.9,15.0,1007.5,2.81
27.57,65.2,5.33,1006.0,2.31
36.46,71.5,4.13,1007.9,0.0
28.85,96.6,1.68,1002.7,0.0
22.05,61.1,5.88,997.5,0.74
21.06,48.4,2.67,1009.1,14.76
24.62,100.0,4.65,1006.7,0.0
28.55,77.5,3.45,1013.1,0.0
36.95,100.0,2.7,1002.0,0.22
17.95,83.5,0.52,991.8,0.0
25.6,44.2,4.18,987.2,0.0
29.08,79.6,1.98,1004.8,98.36
14.25,50.3,3.84,1009.0,0.0
21.75,68.1,3.35,1006.1,0.8
22.9,66.6,1.02,1003.5,0.0
22.03,38.9,4.54,995.3,0.0
29.44,53.4,2.02,992.9,0.49
26.8,100.0,3.48,1010.9,0.0
23.84,72.3,1.23,1006.2,0.0
31.21,64.8,2.93,1005.1,0.0
40.92,100.0,7.56,995.7,126.24
40.29,60.9,4.66,1000.3,0.0
13.58,66.4,1.57,1008.4,0.0
32.33,85.8,1.7,1010.3,5.4
26.66,60.8,4.08,1006.7,0.0
29.16,54.6,10.69,1019.0,0.98
25.01,30.0,3.35,1003.4,5.45
28.88,51.1,0.68,1018.3,0.0
29.14,51.0,4.61,1009.7,0.0
23.66,70.9,3.78,1008.9,0.0
21.28,57.0,0.82,1015.5,5.12
24.63,100.0,3.0,1003.0,3.56
29.76,49.0,3.02,1005.4,0.0
32.49,93.2,5.97,998.2,0.0
34.4,72.0,2.81,1015.5,0.0
24.29,82.5,12.6,1010.7,0.0
30.13,81.4,2.91,1016.8,0.0
35.22,30.0,5.07,1009.6,1.05
36.74,67.8,8.62,1016.8,0.0
27.56,63.3,3.41,1002.0,0.0
26.34,47.6,1.8,1015.9,5.74
29.43,76.3,4.28,1004.8,0.0
19.38,98.9,2.43,1008.0,0.0
26.55,30.0,2.4,1013.8,0.0
33.58,58.4,6.36,1026.6,28.77
32.81,45.6,1.46,1014.6,0.0
25.97,69.3,6.59,1015.3,0.0
29.63,62.1,1.91,1003.6,0.0
21.82,57.1,5.15,1009.3,4.16
33.28,80.4,12.03,1007.2,4.06
27.42,97.5,1.84,1019.3,2.35
25.93,100.0,2.66,1006.8,0.0
25.29,54.7,1.74,1018.6,0.23
27.53,35.2,4.85,997.6,0.0
24.64,78.1,4.65,1019.2,0.0
32.94,97.0,5.48,1001.1,2.93
25.04,82.6,2.5,1014.8,2.66
39.95,96.9,1.3,1001.1,0.0
38.99,63.9,5.93,1012.9,0.0
21.31,57.0,2.34,1000.3,0.26
28.52,70.1,4.18,1016.3,0.0
23.12,62.1,1.97,1014.8,1.47
25.55,79.9,6.05,1003.2,3.43
43.02,85.5,3.04,1012.6,0.0
25.69,86.9,2.01,1015.6,0.0
30.7,77.2,2.03,1000.6,96.53
32.06,72.4,1.29,999.7,0.0
20.5,82.3,5.57,999.4,1.56
21.59,32.7,4.71,998.3,0.0
18.95,71.8,1.68,999.4,0.0
21.36,68.9,1.21,1015.4,0.0
10.0,71.8,5.24,1012.5,5.32
32.08,66.4,6.01,994.4,0.0
43.41,75.8,5.42,1003.9,0.0
29.11,57.7,1.24,998.7,0.0
17.38,88.3,3.83,1014.9,0.0
23.18,76.5,5.75,1004.4,10.3
24.56,70.7,11.43,995.6,101.2
20.37,55.4,5.61,1009.4,0.0
34.45,82.7,2.32,1012.9,0.0
34.08,71.7,4.03,1000.4,0.0
19.33,54.4,2.87,1005.9,0.0
33.44,67.0,2.22,1000.8,4.35
39.45,79.3,3.34,1018.0,2.69
42.27,77.9,2.53,1004.5,0.0
45.0,76.8,2.13,1002.2,2.45
21.24,69.7,1.28,1007.6,3.17
45.0,86.5,1.75,1006.3,0.0
25.34,90.3,1.14,1013.5,0.32
23.56,81.3,7.26,1017.7,1.9
30.45,57.4,1.17,1017.8,0.0
23.63,49.0,2.86,1004.9,0.63
30.99,58.2,1.24,1010.4,0.0
18.1,100.0,5.62,1019.9,0.0
26.21,73.1,3.33,1020.2,1.04
37.64,100.0,5.57,1001.0,0.44
27.57,65.8,7.19,1012.7,0.0
29.06,63.3,3.61,1011.4,0.0
31.56,66.7,2.0,1015.4,1.89
36.78,66.3,5.53,1017.9,0.0
15.59,54.1,4.86,999.7,0.0
32.38,47.3,3.78,1002.5,0.0
25.99,77.0,9.84,1015.3,1.27
29.25,87.0,4.23,1009.2,0.0
35.95,100.0,0.5,990.2,0.0
19.04,60.2,3.53,994.7,24.31
20.41,61.7,3.47,1013.3,0.0
13.48,54.1,0.57,1014.7,0.0
23.88,88.3,1.16,997.2,0.79
37.98,82.7,0.91,1016.8,0.0
27.1,52.2,8.12,1006.4,0.0
17.95,51.8,1.04,999.8,0.0
24.36,85.1,1.6,1003.5,92.72
16.84,74.9,4.65,998.2,0.0
19.56,81.7,1.12,1003.1,0.25
30.92,52.1,3.68,993.0,5.54
19.2,34.2,4.29,1007.4,0.0
36.34,52.3,1.96,1012.7,5.76
27.47,80.4,0.5,997.2,0.0
28.64,100.0,11.11,1008.1,0.0
25.91,60.3,5.73,1001.6,0.0
33.8,100.0,1.64,1013.4,60.75
33.87,82.9,1.31,989.5,0.0
30.51,42.9,2.29,1013.7,3.88
32.24,71.9,3.89,993.5,1.12
26.41,83.6,7.14,1006.3,0.55
32.07,30.0,4.47,1002.3,8.91
25.47,79.6,4.51,1005.1,4.44
28.02,89.1,1.33,995.8,0.0
25.94,75.2,0.54,1021.3,0.0
24.57,66.9,4.48,997.7,0.0
22.83,64.9,2.15,998.3,0.0
31.51,63.8,3.1,1022.4,0.0
37.83,46.8,1.93,1010.6,0.0
36.78,55.6,5.47,998.0,7.04
18.58,60.5,3.44,1007.0,5.29
37.67,70.0,3.77,1006.1,0.48
25.61,58.0,0.65,994.5,2.95
32.51,52.4,2.46,1001.9,0.0
21.2,81.7,3.79,1007.8,0.0
29.06,74.7,6.67,1018.1,0.0
30.35,58.3,1.62,1006.5,3.25
16.87,77.1,1.23,1007.1,0.0
32.56,59.8,4.18,1001.5,2.77
38.09,69.1,11.34,1016.8,0.0
26.69,85.6,2.28,1015.2,0.0
38.2,57.1,3.9,1014.3,0.0
26.58,46.9,2.21,1008.9,3.06
34.37,65.4,8.59,995.2,3.0
11.36,43.5,0.72,1016.7,0.21
45.0,63.0,2.4,1008.5,1.45
39.22,62.9,4.51,1005.5,0.0
25.87,30.0,4.25,1011.6,0.0
13.21,77.6,1.39,1009.8,0.0
30.16,64.7,1.42,999.4,0.0
17.17,89.3,2.7,1005.4,0.0
31.34,71.9,4.94,992.8,2.44
31.09,81.2,0.81,1008.7,0.0
20.94,89.4,4.58,1018.6,3.72
36.41,65.6,3.15,993.6,0.0
34.04,68.0,3.49,1009.0,0.0
35.32,39.7,2.73,1013.3,1.57
28.07,90.3,1.01,1014.5,0.0
17.38,65.4,0.86,1002.0,4.73
35.33,49.9,2.8,999.2,0.0
25.97,81.3,7.22,1003.3,1.08
17.58,30.0,1.62,1017.5,3.94
38.14,60.3,8.82,994.3,3.82
43.75,84.3,3.95,998.3,0.0
27.69,60.1,3.29,1004.3,2.41
44.19,55.1,2.97,1000.2,0.0
28.68,60.5,5.61,1007.7,0.0
25.15,31.8,2.37,1019.3,1.32
23.27,80.9,4.22,998.4,21.53
40.28,65.8,2.49,1006.8,3.05
22.15,63.1,9.01,1007.9,0.0
33.51,63.2,1.23,1005.3,0.0
23.81,68.3,1.94,995.4,13.38
24.55,79.8,5.91,1002.9,0.0
35.73,67.1,5.26,1002.9,0.0
25.15,43.5,1.66,1013.1,0.0
24.96,78.4,4.32,1011.4,4.14
36.5,77.0,3.79,995.6,3.91
39.98,71.7,2.16,1004.9,0.0
32.84,87.4,2.9,1004.0,0.0
23.09,68.5,2.69,1023.6,0.0
24.17,88.0,3.57,1010.3,149.23
28.6,93.3,1.87,999.4,0.0
30.41,78.5,0.93,1001.8,0.57
20.59,54.5,0.5,1005.0,0.16
33.42,65.6,5.78,1010.9,0.58
28.64,90.3,1.03,1011.9,0.85
15.13,41.0,4.33,1009.6,0.0
21.03,60.9,4.03,1006.3,0.0
24.22,61.8,3.16,1006.9,0.0
27.45,52.4,4.89,1007.0,0.56
42.17,83.7,8.06,993.7,0.31
29.79,74.8,2.76,1007.5,128.23
21.69,55.2,2.58,1003.4,0.0
29.65,78.9,3.69,994.8,0.0
25.36,65.1,3.41,1027.3,0.0
30.44,52.0,4.54,1010.5,7.08
32.35,55.2,4.74,1008.1,0.0
37.07,75.8,2.85,1005.0,2.68
27.82,84.9,9.33,1013.8,0.0
40.29,59.2,7.62,998.7,2.54
34.81,77.8,6.6,1005.5,4.66
22.69,96.5,6.09,1000.4,0.0
44.57,45.3,0.9,1013.8,2.7
30.45,74.4,2.3,1001.4,0.0
21.74,83.0,1.9,1016.8,0.0
40.4,66.3,13.9,1007.2,6.81
43.58,90.3,2.86,1014.2,0.0
27.75,100.0,7.47,1011.2,0.0
24.22,74.2,10.95,1016.5,2.32
26.71,63.8,4.41,1000.5,0.0
33.36,85.6,9.4,1015.2,77.94
37.58,83.2,3.37,993.1,0.36
32.28,30.0,4.3,1008.3,0.0
28.76,68.0,1.48,1003.6,0.07
39.24,60.9,1.76,996.8,0.0
25.65,75.1,2.59,1000.9,1.35
35.73,64.5,3.79,1002.9,0.0
25.84,66.5,6.91,1006.4,0.62
31.23,52.5,2.39,1003.8,0.0
27.15,81.2,5.03,1008.6,0.0
27.58,97.8,4.3,1001.4,0.0
25.17,52.7,2.11,1004.2,0.71
38.09,42.9,0.74,1005.7,0.0
22.5,68.4,4.97,1009.5,0.0
22.45,67.5,0.73,1014.8,0.07
43.91,89.1,2.3,1014.8,0.0
35.33,45.9,13.36,1009.9,0.0
10.11,58.3,3.55,1011.4,0.0
23.76,30.0,1.56,1010.5,0.0
14.41,92.7,2.86,1005.5,0.0
20.87,72.5,5.52,1015.2,0.0
10.0,59.7,1.24,1000.7,0.0
26.97,44.2,4.07,991.6,4.83
19.44,45.9,1.38,999.7,0.0
28.45,75.5,5.06,1019.2,0.04
15.81,48.1,9.44,1005.6,0.0
28.62,69.9,4.01,1010.2,0.0
24.89,100.0,1.14,1005.8,0.0
39.26,61.7,1.36,1012.5,0.61
38.59,50.7,7.49,1008.6,0.0
33.89,74.9,4.39,1007.5,0.0
25.55,45.9,3.59,1012.9,13.68
42.89,99.0,2.68,1004.3,5.98
16.35,93.3,0.87,1011.0,0.0
17.47,65.0,3.8,1006.6,0.0
27.37,51.8,2.67,1007.1,2.12
44.91,60.3,7.06,1001.5,5.82
26.48,62.7,4.85,1006.3,0.0
26.63,74.9,5.85,1003.7,0.0
17.19,86.7,2.94,1017.0,0.0
35.09,49.3,2.22,994.5,0.22
35.15,86.2,2.38,1015.1,2.93
33.92,79.1,4.79,994.0,4.98
23.28,58.9,4.1,1012.3,0.0
22.7,48.4,0.67,1001.3,10.2
18.3,70.1,12.45,1012.5,0.0
28.63,48.9,6.11,1007.0,0.0
19.9,86.4,3.64,996.5,0.08
19.17,47.8,7.23,1018.9,0.0
24.82,77.9,4.67,1014.2,0.0
24.33,66.5,6.83,1012.0,0.0
23.97,57.9,7.02,1002.9,15.87
31.5,66.1,4.74,1014.5,4.78
28.59,87.4,1.84,997.7,0.0
25.84,46.5,3.17,990.2,0.0
29.37,60.6,7.74,995.5,0.0
20.56,54.5,1.98,1000.6,3.19
28.79,67.3,0.5,1002.0,0.0
29.13,55.7,3.6,1004.5,2.47
16.73,36.2,1.77,1004.9,0.0
35.47,49.0,4.97,1002.8,0.0
21.39,97.5,2.89,991.1,0.0
28.68,72.4,10.07,1009.5,10.69
36.73,71.8,3.22,1005.9,80.09
34.94,62.9,8.8,1002.4,0.0
28.26,67.1,1.89,1019.2,0.0
25.28,60.3,4.93,1006.1,0.0
35.11,77.5,5.29,1008.5,0.0
33.06,69.8,4.42,1014.4,0.0
23.36,46.9,2.65,996.1,0.42
22.04,72.6,4.13,1007.8,7.01
12.46,30.0,6.78,1014.3,0.0
29.16,75.4,3.23,1007.3,0.0
27.38,42.6,2.02,997.6,3.48
36.52,66.3,1.88,1004.1,0.0
30.69,46.5,2.02,1009.5,0.0
38.01,68.1,2.01,991.1,0.0
22.77,78.4,1.12,997.2,0.0
36.54,95.1,2.74,1023.8,1.26
24.03,40.3,2.21,1011.9,0.0
33.83,85.6,8.21,1019.9,0.0
17.06,70.4,0.5,1014.9,3.5
29.76,59.9,7.3,1011.2,3.18
13.11,81.7,0.96,1005.5,0.0
26.0,63.8,5.16,1011.0,0.01
31.3,80.9,3.14,1019.6,0.51
24.09,50.1,2.41,1014.6,0.0
20.12,56.6,3.85,1009.3,0.0
34.35,85.0,2.25,1006.6,7.59
27.22,94.7,3.26,1012.0,0.83
24.33,67.4,9.3,1003.7,0.85
28.31,30.0,1.8,1012.0,0.0
45.0,64.4,0.92,1002.4,0.0
36.65,68.6,1.89,1005.2,4.12
36.72,63.8,3.24,999.8,0.0
31.27,74.1,3.22,1004.5,6.39
29.25,59.4,2.21,1002.5,0.0
10.03,83.1,6.52,1021.5,0.0
22.91,47.0,7.66,1000.8,0.0
24.4,90.3,1.87,1011.1,5.79
13.94,95.9,2.13,1000.4,0.0
19.32,51.6,2.49,1008.4,4.02
13.14,51.6,5.14,1010.3,0.0
27.71,75.4,1.11,993.2,7.96
34.14,46.6,4.28,996.8,11.7
36.3,59.1,2.79,1000.4,1.36
31.11,87.8,2.12,997.6,2.89
20.77,81.3,8.62,1008.7,0.0
13.51,100.0,2.11,1009.9,0.0
14.82,71.1,2.41,999.5,1.53
18.48,57.0,9.17,1009.0,0.0
21.33,68.9,3.62,1004.6,0.0
26.8,65.3,8.45,1007.2,0.0
20.39,65.5,5.99,1003.0,0.0
30.54,67.6,1.73,1011.9,11.53
26.26,51.2,3.51,1021.1,0.14
28.08,73.1,4.45,1014.2,5.55
36.55,42.6,8.63,1019.1,0.0
19.15,55.1,1.96,996.8,0.0
31.14,65.9,5.38,1002.6,0.0
27.9,30.0,15.0,1012.5,1.53
25.5,81.8,2.52,1020.1,0.0
34.64,31.0,3.98,1013.2,0.0
34.59,80.1,3.74,999.8,0.0
20.9,44.7,5.55,1004.5,12.26
26.63,60.7,3.6,1010.7,0.0
30.11,77.3,4.09,1006.7,0.0
25.95,100.0,4.27,1001.6,0.0
32.39,70.1,1.5,1005.7,0.0
30.11,32.3,8.62,1007.9,4.08
41.74,85.2,3.77,999.3,0.0
16.52,63.8,0.93,1015.9,7.37
27.08,69.3,8.85,1004.5,1.88
21.19,78.0,4.43,1007.4,0.0
32.53,30.0,3.29,1016.3,0.0
15.87,68.1,5.41,1007.0,0.0
30.6,60.6,2.78,1015.8,1.65
23.27,90.0,9.49,999.8,0.0
22.49,81.1,1.43,1011.5,0.0
17.15,38.7,8.56,1014.7,0.65
24.51,90.7,3.49,1001.4,0.0
36.13,76.1,8.52,1006.6,1.83
27.81,40.1,5.3,1006.7,7.98
32.71,69.0,3.05,1009.7,3.0
40.48,86.6,1.94,1011.8,126.13
29.98,46.1,1.08,1000.7,0.0
23.81,92.8,2.34,1007.5,64.62
31.5,40.8,7.96,1020.7,0.37
23.92,53.8,10.43,1016.4,0.0
24.22,51.0,4.01,1014.4,0.0
16.6,92.8,0.51,1006.5,0.0
34.95,59.2,2.22,1025.0,1.77
25.1,47.1,1.03,1016.2,1.95
29.37,76.0,5.98,1008.3,0.0
20.23,79.9,2.76,1009.8,0.0
31.27,80.0,3.01,1004.3,0.0
22.29,63.1,2.52,1011.1,0.0
26.94,72.6,2.77,1012.7,0.0
34.58,56.3,1.1,1013.6,0.0
33.93,98.1,1.35,1006.6,0.0
27.83,88.6,4.1,996.2,0.0
14.74,87.5,3.35,1009.9,0.0
45.0,82.3,2.24,1013.7,6.0
41.09,77.4,11.47,1000.2,1.0
33.42,45.6,5.44,1007.3,2.12
22.35,79.4,1.99,1018.7,1.18
27.15,70.1,2.39,998.4,0.14
23.92,90.7,3.09,1005.7,0.0
37.48,82.5,4.84,1019.9,0.0
29.97,77.9,2.19,1009.3,4.04
22.12,37.7,3.59,1003.8,0.0
24.47,66.4,7.74,1007.9,0.0
36.41,58.0,3.34,1014.6,0.0
40.0,72.5,2.86,1006.4,1.79
39.46,60.5,1.89,1012.8,0.0
33.68,63.0,5.81,1009.9,0.0
26.11,76.3,4.22,1010.5,7.97
10.0,60.2,1.85,1013.3,2.99
30.23,70.2,4.23,1005.6,0.0
27.99,40.7,5.23,1000.4,0.0
29.05,53.0,6.35,1011.8,1.9
28.4,79.8,3.65,1006.9,0.0
18.05,45.9,2.66,1004.4,0.0
32.18,90.4,7.0,1012.2,0.0
32.74,85.5,6.41,1018.2,0.0
33.12,63.2,5.98,1006.8,0.0
35.1,100.0,3.97,1008.1,0.21
32.53,90.4,5.18,998.5,4.47
24.92,50.9,14.32,1006.2,5.55
27.47,81.4,3.91,1009.8,0.0
28.68,69.2,2.89,1007.8,10.57
28.81,54.0,4.62,1005.1,0.0
35.49,48.7,5.79,1013.8,0.0
32.83,85.9,1.94,1008.5,0.0
43.58,57.2,5.32,1028.7,8.36
44.55,66.2,3.04,1009.7,6.25
28.6,51.4,10.99,986.0,5.76
10.0,54.5,1.45,999.1,12.42
37.28,65.7,6.72,1012.3,0.0
23.95,75.0,13.62,1002.9,0.0
21.99,30.0,1.28,1003.4,2.0
25.01,68.3,8.24,998.1,0.0
24.65,54.6,2.45,1004.2,0.0
32.59,93.2,0.87,1009.6,0.0
16.3,100.0,2.11,1011.1,0.59
19.92,61.5,5.72,999.8,4.68
30.57,37.0,5.39,1014.4,1.36
32.67,70.1,3.36,998.5,0.0
32.81,64.3,1.29,1011.5,0.0
22.1,100.0,1.05,1010.7,1.27
20.66,98.0,4.07,1000.5,0.0
24.2,83.6,1.48,999.6,1.73
29.8,57.4,2.61,1011.1,0.0
39.14,80.2,1.34,1003.5,0.57
12.64,72.8,4.97,1006.5,0.68
26.34,72.3,1.92,1013.5,0.0
18.0,40.0,7.73,1011.8,0.0
15.61,87.1,1.73,1000.7,0.28
35.25,69.9,4.88,1007.6,2.1
32.08,66.2,0.5,1000.5,0.0
31.37,57.2,9.02,1015.0,0.0
34.91,53.7,6.9,1020.3,0.0
24.4,73.7,6.93,1001.2,2.47
24.76,36.5,5.36,1007.8,0.0
44.39,82.2,4.89,1015.3,5.64
26.15,49.0,4.07,1008.2,0.0
33.51,30.9,1.87,1012.5,0.0
28.05,100.0,0.88,1008.4,4.2
14.14,52.6,3.32,999.5,0.0
12.67,55.0,2.19,1009.0,0.0
23.66,88.4,1.7,1017.0,0.73
35.92,100.0,4.36,1010.5,0.0
33.91,40.4,5.57,1021.0,6.29
34.86,50.8,4.05,993.8,1.06
20.6,52.1,0.81,1011.0,0.0
40.12,84.8,8.55,1002.8,0.0
20.76,97.5,1.15,1001.0,0.0
29.6,48.6,0.88,1018.7,2.93
27.92,93.5,4.36,1006.0,0.93
26.7,55.2,3.41,1005.2,0.18
38.04,74.1,3.22,1010.7,7.71
22.71,45.1,3.6,990.8,0.0
17.88,65.8,3.63,1018.8,0.0
28.15,66.0,1.8,1023.2,1.92
25.0,62.3,3.11,1015.3,4.28
45.0,74.9,1.89,1011.3,0.0
33.07,49.9,2.36,1006.3,3.23
24.93,52.1,4.32,999.4,3.74
20.08,75.9,1.72,1017.6,0.46
13.9,92.2,2.29,1015.3,0.0
20.31,67.6,0.97,1011.6,0.0
28.86,77.1,3.0,1010.7,5.42
38.7,81.6,5.32,1010.4,0.0
36.41,82.9,1.39,1003.8,0.71
29.72,50.8,2.2,1028.0,1.54
25.58,54.0,1.04,1005.7,0.0
30.02,55.6,2.6,1004.6,1.11
24.11,100.0,2.87,1017.0,0.0
40.89,77.1,4.26,1007.8,1.12
26.58,76.3,3.6,1007.8,0.0
27.35,74.6,7.1,1019.3,105.49
11.38,44.2,0.88,1013.4,0.0
26.53,100.0,1.42,1013.8,0.0
34.27,76.6,0.51,996.7,0.0
19.99,81.0,1.47,1011.2,0.0
22.37,36.2,6.31,1000.0,10.74
33.95,82.0,7.46,1004.4,3.81
16.93,61.6,4.39,1009.4,0.79
35.93,44.2,2.23,1007.7,2.36
24.01,50.8,3.25,1013.2,0.59
25.09,45.2,3.81,1014.2,8.41
19.57,44.9,3.3,1014.8,0.0
30.84,69.1,1.87,997.2,0.0
45.0,61.0,1.73,1026.9,0.0
33.86,74.0,1.93,1007.8,0.0
21.52,98.2,1.82,1017.7,0.0
36.52,65.7,6.26,987.9,0.0
25.62,30.0,4.33,1005.9,1.94
38.31,63.6,6.04,996.3,2.91
34.05,89.5,3.24,1001.1,0.0
10.0,66.5,4.6,1008.4,10.35
20.47,95.5,4.53,1005.3,0.0
35.08,76.2,3.32,1018.5,1.65
29.14,34.9,3.43,1022.2,0.0
20.32,70.0,4.34,1000.3,0.0
23.25,73.3,3.89,1004.1,0.0
13.7,87.4,9.02,999.8,0.0
27.34,100.0,2.52,1017.2,0.0
44.58,84.3,3.26,1009.3,0.41
34.04,75.9,3.18,1008.3,0.0
44.43,80.2,3.22,1010.5,1.51
34.62,65.0,7.49,1005.5,0.73
35.71,41.7,1.49,1001.1,0.0
42.81,68.7,6.85,1008.4,1.65
30.83,74.6,2.36,1005.9,3.17
26.6,46.3,15.0,1010.8,4.0
35.74,91.9,1.58,994.9,0.08
38.9,86.1,3.05,1009.5,13.91
24.4,43.3,1.66,1002.5,0.15
22.59,92.6,11.99,1009.2,13.72
29.04,62.5,2.17,1015.2,1.1
34.24,54.0,4.35,1003.6,7.8
33.99,87.4,2.61,1017.6,0.0
17.32,67.1,3.38,994.1,0.0
42.34,100.0,6.41,1020.4,4.87
23.19,52.6,0.55,1017.9,3.82
26.01,36.8,0.93,1000.9,0.0
21.23,63.0,3.44,1001.0,2.84
45.0,82.2,4.12,996.0,1.44
29.82,51.3,4.36,1015.4,0.0
21.62,44.1,7.31,1005.4,0.53
34.48,72.1,5.73,1004.8,1.18
33.77,41.7,0.5,999.0,11.98
26.59,73.5,0.5,1022.5,0.0
34.3,61.9,1.09,1000.2,4.38
21.81,76.9,1.99,1008.2,0.0
24.3,43.1,3.04,1009.7,0.0
12.92,91.4,3.57,1004.8,0.0
18.07,64.7,1.86,1003.2,0.0
41.56,81.7,6.15,1005.0,1.78
40.31,85.3,1.56,1012.5,0.0
28.49,47.2,10.79,1005.2,0.0
40.47,83.9,3.8,1021.0,0.0
26.8,42.3,7.44,1001.8,0.0
26.17,43.3,2.64,1014.0,1.07
28.42,100.0,3.85,993.9,2.56
27.06,88.0,3.09,1001.8,115.29
26.39,100.0,0.8,1001.5,0.0
36.58,61.3,3.69,999.2,0.0
29.13,69.8,1.1,1010.3,1.59
33.34,77.5,2.83,1007.1,4.35
35.74,67.8,3.07,989.8,0.0
30.91,54.6,11.56,1024.0,0.0
20.72,51.9,5.74,1009.4,0.0
17.85,71.8,3.28,1008.0,0.36
29.12,48.8,3.97,1018.5,0.0
26.72,48.3,5.86,1015.9,3.53
28.66,75.1,5.33,1005.6,0.0
27.88,66.3,3.51,992.4,5.19
45.0,84.9,2.19,1012.5,0.0
18.02,60.4,5.46,1000.3,0.0
13.08,57.5,0.73,1017.9,0.0
30.49,75.6,4.7,1001.8,0.0
25.18,53.4,11.37,1004.4,3.71
30.37,56.2,2.05,997.3,0.0
32.38,56.9,1.92,997.9,0.99
37.63,64.2,3.14,1007.1,1.15
16.7,99.9,15.0,1006.4,51.54
23.82,43.2,0.69,1004.2,0.93
31.22,91.3,5.03,1024.4,1.18
33.78,81.3,1.41,1012.8,0.31
44.45,96.2,1.2,1008.1,0.04
35.17,100.0,4.29,985.9,0.0
27.57,93.8,6.25,1014.6,0.7
21.32,84.7,3.83,1030.0,0.0
23.77,44.4,0.5,1006.5,13.85
23.55,46.6,1.03,1001.5,0.56
32.91,74.5,3.64,1009.3,0.0
29.93,37.4,7.76,996.5,6.1
18.07,79.1,3.97,1011.7,1.1
24.73,30.0,0.5,1020.0,0.0
34.58,88.7,8.63,1002.6,0.0
30.64,62.2,4.68,1002.9,0.0
32.26,70.3,3.03,1007.4,7.82
30.87,54.5,3.26,1004.0,0.0
40.2,33.8,0.93,995.9,0.0
29.77,90.2,5.39,1004.9,0.0
25.1,92.0,5.74,1003.3,0.86
21.13,61.7,7.32,1018.9,0.66
29.87,79.9,5.5,1017.2,6.42
10.0,61.0,10.09,1019.2,8.06
26.62,73.2,5.81,1014.4,0.61
26.46,81.7,5.78,1009.6,0.0
17.77,78.0,1.5,1001.0,0.0
21.04,92.1,1.04,1018.6,0.0
34.07,77.3,3.85,1010.8,0.0
29.73,68.5,3.49,998.0,0.0
28.76,54.3,0.5,1000.7,2.22
30.3,59.4,3.51,997.9,5.32
28.69,82.6,7.62,991.6,0.0
37.32,41.0,6.51,1011.1,0.0
28.93,87.9,12.06,998.1,0.0
17.06,62.9,5.5,1002.0,0.0
40.23,53.3,8.03,1008.3,0.0
30.78,48.2,6.95,1006.5,0.0
23.58,80.1,8.47,1002.3,0.0
18.6,67.7,2.27,1020.2,0.0
30.97,96.6,1.43,995.8,4.74
27.12,45.3,10.0,996.1,0.0
39.81,57.6,1.22,1011.7,0.0
25.41,66.3,2.74,1003.0,0.0
21.72,54.5,2.75,1002.7,0.0
34.72,68.1,3.34,999.4,5.7
34.94,73.8,2.9,1010.7,0.0
29.26,76.7,3.61,1009.8,0.0
33.07,95.1,4.7,1009.0,2.65
27.72,44.5,4.4,1003.3,0.0
29.75,74.1,0.5,1002.0,0.0
36.74,56.4,2.42,1006.7,2.12
32.69,75.7,2.97,1015.7,6.78
26.73,75.8,8.23,1020.5,0.0
38.14,50.2,0.78,1016.9,0.0
10.26,51.8,6.28,1012.0,0.0
43.39,77.2,5.73,1015.9,115.29
15.21,68.4,4.07,998.5,0.0
23.3,64.0,4.17,1002.3,7.61
27.69,79.8,2.43,1012.2,0.0
26.9,81.2,2.72,1007.1,0.0
35.55,58.5,5.74,1010.7,10.27
20.07,52.7,1.8,1015.8,0.0
29.96,45.3,3.9,1014.6,0.42
23.66,68.6,2.17,999.3,1.13
30.21,42.4,4.87,1008.1,0.0
27.51,69.8,2.98,1000.6,0.64
28.7,89.9,1.45,1001.8,7.38
23.88,61.6,6.16,994.3,1.06
24.17,58.3,1.66,1009.1,8.62
30.15,100.0,3.74,993.7,1.18
35.08,95.2,9.48,1011.2,0.52
23.51,54.2,5.91,1018.9,0.0
21.48,70.5,3.84,1012.2,0.18
32.6,73.9,2.42,1008.4,109.67
27.76,71.7,11.28,1020.3,9.54
34.23,100.0,3.74,1010.6,0.92
21.21,69.6,3.85,1001.1,5.88
14.65,72.3,4.07,1009.0,0.0
24.0,80.4,1.8,1023.7,98.97
22.25,89.4,3.44,999.3,5.28
27.41,84.9,3.42,997.0,0.37
23.22,77.7,2.18,1012.9,7.03
33.56,39.9,7.2,1006.2,0.0
25.84,59.2,7.72,1003.7,0.0
29.13,82.7,2.96,997.9,2.62
29.18,72.5,7.88,992.4,1.04
29.46,82.9,4.56,996.3,100.19
27.82,100.0,2.56,1020.9,142.16
31.83,46.8,6.01,1007.9,0.27
22.03,88.5,0.95,992.3,0.0
38.5,62.1,3.91,1017.5,0.0
26.23,84.8,7.84,1017.9,0.0
18.16,67.3,1.87,1017.8,3.53
29.41,100.0,1.37,1004.6,0.0
21.62,70.3,3.61,1005.8,0.0
32.99,56.5,3.46,1009.1,0.0
44.57,75.6,1.3,1019.2,2.99
22.1,73.8,0.5,1003.6,0.0
30.49,88.5,0.5,1002.0,0.0
14.83,76.1,8.12,1013.6,0.0
31.4,100.0,0.5,1017.7,6.26
21.36,66.0,6.96,1007.6,1.54
23.31,66.2,1.13,1013.4,1.28
19.74,57.1,2.22,1008.9,6.96
33.49,69.5,1.52,1006.0,3.27
35.55,72.2,2.0,1001.4,102.37
28.18,73.1,6.33,998.8,0.74
21.52,69.2,1.81,1003.1,0.0
39.92,57.0,5.95,1000.2,0.0
22.37,52.1,2.33,1010.3,0.0
11.78,61.2,3.43,1017.7,0.77
31.44,88.5,1.19,1009.6,2.85
19.71,92.4,4.83,1000.6,0.0
35.41,66.6,5.77,1014.8,0.5
25.14,51.1,3.94,1010.4,0.0
32.53,66.5,2.22,1012.0,2.39
38.51,100.0,2.89,1003.8,0.85
18.93,86.0,1.79,1017.1,26.32
23.76,77.9,1.16,1017.0,98.86
27.43,85.3,4.52,1006.5,140.07
39.53,95.7,1.76,1013.7,0.0
23.06,47.2,4.3,1016.8,5.56
23.54,60.9,5.21,1004.3,0.0
31.59,58.5,3.11,1007.4,0.0
23.67,78.6,7.31,1008.6,0.0
29.14,70.9,3.71,999.2,0.48
16.36,81.6,3.73,1011.5,0.0
44.61,58.9,1.74,1016.2,0.69
17.89,92.7,5.09,1006.8,0.0
25.59,66.8,10.11,1010.7,0.0
27.76,80.5,1.79,1019.2,2.04
42.35,89.5,1.94,1004.8,0.0
18.06,88.1,5.2,1010.9,3.52
42.88,74.5,3.48,1003.4,0.0
33.68,82.7,4.49,1003.2,0.0
31.13,99.3,3.31,1010.7,0.93
20.62,77.2,11.69,1009.9,0.0
32.28,54.9,1.58,1012.4,0.06
22.57,78.5,6.14,1008.6,0.0
37.5,67.3,2.59,1011.7,1.12
20.72,30.0,2.78,1021.3,0.0
27.15,76.3,2.92,1016.5,0.0
23.84,70.1,6.31,1010.7,59.54
20.59,88.8,7.56,1012.0,0.0
33.56,54.5,1.44,1005.6,9.96
32.02,40.9,1.12,1006.7,0.0
37.07,71.0,2.9,1011.9,106.38
14.65,74.8,6.05,1008.7,69.58
35.98,69.7,1.88,1014.3,1.58
45.0,68.4,3.26,1018.1,0.0
24.61,48.8,1.1,1007.2,0.0
42.21,65.5,1.99,991.9,0.0
26.03,61.7,4.8,1024.3,0.0
17.71,87.3,1.3,1002.8,0.0
25.71,74.8,0.99,1009.6,0.0
35.86,63.0,4.69,1013.8,0.0
21.71,99.0,4.07,1019.3,0.7
23.5,63.2,2.71,1022.4,0.0
32.45,78.0,4.51,1005.1,0.0
28.02,65.0,4.84,1017.5,3.49
32.38,97.4,2.15,1009.6,0.0
29.78,69.6,1.0,1029.9,0.0
31.6,70.1,4.41,1016.8,2.0
24.76,65.5,1.17,1006.6,0.06
29.74,71.5,7.7,1001.7,8.98
21.04,89.6,3.92,987.0,0.0
37.66,83.2,5.44,1013.4,0.0
23.24,68.5,2.91,1016.1,3.23
36.47,98.6,2.39,1014.0,1.41
26.25,83.7,7.53,989.2,100.76
29.51,60.1,4.09,997.9,0.0
24.29,43.2,5.83,1011.8,0.78
20.38,60.5,7.35,1022.3,0.0
14.91,75.4,6.19,1007.6,128.91
20.09,78.7,11.6,1016.7,0.0
25.57,92.5,5.44,999.7,0.0
29.59,48.3,1.42,1009.7,4.66
35.58,60.1,2.66,1005.8,0.0
24.66,46.8,4.27,1017.5,2.94
21.39,43.9,1.44,1003.7,0.0
17.18,56.7,4.56,1021.4,0.0
31.6,74.6,2.92,1005.5,0.0
38.37,81.9,2.54,999.4,0.0
37.5,50.9,9.72,999.7,4.59
33.32,53.4,5.74,1003.0,0.0
32.79,36.0,4.24,1011.0,0.0
40.73,71.9,4.99,1003.1,4.38
30.49,54.8,1.4,1001.4,0.0
32.85,97.9,9.33,1015.1,0.0
25.59,75.4,4.73,982.3,0.97
17.78,64.9,2.27,1004.6,0.0
22.87,56.5,3.99,997.3,9.45
27.93,41.1,7.72,1001.1,0.0
28.46,43.4,5.88,1009.9,10.91
42.45,56.8,4.46,1006.4,0.59
28.61,55.4,6.25,1005.6,1.4
36.84,50.0,2.48,1017.5,0.0
24.74,74.8,5.68,1007.9,1.13
25.66,77.3,1.13,1022.4,8.92
18.03,59.7,3.06,1013.7,0.0
22.43,100.0,4.85,1000.3,0.0
31.95,36.6,6.04,1023.5,0.0
28.06,69.0,1.41,1010.2,0.82
35.07,64.1,3.87,1023.0,0.0
29.36,58.1,3.78,1005.9,5.51
25.36,55.4,0.5,1010.2,0.0
44.11,67.9,4.82,1011.5,0.0
27.3,63.9,1.98,1006.7,6.74
36.72,60.9,2.88,1018.2,0.0
24.99,44.6,4.39,1023.5,1.57
33.32,38.9,3.02,989.7,1.25
34.96,62.8,1.26,1014.5,1.97
29.56,60.8,2.18,1000.8,0.0
10.34,64.5,4.55,987.3,1.01
28.14,66.0,1.63,1012.1,0.0
37.23,58.6,4.39,1012.2,0.0
31.96,64.2,4.13,1013.4,0.0
31.34,52.6,3.0,1011.0,0.0
15.08,95.4,5.33,1015.0,0.0
22.6,53.6,6.34,1003.2,11.51
31.09,61.3,2.75,1010.1,0.0
31.08,55.0,2.37,1013.6,0.0
37.11,54.7,2.55,1018.8,12.39
26.91,68.4,3.57,1008.4,0.0
31.04,66.2,4.73,1006.3,1.79
28.12,59.7,10.12,1007.6,1.69
20.6,62.9,1.79,998.5,0.0
11.08,55.0,1.35,1014.2,0.37
31.23,75.2,1.31,996.3,0.0
29.3,100.0,3.21,1011.1,1.9
23.36,52.3,3.12,1008.7,0.0
15.86,75.1,2.63,995.6,0.0
32.72,68.8,7.39,996.0,4.54
26.01,80.0,7.29,1001.2,0.0
32.18,80.5,5.94,1005.2,1.33
41.98,71.7,2.73,1019.8,8.19
11.94,67.3,4.23,1007.1,0.0
22.75,60.2,5.41,1012.4,0.0
26.43,54.2,10.26,1018.1,0.0
38.91,66.3,3.31,1016.6,0.0
15.73,44.9,3.72,1007.9,0.49
42.52,57.3,2.14,1002.4,0.0
29.02,87.9,7.63,1012.0,0.0
27.28,69.8,7.66,1002.5,1.62
26.51,84.1,3.64,1022.5,0.0
24.73,94.5,1.29,1014.9,69.84
35.86,64.8,2.44,1009.7,1.6
19.99,71.7,9.38,1012.1,7.49
30.59,62.6,1.63,1009.4,7.26
25.12,53.4,4.28,1005.1,0.54
22.28,50.8,5.01,1012.0,0.0
45.0,83.2,1.24,1006.1,1.09
31.14,71.8,1.6,1023.5,0.0
32.6,100.0,3.87,1002.5,1.65
36.53,85.5,4.36,1012.1,0.0
17.34,54.8,2.41,1001.7,3.46
41.14,83.1,3.65,1001.7,112.56
10.0,62.5,6.54,993.7,2.45
22.23,89.9,10.23,1011.3,0.0
24.56,59.2,0.55,1003.7,0.7
32.36,49.1,7.37,1016.7,4.78
29.64,53.7,1.61,1011.3,8.58
26.75,54.6,3.75,1009.2,0.0
27.91,52.9,5.75,996.7,0.0
20.66,57.7,0.66,1012.7,0.0
16.77,83.4,2.0,1002.7,0.0
33.45,100.0,4.93,996.5,0.0
33.2,44.1,2.71,1011.4,0.0
39.88,90.7,2.85,997.9,8.99
22.07,59.4,1.35,991.3,0.0
33.2,74.3,1.51,1018.4,0.0
25.87,38.2,1.74,1003.5,3.09
36.93,77.4,6.09,994.0,0.0
35.66,31.9,3.1,1000.3,0.0
29.58,73.7,1.04,1002.2,0.0
25.45,72.6,5.24,1017.2,1.38
35.21,71.4,6.22,994.7,7.11
32.85,54.8,0.59,997.3,4.78
22.87,77.9,6.97,1015.8,3.68
18.04,75.0,1.24,1004.4,51.69
25.84,64.2,6.13,1009.8,2.6
39.37,80.1,5.07,1004.1,0.03
36.6,66.3,2.39,1024.2,0.81
19.66,77.5,0.55,997.7,5.67
19.24,65.7,4.69,1010.3,0.0
37.56,71.9,3.25,1020.0,0.0
19.48,78.3,5.89,1005.0,0.0
31.82,60.8,3.6,1002.0,0.0
23.38,45.8,3.16,1014.1,0.0
40.13,73.0,4.29,1016.0,55.14
22.22,89.4,3.4,1001.6,1.26
36.58,73.4,7.32,1019.7,6.78
29.39,73.7,2.81,1008.4,3.81
29.89,67.2,6.19,1012.1,3.49
13.22,81.3,4.78,1019.9,0.0
11.48,64.7,3.9,1014.2,2.27
26.35,59.8,0.72,1008.0,0.0
29.85,87.9,3.06,1002.6,0.0
19.56,58.5,1.16,1029.7,0.0
19.83,84.0,2.2,1001.7,3.23
32.21,87.9,2.08,1010.5,1.86
32.22,78.2,6.3,1012.1,5.72
26.97,45.5,3.44,1012.5,0.0
33.85,68.5,6.73,1025.0,0.0
19.19,64.4,1.09,1008.4,0.61
25.33,59.1,2.89,1007.2,0.8
40.36,70.6,11.48,1020.4,4.51
28.51,81.8,4.06,1006.9,6.06
28.95,59.7,1.92,1015.0,1.6
45.0,64.9,1.45,1009.6,0.0
17.5,63.7,5.35,1015.4,0.0
33.97,88.9,3.08,1013.8,0.0
40.48,63.4,6.28,1004.8,0.45
25.56,45.8,0.86,993.2,0.0
34.45,39.7,0.5,994.6,0.0
20.63,74.5,2.6,993.3,5.82
22.85,54.3,3.1,1007.3,3.19
30.89,80.0,1.02,989.2,0.0
33.99,44.0,6.74,1006.7,3.02
36.41,58.3,4.59,1009.1,8.23
39.77,44.0,6.42,1014.8,5.5
27.49,75.8,6.46,1012.0,0.0
36.95,79.7,1.17,1015.2,0.34
25.43,74.1,4.06,1011.3,69.3
34.77,48.5,5.03,1005.4,0.0
29.56,54.6,6.25,1007.2,6.15
31.34,72.2,8.52,1001.2,0.0
31.18,37.6,7.76,1009.8,2.2
15.96,63.7,1.21,995.3,7.25
19.57,95.3,3.47,1016.5,0.49
28.77,64.8,2.83,1000.3,0.0
15.35,41.2,1.81,1009.2,1.46
34.23,57.1,2.47,1010.6,0.0
34.54,56.6,8.25,1017.3,0.73
30.45,100.0,4.05,994.6,0.0
19.59,98.0,0.5,1005.4,2.17
38.35,81.2,0.75,1012.4,0.0
43.28,61.8,2.71,1022.0,0.0
29.1,89.6,10.64,1007.7,0.0
31.83,47.6,1.13,1003.2,0.0
29.51,87.4,6.14,1024.2,0.0
31.98,84.7,3.65,1014.4,0.01
27.1,65.3,5.24,1019.0,0.0
27.74,88.5,5.45,998.3,0.0
34.79,60.0,10.26,1012.2,0.0
45.0,45.2,5.82,999.3,5.2
17.5,85.6,2.87,997.6,0.82
27.22,66.5,2.19,1012.7,0.0
19.15,78.8,8.7,1013.2,0.0
39.94,100.0,2.51,1004.1,0.0
23.59,55.0,4.17,1019.5,0.0
17.18,65.4,0.98,1005.0,2.82
32.79,96.3,1.09,1005.8,0.0
41.08,80.0,3.5,1007.7,0.44
32.98,55.4,1.1,1006.1,0.0
29.54,50.8,4.02,1018.2,0.25
31.07,58.5,1.07,999.7,16.19
38.61,54.7,5.94,1002.0,3.49
21.44,72.3,2.57,998.5,0.3
27.16,69.4,5.36,1023.1,0.0
24.6,73.0,5.24,1005.4,0.0
19.24,52.9,4.94,1001.9,0.0
25.54,66.7,4.32,1005.7,0.0
36.31,31.0,4.23,1014.8,0.0
32.25,70.6,2.73,1013.3,14.17
32.83,89.2,3.19,1003.4,0.82
29.1,42.4,8.71,1004.8,0.0
31.92,76.7,6.24,996.4,0.0
22.0,57.0,3.21,1009.1,0.0
25.68,82.4,1.68,1018.3,0.0
29.44,70.9,1.61,1003.3,0.0
30.08,75.3,3.91,1013.1,2.29
30.4,69.2,6.06,1003.3,0.0
26.96,91.9,5.18,999.2,0.0
25.17,74.3,15.0,1013.4,0.0
45.0,55.3,1.21,1026.8,0.0
34.8,69.8,1.81,1012.3,0.0
31.1,61.4,6.99,1004.7,0.0
26.25,70.9,2.22,1005.2,0.0
24.62,60.4,2.39,1023.3,0.0
27.02,55.8,10.6,1010.5,0.0
30.2,71.6,5.42,1001.9,0.0
13.9,69.0,4.98,1007.5,0.0
16.23,87.2,0.66,1009.7,0.0
23.22,60.5,3.87,1011.8,0.0
29.55,32.3,1.95,1020.1,5.85
26.21,61.5,2.22,1018.2,0.0
39.09,38.7,8.36,1009.6,0.0
16.88,75.5,1.64,1007.7,0.0
22.36,37.9,3.26,1011.2,0.0
39.4,50.2,3.97,1003.1,9.3
28.98,61.5,2.57,1015.8,10.61
34.64,95.8,1.58,1006.4,0.0
43.38,48.7,3.78,1011.9,3.41
22.8,68.2,3.78,1021.7,0.26
27.26,78.4,4.64,1012.4,3.33
25.96,94.7,6.05,1009.8,0.0
13.34,82.0,1.94,1003.9,1.76
25.67,87.7,1.47,1007.4,0.0
34.61,83.6,3.53,998.9,7.25
32.05,46.2,1.62,1012.3,6.82
32.64,74.5,5.5,990.9,0.0
25.18,83.3,2.88,1015.7,13.3
23.08,50.8,8.0,1013.9,0.51
37.52,57.6,2.03,1008.8,0.0
24.27,53.5,3.82,1003.7,0.0
30.21,81.9,2.41,1007.9,2.33
29.23,66.8,1.24,993.8,0.0
38.96,62.2,2.45,1014.6,3.06
35.29,44.9,1.93,1006.7,0.0
18.29,66.8,1.57,1020.1,0.0
19.09,57.8,0.81,1011.1,0.0
32.34,72.4,5.97,1009.9,0.83
27.52,47.4,2.54,1011.2,0.0
24.59,71.2,15.0,1000.2,0.0
35.62,60.1,4.5,1004.4,6.46
29.41,45.5,1.59,1009.1,0.0
28.39,44.1,3.21,1005.6,0.59
33.85,46.8,2.65,1003.4,0.0
25.19,64.3,2.48,1005.7,2.33
39.76,70.2,4.15,1008.4,0.0
22.09,72.9,2.98,1026.5,0.0
32.93,73.5,4.32,1005.4,2.44
38.75,54.3,2.41,1002.6,0.0
17.67,87.1,1.24,1006.8,0.0
25.42,60.0,3.57,1020.0,0.0
36.57,76.1,2.24,1020.6,0.0
36.68,65.0,6.79,1023.6,0.0
26.71,74.8,3.38,1008.5,3.74
22.49,64.1,1.13,1013.1,0.0
35.17,75.1,1.36,999.6,3.57
36.88,67.9,5.21,1005.2,0.0
19.27,82.6,0.76,999.1,0.02
18.97,53.3,7.29,1011.8,0.0
29.69,36.1,0.73,1008.3,0.0
32.72,50.5,2.62,1009.8,0.0
25.76,87.2,9.78,1001.2,8.31
33.09,65.2,5.05,1014.8,0.0
22.67,69.7,4.51,988.7,1.02
12.14,49.0,1.31,1006.0,2.08
24.82,69.2,8.91,1007.1,0.0
28.47,49.6,4.59,991.8,4.01
25.93,52.2,9.65,1011.1,0.0
19.31,60.8,1.63,1006.6,0.0
14.38,76.0,2.23,1012.5,0.0
24.14,77.9,1.23,1024.0,2.76
34.73,78.4,2.04,1010.6,0.0
37.42,39.4,2.12,1015.8,0.0
36.91,67.9,5.79,1019.0,7.67
21.88,64.5,2.85,1011.9,0.76
19.35,40.4,4.71,1001.1,0.0
31.72,68.3,4.16,994.9,0.0
32.76,63.5,1.03,1011.0,0.0
31.0,77.2,4.33,1004.8,0.0
12.89,69.5,4.55,1018.3,0.0
21.5,58.1,4.27,1004.2,0.0
27.78,84.7,2.82,1007.9,0.0
31.65,30.0,9.51,998.7,0.0
33.75,66.8,6.55,1005.2,0.85
29.08,36.3,1.53,1000.5,0.01
30.48,51.6,9.97,1001.2,0.0
28.64,77.4,3.38,1007.6,0.0
33.14,45.1,2.76,1003.1,0.0
30.35,42.4,1.41,1029.0,8.77
28.49,100.0,3.21,1014.7,1.79
25.99,43.5,5.16,1016.7,0.0
28.61,97.7,2.65,1007.1,0.0
31.63,64.9,5.0,1008.8,0.0
30.01,58.6,8.68,1004.6,2.21
30.86,78.2,8.2,1029.0,0.0
38.07,92.1,9.4,1007.1,1.82
29.99,47.4,3.01,1003.2,1.16
23.13,58.8,4.48,1002.0,0.0
34.63,83.2,3.4,1010.7,0.0
17.75,73.2,5.7,1019.4,88.68
19.89,87.8,4.96,1016.7,0.0
30.52,77.3,3.0,1001.9,4.76
31.87,100.0,4.04,1001.8,0.0
18.66,71.2,4.51,1018.0,7.1
25.13,72.0,8.26,1024.8,3.67
23.45,73.8,3.35,1006.8,0.0
24.35,65.4,5.34,1017.7,0.49
35.08,83.3,2.84,996.3,0.0
33.3,72.3,3.96,1001.3,0.0
27.86,82.2,3.08,999.9,4.73
23.91,85.0,1.67,1011.3,0.0
17.88,75.7,1.03,1006.6,0.0
38.65,77.0,2.63,1009.9,3.68
32.44,49.8,3.03,1017.8,0.15
22.7,58.1,4.42,1002.8,0.0
33.4,83.2,5.96,1008.8,6.62
27.47,93.6,1.91,997.3,2.89
25.85,33.1,2.59,1017.3,0.0
31.26,57.8,5.19,1016.8,0.0
22.44,68.4,3.52,1010.9,0.0
25.42,52.2,1.64,1009.0,0.0
28.91,53.2,3.81,1003.9,4.51
24.25,76.5,1.74,996.8,0.0
33.02,96.5,5.02,1010.4,2.92
42.02,31.4,9.61,1014.0,6.62
22.34,64.9,5.27,1024.2,2.19
15.51,76.3,7.35,1004.9,0.0
12.99,82.0,1.18,1010.2,4.84
26.87,73.7,4.07,1016.9,4.69
23.03,99.7,5.22,1017.2,0.0
29.56,68.5,1.1,1003.0,0.0
28.99,91.6,4.0,1005.8,0.0
15.98,56.4,4.09,1003.8,0.0
14.39,69.0,1.04,1000.8,0.0
30.22,46.2,3.49,1019.8,0.44
29.02,84.2,4.45,1008.5,2.02
24.81,65.8,5.25,1007.4,0.0
15.57,74.4,1.3,1010.0,80.67
31.54,62.4,0.65,1008.4,0.25
37.54,78.6,4.03,1006.2,0.0
30.08,75.2,2.71,1001.9,0.0
21.64,50.1,7.39,1020.5,10.58
28.33,51.1,11.77,1003.4,0.0
17.75,67.5,5.49,1000.6,0.0
35.93,79.9,8.92,1007.4,0.0
28.61,100.0,2.22,1025.3,0.0
14.74,73.5,5.38,1001.4,5.22
25.74,86.1,2.04,1013.7,0.0
31.47,39.0,5.76,1006.0,0.0
25.5,100.0,4.64,1010.0,0.0
25.93,78.9,5.95,1015.4,0.0
18.82,67.1,1.62,994.2,2.65
32.25,65.0,5.29,1000.8,0.0
23.14,48.1,0.5,1015.3,4.15
11.83,53.2,7.05,1008.8,0.0
25.22,100.0,4.5,1009.7,0.0
35.36,50.2,4.0,1013.7,0.0
25.1,49.9,2.37,1000.9,5.62
41.03,55.4,15.0,1016.4,7.48
31.22,46.4,3.94,1014.6,0.0
30.54,68.3,3.66,1009.9,0.0
27.04,87.6,3.41,1011.7,0.0
27.49,57.0,2.59,1017.3,0.63
26.02,43.3,5.47,1003.2,0.0
25.73,73.3,6.12,1013.3,84.13
31.98,67.0,5.58,1022.0,0.0
20.98,86.0,11.18,1013.1,5.39
19.93,59.8,1.47,1006.2,0.0
19.58,63.3,3.59,1026.5,0.0
43.34,65.3,0.81,1009.8,0.0
31.98,69.6,3.31,1019.2,0.0
30.28,60.9,5.75,1004.6,0.0
20.07,58.0,1.61,1016.5,4.34
32.68,34.7,1.15,1003.6,0.0
27.13,57.8,1.04,1010.6,4.57
29.61,80.9,1.04,1003.1,0.92
20.68,83.3,6.27,1023.2,3.93
29.2,59.5,1.37,1006.2,0.0
24.82,91.4,5.9,999.1,0.0
22.26,67.5,2.87,1008.8,1.78
33.51,43.9,1.81,1012.3,3.23
16.47,38.3,4.08,1007.8,0.0
32.24,89.9,3.25,1001.5,6.69
33.13,61.3,2.29,1016.3,12.07
21.4,46.1,0.72,1018.1,0.0
21.85,30.0,2.03,994.8,0.0
26.33,60.9,2.6,1001.0,0.0
30.12,75.3,3.36,1006.7,0.0
26.85,55.4,3.57,1003.8,5.04
31.25,49.0,2.06,1012.2,0.0
41.22,58.1,4.23,1022.7,7.29
24.19,90.4,5.25,1005.0,4.06
15.14,42.9,8.43,1020.6,0.71
34.19,56.4,5.98,996.3,0.0
40.62,89.8,0.92,1011.6,0.0
30.95,76.9,6.15,1003.2,0.0
19.84,71.2,8.02,1011.8,0.0
27.07,56.3,9.35,993.9,11.63
19.61,68.5,1.27,997.7,0.0
32.82,58.3,2.94,1011.8,4.85
17.87,52.5,0.89,1003.0,0.0
25.75,48.6,2.92,1005.4,0.0
20.47,82.1,1.87,1022.7,11.86
28.95,66.9,3.77,1009.1,0.0
25.25,73.7,5.37,1015.2,0.0
29.33,70.7,3.07,1001.9,1.95
28.17,75.9,12.13,997.3,1.33
20.6,63.4,5.02,1007.4,2.95
32.7,59.3,4.99,996.1,7.79
27.63,53.3,5.28,1002.4,3.58
20.59,42.5,1.07,1009.9,0.0
44.81,47.8,5.38,1007.1,1.33
31.57,61.4,1.94,1010.7,0.93
26.85,39.1,4.79,1012.8,0.0
38.61,43.1,3.47,998.4,0.55
41.81,86.8,3.06,1000.5,2.07
26.91,72.0,1.93,990.6,1.01
30.61,59.9,2.64,1005.0,0.0
20.59,100.0,3.19,1013.9,0.0
26.9,38.3,2.13,1019.9,0.37
26.51,85.6,0.69,1009.5,0.0
29.39,66.0,5.47,1019.0,3.22
30.5,82.1,2.09,1011.1,0.0
32.2,70.0,2.65,1008.9,0.0
29.78,34.3,3.06,1003.1,0.0
18.92,69.7,9.51,988.9,0.42
20.96,74.0,5.71,1017.8,0.0
23.9,30.0,0.5,1007.6,0.84
25.88,100.0,6.6,1019.1,0.97
35.88,73.6,0.79,1000.4,1.74
19.28,80.1,4.22,1027.4,0.0
25.32,47.0,4.62,1006.0,7.92
35.15,80.4,1.4,1002.5,4.8
25.75,87.6,1.91,1006.3,5.54
31.45,72.6,2.28,1009.4,2.58
26.95,67.8,2.06,1007.4,0.0
29.93,51.9,1.13,1003.9,0.0
26.29,64.1,4.9,993.6,2.73
33.0,58.8,1.21,1001.6,0.0
16.41,78.3,2.57,1016.6,2.95
25.28,52.7,2.26,1001.0,5.9
30.22,78.2,2.35,994.3,0.64
32.0,52.9,2.82,999.6,0.14
39.2,63.3,3.26,1007.3,2.86
25.07,79.1,0.5,1001.9,0.0
39.1,55.3,1.34,1005.8,0.0
23.06,79.7,6.78,1001.6,1.58
37.96,78.0,5.18,1016.1,4.49
34.13,63.1,0.5,1011.9,0.0
21.15,88.9,1.63,1025.7,0.0
30.3,69.4,2.93,1004.9,0.0
27.62,87.8,1.32,1005.7,134.49
32.69,100.0,2.99,1017.5,0.0
26.33,63.7,1.48,1011.1,0.0
25.7,79.6,6.34,1000.5,2.05
38.27,56.5,5.48,1012.5,0.0
27.26,49.4,8.3,1011.2,0.0
34.2,64.5,5.07,993.6,0.0
26.31,43.5,4.49,1002.8,0.0
40.5,51.1,1.38,1009.5,1.31
22.91,78.6,1.87,1019.6,0.0
23.39,58.8,4.73,1013.6,0.0
39.43,80.8,2.27,1003.5,0.82
24.66,73.4,5.32,1002.3,0.0
40.01,100.0,0.97,1014.4,0.0
34.69,77.4,3.49,988.6,8.44
26.84,88.1,3.08,1001.5,2.27
14.4,75.2,1.73,1019.3,0.89
27.86,73.6,3.29,1010.4,0.0
28.76,89.0,1.33,1001.9,0.0
36.75,80.0,3.01,998.4,9.73
39.91,71.8,0.89,1014.7,0.0
22.86,71.7,1.92,1008.6,1.47
34.01,77.7,6.88,1006.3,0.0
33.74,55.9,6.76,1011.0,0.0
36.05,55.2,2.85,1009.3,3.55
31.74,93.7,3.8,1008.7,6.67
13.43,100.0,7.86,997.4,0.0
26.83,51.3,2.72,999.8,3.2
19.33,56.0,1.04,1014.0,0.0
26.48,88.6,4.19,1012.5,1.68
35.35,77.6,2.37,1011.1,0.0
30.29,80.2,7.59,1003.3,0.0
36.61,84.1,1.67,1014.1,1.79
30.56,63.7,2.02,1005.0,8.02
18.26,73.9,3.61,1018.4,0.38
10.0,72.5,6.89,1002.0,0.0
29.12,52.5,5.28,1003.8,1.65
26.4,73.7,3.65,1006.8,0.0
20.67,90.3,5.06,1014.8,0.0
15.25,62.0,9.8,1007.7,3.98
22.49,70.7,3.07,1008.3,0.0
26.54,71.7,1.18,1004.9,0.0
32.99,62.9,3.59,1010.1,13.02
29.41,80.2,7.61,1007.4,5.61
40.06,55.8,1.65,1001.7,0.0
20.23,92.0,1.35,1009.0,9.25
34.61,79.3,6.01,1009.2,0.0
28.35,51.1,1.36,1026.8,1.23
33.21,98.6,4.31,1003.1,0.0
24.73,71.0,2.96,1001.3,0.0
36.04,55.0,5.02,1010.2,0.0
30.21,87.9,6.16,1000.1,11.43
22.9,76.9,1.67,999.4,2.47
27.91,36.1,1.39,996.5,0.0
26.2,58.5,6.5,1001.8,1.16
31.67,73.0,4.38,1002.0,0.89
19.15,30.0,2.23,997.7,0.41
27.78,69.5,0.5,1006.0,3.79
30.96,70.8,1.01,989.1,72.22
28.25,46.7,4.15,1011.9,0.0
38.1,72.9,2.83,1003.5,0.0
33.81,68.1,6.5,1004.7,3.59
27.94,46.6,6.33,1012.7,1.56
29.63,84.6,2.15,1011.0,1.04
30.22,83.1,3.72,1003.0,0.0
31.02,62.8,5.67,1011.6,0.0
14.31,64.4,2.42,1020.4,0.0
25.74,81.1,6.66,999.9,63.22
16.87,64.4,7.85,1014.0,1.2
37.59,33.2,4.52,999.1,0.0
27.54,76.8,2.24,1017.4,1.51
26.55,53.4,8.1,1002.3,0.0
34.73,61.0,3.1,1002.0,0.0
31.17,94.2,1.76,1017.2,2.54
19.54,65.6,1.79,1013.8,0.0
27.47,68.0,2.41,1002.6,0.0
25.49,77.2,6.81,1009.0,0.0
14.92,77.1,3.57,1002.3,0.0
22.82,51.5,4.06,995.3,2.93
26.62,66.9,5.97,1009.5,0.0
27.14,68.7,1.45,1005.1,1.34
16.88,72.9,3.68,1000.4,63.64
36.64,73.2,2.28,1018.4,0.0
27.23,100.0,0.65,1000.7,0.11
28.28,46.8,4.47,1009.2,2.49
31.0,85.6,4.8,1016.6,18.64
22.09,89.3,4.47,1006.0,0.0
31.42,76.9,7.17,1002.1,0.0
25.25,56.3,6.58,1010.4,0.0
21.28,98.0,3.51,1011.6,0.0
32.3,30.0,1.97,1015.0,3.22
39.19,55.7,6.02,1023.0,0.0
33.44,89.1,8.0,1004.3,0.0
34.92,61.3,3.33,1009.6,4.24
24.1,96.7,5.61,997.8,145.41
16.02,40.8,4.97,1013.3,23.15
39.18,48.0,4.73,1009.5,0.0
43.41,58.4,1.76,1006.6,0.0
39.57,75.5,2.48,1003.1,0.0
25.48,64.0,5.34,1005.2,0.0
19.34,59.2,2.96,1009.9,0.0
20.01,93.6,5.5,1000.3,4.71
15.37,95.2,3.38,1005.5,0.0
27.19,60.5,3.36,1008.1,20.09
40.04,37.2,1.63,995.7,0.33
26.94,30.0,8.75,999.6,0.0
30.27,72.3,5.02,1002.7,0.0
38.32,79.8,11.91,1020.5,0.0
24.97,69.1,6.8,1001.4,0.0
43.27,66.7,2.84,1007.6,0.0
42.94,53.5,2.23,999.7,1.64
27.02,79.8,7.63,1001.8,1.58
23.67,98.2,1.11,996.5,0.0
33.23,30.0,4.57,1013.4,5.22
25.39,66.6,4.83,997.4,11.33
19.33,50.5,4.95,1015.3,3.73
37.61,41.2,7.22,1011.7,0.0
37.12,47.7,4.03,1007.4,0.0
29.17,74.8,5.0,1015.5,0.0
18.53,75.3,7.3,1030.0,0.0
18.78,94.3,1.57,1011.8,7.66
28.8,68.2,1.26,999.0,0.0
24.25,36.4,6.99,1019.9,0.0
25.44,63.7,2.25,1009.5,0.0
35.66,43.0,5.32,1024.9,5.52
33.5,46.3,12.24,1004.0,0.0
38.34,78.5,6.97,1018.3,1.77
20.57,71.5,0.5,1008.0,2.3
25.43,78.6,7.7,1029.3,3.49
33.69,61.6,1.59,1005.7,0.0
31.36,82.2,6.42,1030.0,103.71
39.49,60.6,4.53,1011.5,5.21
31.15,88.1,10.7,1014.8,0.0
41.86,74.2,1.58,1021.6,1.47
32.05,64.3,1.12,1001.7,1.16
35.97,71.8,4.1,1015.8,0.0
25.57,67.7,1.8,1005.7,1.24
28.11,96.7,4.83,1009.2,4.23
34.83,72.4,2.28,1008.7,1.25
40.1,68.0,2.07,1012.6,0.0
33.47,63.7,0.58,1012.2,0.0
27.38,83.2,2.05,1003.4,9.99
38.33,80.7,4.0,1009.0,6.17
11.56,63.1,3.63,989.3,1.14
17.33,47.2,3.08,1015.9,1.57
33.11,51.8,2.52,1021.6,3.28
28.11,64.7,5.23,1009.5,1.95
32.54,92.3,0.75,995.2,7.2
28.48,63.5,5.42,1013.9,2.78
32.28,57.3,9.54,1001.9,6.93
21.89,36.3,4.54,1009.5,0.0
32.28,95.2,0.5,1013.5,4.04
35.46,78.2,2.84,1012.4,1.86
37.15,82.3,4.42,1016.6,0.39
43.1,85.3,0.5,1009.2,0.0
29.83,65.0,5.21,1009.4,1.45
30.05,69.5,11.51,1013.9,0.0
16.58,94.8,0.5,1007.4,0.0
24.01,71.2,3.61,1002.5,0.0
26.55,78.6,14.75,1011.6,0.0
35.88,83.7,0.95,999.0,0.83
23.42,79.6,4.57,1007.4,0.0
33.97,65.7,5.72,997.0,0.0
27.99,67.4,2.41,1003.6,0.13
26.67,82.0,6.35,1003.9,0.0
29.87,82.0,10.95,1000.1,0.0
25.07,89.0,4.07,1016.8,0.0
24.78,77.9,4.56,1016.1,1.43
15.21,78.7,4.13,1018.5,71.31
26.14,60.0,4.41,1006.5,1.72
24.4,57.5,2.43,1004.5,0.0
24.13,82.1,5.32,1014.4,0.0
31.13,57.7,3.83,1009.0,0.0
32.94,67.6,2.62,1009.0,6.37
29.74,92.8,1.78,987.6,0.0
35.47,90.0,3.08,1014.1,0.47
32.32,73.4,1.1,1013.0,0.0
25.79,62.7,8.53,1008.0,0.0
24.53,65.8,7.78,1014.5,0.0
30.35,83.6,2.73,1012.8,0.0
32.3,67.3,1.85,1002.4,0.0
38.48,58.0,4.01,1006.2,0.0
36.93,89.9,3.18,999.9,0.0
23.94,71.3,0.74,1019.7,0.0
27.23,57.6,5.11,1015.8,0.61
33.03,76.6,6.44,1001.5,0.0
36.01,85.5,4.42,1013.0,3.61
35.04,49.9,2.06,1010.2,0.0
27.52,64.4,5.16,1002.5,2.75
18.59,63.6,3.43,1009.0,0.0
20.51,76.1,8.16,1014.9,0.0
30.04,79.4,7.68,1015.5,6.94
30.57,58.1,3.84,1026.7,4.11
19.76,41.1,7.85,1008.8,2.34
28.33,86.6,1.85,1006.1,2.37
32.73,47.8,4.06,1012.5,0.0
19.37,72.9,8.03,1006.5,0.0
36.29,65.6,6.93,1003.3,0.0
25.17,70.9,6.19,1000.6,0.0
37.43,97.7,4.11,980.6,106.82
24.0,100.0,6.83,1013.9,0.0
20.3,38.6,7.1,994.9,7.6
24.56,85.7,3.5,1001.0,1.27
27.29,65.2,3.14,1010.3,0.0
25.09,86.9,6.66,1005.4,0.0
26.38,85.2,3.73,1025.2,63.98
30.5,93.4,2.19,995.9,3.91
26.72,73.1,3.21,1025.9,0.0
27.5,52.0,5.19,1019.0,0.0
15.18,84.7,14.36,1015.3,2.38
30.94,70.1,2.06,1019.5,10.69
27.33,63.8,1.8,1011.2,10.75
40.08,59.4,5.0,994.4,0.0
20.95,86.1,4.45,1012.1,6.24
14.44,96.9,4.91,996.2,0.0
32.64,46.5,9.36,1003.8,2.16
30.6,79.2,5.43,1007.4,0.0
20.44,61.3,1.68,1000.7,0.0
16.53,41.6,0.98,1015.6,0.0
39.53,70.7,4.57,1006.3,0.2
38.61,53.0,2.78,1011.3,0.0
10.0,39.6,5.73,1007.9,1.64
24.56,53.9,3.14,1009.0,0.0
40.48,49.5,4.97,1000.9,0.0
24.43,56.4,2.78,998.6,11.18
24.32,44.1,10.13,1006.8,0.0
25.88,60.9,1.62,1000.3,1.57
19.59,55.2,1.87,1019.1,0.0
15.21,74.8,3.03,997.0,0.0
35.89,78.7,4.77,1026.7,1.73
14.18,72.7,13.11,1010.4,3.64
29.85,63.8,8.01,1008.6,1.05
34.65,63.3,1.53,1003.7,0.0
17.12,52.9,6.47,1013.3,0.0
21.07,53.4,1.53,1006.4,5.41
37.1,80.7,1.48,1010.4,9.7
32.0,36.3,4.43,1014.7,2.06
23.37,66.5,1.94,1013.4,0.0
37.02,62.2,5.97,1017.9,3.82
37.05,78.8,1.7,1012.3,4.35
30.02,42.3,2.78,1000.4,2.51
21.25,68.2,2.2,991.4,0.0
24.9,74.2,3.82,1009.7,0.0
30.15,33.7,2.27,1009.8,0.0
26.59,48.7,1.38,1023.4,0.0
35.04,66.3,4.92,1007.1,0.0
16.53,77.3,3.98,1011.0,0.0
16.79,71.3,4.99,1014.2,0.0
29.36,78.1,0.79,1012.1,0.0
24.31,48.6,3.88,1014.8,0.0
23.3,39.4,7.62,1001.5,0.0
14.74,69.5,8.44,1000.2,0.0
28.15,45.9,3.46,1005.8,0.0
27.6,52.4,1.48,990.6,0.0
32.9,84.8,1.47,1007.7,0.0
28.52,71.4,2.4,1002.7,52.31
27.01,57.8,5.53,1010.6,0.0
36.83,55.4,1.23,1005.9,2.9
18.16,79.2,5.11,999.9,1.32
32.02,71.8,4.88,1018.5,1.63
15.47,46.1,3.02,1008.7,0.0
21.71,32.9,3.1,1014.9,0.0
18.91,100.0,5.15,1009.5,0.0
33.86,46.0,4.91,1011.7,4.32
27.51,77.5,1.98,997.1,132.64
27.9,95.2,3.16,1018.2,0.0
19.7,70.7,2.92,1015.0,4.63
25.75,57.2,3.69,1007.8,1.93
22.27,42.3,1.22,1010.3,3.54
30.88,42.1,3.98,1016.0,0.9
20.57,74.8,3.13,1005.0,0.0
37.97,94.1,1.91,995.3,6.11
15.43,60.9,2.56,1005.2,0.0
21.95,58.0,3.01,1009.2,0.33
40.58,80.6,2.78,1007.7,0.0
24.74,55.7,2.38,1018.5,0.0
18.14,72.9,2.6,1000.3,2.34
29.64,68.8,7.47,1001.3,7.78
24.43,60.6,3.21,999.5,0.0
21.73,67.7,1.64,1011.4,0.0
19.78,99.7,8.26,995.8,0.0
45.0,78.9,5.07,1014.0,0.0
26.11,87.7,5.02,1000.5,0.69
13.56,51.5,2.22,1001.8,0.0
39.2,87.7,4.66,1022.2,0.89
32.58,79.5,2.59,1017.9,1.54
22.25,41.0,2.08,1009.0,0.0
21.0,77.7,11.64,997.5,0.0
33.05,58.8,1.38,1024.1,0.0
26.15,40.2,2.4,1006.4,0.0
13.56,70.3,2.14,1010.0,0.0
41.4,77.7,5.68,1015.3,0.0
24.75,70.7,8.6,992.3,0.0
39.22,66.0,3.63,1002.9,5.8
37.59,62.0,3.97,1007.5,7.89
20.49,100.0,0.86,1009.0,0.0
35.75,46.7,3.47,997.6,0.0
23.11,83.7,1.48,1010.6,7.29
14.0,68.3,3.33,1008.3,5.04
24.82,52.6,3.08,1021.3,0.0
30.98,67.1,7.14,1016.0,0.0
24.53,42.9,4.74,1005.8,0.0
25.7,57.3,3.46,1006.4,4.43
36.58,67.2,3.16,1016.1,0.0
28.8,40.1,2.03,1010.3,0.1
21.68,77.1,2.37,997.0,0.0
33.27,50.7,12.15,1024.8,4.79
29.48,41.9,13.88,1000.1,6.94
10.0,48.6,1.09,1027.8,0.32
31.21,100.0,4.67,1011.4,0.0
30.94,32.4,3.39,1002.9,0.0
28.15,75.9,1.07,989.1,0.0
34.69,54.5,9.21,1014.2,0.0
22.96,61.7,6.33,995.6,1.95
30.52,78.9,6.63,1010.9,89.05
16.25,78.0,2.41,1023.5,0.42
31.05,55.7,3.42,998.9,22.62
42.65,43.6,0.5,1013.9,0.0
20.54,79.2,4.43,1001.5,0.2
22.3,77.9,8.83,1017.1,0.0
22.67,62.9,1.35,1008.5,4.04
28.97,76.0,1.33,1007.8,0.0
20.03,60.0,10.44,1017.7,0.0
31.16,53.1,2.25,1013.0,0.0
34.35,68.1,0.73,1001.6,0.6
32.01,77.3,0.65,1022.3,2.03
14.74,73.6,2.59,995.7,0.0
35.46,77.2,0.79,1010.2,2.02
35.03,54.3,5.76,1001.4,0.0
34.23,96.5,2.39,996.1,0.0
30.8,61.8,7.91,998.9,14.74
29.65,65.9,6.36,1007.6,1.52
35.74,44.3,3.56,1010.8,0.0
42.43,64.5,5.24,1016.5,0.93
20.85,77.6,1.62,1019.8,16.67
36.09,81.7,3.56,1010.2,0.0
27.35,96.1,0.85,1004.5,0.0
27.03,77.4,4.78,1016.3,0.0
16.48,73.0,6.11,1003.1,0.6
25.86,60.0,3.2,995.2,0.59
20.52,56.1,9.85,1015.5,9.81
24.52,85.5,2.69,1018.6,2.81
19.76,85.1,4.2,1001.4,0.0
24.63,48.6,2.28,1023.7,1.8
24.95,81.0,0.73,1012.7,0.0
28.73,79.7,5.27,1011.5,0.86
15.89,48.0,9.47,1003.9,0.0
17.16,77.7,6.99,1016.1,5.34
30.71,49.1,4.61,995.8,1.76
22.02,30.0,1.62,1005.3,0.0
36.06,65.1,7.72,1002.1,2.08
29.69,72.6,3.99,997.5,9.06
32.55,65.9,0.9,1014.9,0.0
38.58,100.0,2.01,1010.7,6.02
25.68,74.8,3.82,1014.4,0.0
23.69,70.6,1.88,1005.8,3.75
34.54,75.7,5.02,1015.9,7.16
31.82,60.1,1.16,1008.6,0.0
26.6,84.7,11.91,1004.2,0.0
38.44,74.5,3.56,1002.9,0.0
26.41,73.7,1.5,992.1,6.29
28.25,56.8,1.4,1017.3,4.79
28.16,39.8,1.09,1016.4,0.0
20.99,59.0,7.24,1030.0,0.0
28.58,73.1,1.36,1005.3,0.0
38.48,60.0,1.54,1002.7,0.0
31.34,73.3,12.51,994.4,4.72
28.23,63.8,3.7,1015.7,0.4
26.79,75.8,2.67,1013.8,0.0
30.48,50.4,1.7,1020.4,8.08
33.62,71.5,1.99,1000.7,0.0
32.57,56.5,3.48,1013.7,0.0
25.51,40.3,7.05,1003.8,0.0
30.44,65.0,9.95,1018.7,0.69
31.6,95.7,0.82,1012.3,0.24
20.45,41.7,3.46,995.6,0.0
29.26,70.1,7.75,1007.0,0.67
11.79,82.4,6.77,992.4,0.05
31.62,100.0,0.91,998.7,0.0
32.95,59.1,1.87,999.2,0.0
33.61,56.6,5.54,1002.9,0.0
25.04,47.0,1.26,1005.9,0.0
30.32,88.5,2.0,1009.3,0.0
38.68,52.4,10.13,1008.9,3.81
38.6,61.3,2.66,1007.8,0.0
27.78,34.7,4.29,1010.7,4.78
29.04,83.9,3.07,998.0,0.0
36.33,88.8,1.57,1008.6,6.79
16.74,83.2,3.72,1019.5,0.0
25.58,39.1,1.27,1006.7,9.67
38.02,78.9,4.36,1012.0,0.0
35.31,37.9,7.53,1011.2,0.0
30.77,69.0,2.92,1014.9,7.86
16.71,71.7,2.88,1010.3,0.0
27.63,73.6,4.48,1014.8,0.0
23.58,77.6,0.9,1012.1,4.16
30.48,67.9,5.49,1013.3,0.64
21.93,32.7,5.41,1011.5,2.67
20.31,77.6,7.02,999.9,0.0
12.51,69.8,2.64,998.6,0.0
37.16,51.8,4.68,1005.2,3.46
25.0,39.8,9.75,1020.4,0.0
29.18,95.7,7.22,1006.6,0.0
27.98,90.2,6.11,1010.5,0.0
19.99,80.7,9.78,992.3,3.59
18.56,55.8,2.28,1009.5,0.31
20.46,30.0,1.7,1008.7,0.93
22.58,81.8,1.09,986.6,0.0
30.75,74.6,4.51,1010.3,0.0
22.03,61.3,6.95,994.8,0.0
41.1,88.2,0.5,1002.2,5.15
35.7,83.3,3.72,1016.0,0.0
34.06,71.2,9.58,1009.3,0.41
27.1,68.6,5.65,1004.4,0.0
39.36,68.9,4.87,1003.7,0.51
26.36,80.2,4.19,1004.7,4.1
27.77,52.6,7.39,1009.3,0.39
29.27,75.7,4.32,998.4,126.48
33.26,51.4,3.21,1017.0,0.0
32.78,92.1,3.93,998.8,0.12
24.44,77.6,1.24,994.2,6.17
24.0,55.6,3.08,1015.9,0.0
32.8,69.5,8.6,1004.5,0.0
33.36,52.6,2.48,1008.6,0.0
25.05,95.1,3.93,1013.2,0.21
16.1,97.2,4.66,1002.2,0.06
26.45,80.5,2.84,1009.1,0.53
32.68,96.0,5.37,1013.2,80.57
41.54,70.7,3.06,1021.1,0.0
19.02,81.7,9.01,1003.9,0.0
24.8,90.0,5.28,1004.3,0.0
25.08,67.9,0.89,1012.5,6.86
38.17,69.3,7.89,1009.7,0.0
27.74,84.8,3.51,1006.9,7.83
21.2,79.6,2.25,1020.7,4.39
32.19,54.4,9.44,994.5,10.48
24.97,30.0,0.51,996.6,0.0
18.82,64.8,7.79,994.6,6.65
21.3,30.3,7.16,1017.6,0.0
41.01,50.2,5.07,1012.1,3.92
30.88,52.3,4.54,997.0,1.29
28.81,57.8,2.62,1007.0,0.0
26.13,82.8,7.84,1007.8,2.11
30.19,86.7,5.42,990.3,114.82
30.1,77.2,8.5,1009.5,0.33
30.19,79.4,4.26,998.6,0.0
28.86,79.8,9.57,1013.7,0.0
34.52,30.0,1.21,998.8,1.15
28.17,68.2,2.91,1009.8,1.45
20.67,35.7,3.11,1018.4,0.0
23.41,77.2,6.9,1015.8,0.0
13.16,30.3,2.45,1012.1,0.0
43.2,64.8,0.5,1007.3,0.0
34.47,77.9,7.84,996.0,0.0
21.77,47.9,6.9,1004.5,0.0
25.89,85.3,3.37,1006.2,5.66
23.22,77.1,2.98,1005.6,2.39
39.57,74.9,2.44,995.7,0.0
17.35,80.6,3.37,1011.5,3.21
28.86,61.5,4.13,998.6,1.28
27.19,70.7,7.34,1020.4,0.0
34.2,68.2,5.92,1009.2,0.0
27.22,67.8,0.52,1015.8,0.0
14.81,55.9,0.89,1015.7,1.04
26.12,45.6,4.21,1024.6,7.33
20.71,61.9,5.13,1009.5,0.0
28.6,60.9,0.93,1004.9,0.0
38.76,54.7,7.84,1005.0,0.0
14.95,83.3,2.88,1020.0,140.27
22.0,46.9,1.25,997.4,1.57
23.85,64.9,1.77,1001.0,3.66
25.14,89.0,6.36,1009.9,0.0
33.55,84.4,9.53,1006.8,0.66
26.7,89.9,1.79,1015.7,0.0
31.12,57.4,1.15,997.3,0.84
23.31,82.1,5.63,1007.5,0.0
29.72,48.9,3.36,1006.5,0.0
33.83,63.0,6.83,999.4,0.0
22.51,64.7,4.26,1015.0,1.56
33.86,57.6,2.02,1007.3,0.0
28.39,61.5,2.48,1006.9,0.6
35.84,59.1,2.62,1001.4,0.0
26.49,50.3,4.92,1005.0,0.0
30.86,83.4,5.31,999.8,0.19
27.7,64.7,8.34,1014.9,0.0
27.28,71.6,11.94,1016.3,5.9
29.94,70.9,2.99,1021.4,1.52
32.03,69.0,3.89,1011.5,0.0
18.63,69.7,4.21,1005.3,0.0
38.75,62.5,8.16,1004.2,0.0
14.05,93.5,5.75,1011.9,0.0
22.86,81.7,4.64,1009.6,2.92
27.29,68.3,1.41,1006.6,0.0
31.09,60.0,5.05,1005.9,0.0
39.82,65.9,2.53,1017.4,0.0
14.06,75.5,4.34,1004.5,65.05
24.19,95.0,5.81,1018.8,7.5
12.05,43.3,6.08,1009.5,0.0
28.24,79.9,1.84,1005.1,0.0
30.04,88.3,3.65,1001.7,0.0
39.93,41.2,2.63,1006.8,0.96
28.9,64.7,1.76,1012.0,5.38
35.83,48.8,3.99,1005.0,0.0
32.38,75.7,4.62,1014.8,0.0
24.74,61.5,2.71,1004.6,6.01
17.43,65.7,2.4,1007.0,2.66
30.06,60.6,5.48,997.7,0.0
16.81,81.0,9.96,1012.5,0.59
37.71,72.1,4.42,1005.9,0.66
26.78,72.2,11.15,1020.6,0.0
36.96,70.9,5.52,1013.6,7.31
24.4,78.3,2.72,1008.7,1.6
30.02,63.3,1.77,1017.8,3.69
29.57,98.6,3.07,1011.2,0.0
27.66,45.8,5.59,1016.1,0.0
24.76,36.9,1.04,1001.1,1.85
30.94,35.4,2.03,1011.7,0.0
21.05,30.6,2.96,1012.0,0.0
18.93,80.1,2.7,995.6,0.0
37.32,77.9,2.03,1020.1,0.0
33.45,89.7,4.41,998.7,5.65
28.49,49.0,1.37,997.6,0.0
40.49,81.4,8.24,985.2,114.29
25.99,69.0,4.11,1011.8,0.0
37.92,71.0,10.9,994.9,0.0
29.32,79.3,4.87,1003.9,7.12
20.31,54.4,6.11,1014.7,5.02
41.86,100.0,4.09,1009.5,4.6
35.43,92.0,5.87,1003.0,0.0
27.09,58.4,6.02,995.3,0.0
33.45,48.4,6.36,1007.1,0.0
24.97,66.4,2.15,1014.8,0.0
34.22,71.3,2.08,1013.6,3.54
10.07,87.2,5.92,1022.3,0.0
20.35,47.0,1.53,1002.8,2.59
35.34,73.1,2.84,997.5,0.0
26.13,40.5,0.5,1010.5,0.0
29.56,75.9,2.11,1009.7,3.61
17.9,66.1,0.67,1008.0,0.08
41.86,100.0,1.78,1002.0,0.0
36.93,40.2,3.25,986.8,4.13
26.49,92.7,1.53,999.9,0.3
24.96,37.3,1.85,1012.5,0.0
35.72,44.1,10.02,1010.3,8.34
42.87,37.8,7.72,1015.7,0.0
35.15,72.5,7.47,1010.8,98.23
44.29,46.9,4.86,1013.9,0.0
21.08,43.7,3.04,1014.1,0.0
21.85,71.6,5.54,1008.2,3.35
19.08,76.1,2.51,1008.2,0.04
31.31,68.7,6.11,984.7,7.9
29.32,65.1,1.66,1002.7,1.61
26.86,100.0,1.98,1003.1,0.0
34.07,70.6,2.25,1007.1,0.0
37.24,82.5,1.43,1000.6,17.22
16.56,70.6,6.61,1015.5,55.86
23.52,48.2,4.51,1000.9,0.0
34.15,77.9,1.89,1016.8,0.0
24.49,56.2,10.79,1000.3,2.13
22.01,66.4,1.0,1003.2,0.0
35.64,73.5,3.98,1002.6,141.9
18.33,33.1,3.59,1004.0,0.0
25.74,39.0,4.45,1017.4,0.96
30.46,84.4,1.34,1005.4,9.48
23.7,56.1,4.21,1005.6,0.08
33.87,56.9,5.0,1002.1,0.0
23.73,71.0,1.67,1005.9,0.0
38.56,61.1,1.97,1009.7,0.34
27.06,75.5,1.59,1006.3,0.2
33.03,67.1,2.47,1006.8,0.0
33.6,71.6,2.55,1016.1,0.0
23.29,55.4,2.64,1010.2,0.0
12.6,71.5,7.84,998.8,1.52
30.71,87.9,0.94,1007.3,0.0
28.54,57.8,0.5,1003.7,3.6
32.17,84.5,2.06,1012.2,0.0
26.3,67.1,0.5,1008.8,0.0
24.77,81.2,2.63,1017.0,2.77
43.06,70.3,6.21,1002.1,0.0
16.96,67.4,1.06,1006.5,0.0
33.5,74.3,1.15,999.5,0.0
23.69,89.8,3.12,1007.7,4.53
25.48,72.2,7.57,995.7,2.55
25.62,76.6,3.61,1010.6,0.22
21.97,61.4,7.53,1007.6,0.0
32.28,96.3,1.86,1009.2,0.0
38.43,79.5,6.93,1014.3,0.0
31.53,69.4,2.22,1009.8,1.08
28.78,65.8,2.4,997.8,3.85
20.6,85.6,2.09,1003.6,92.97
31.88,57.1,4.28,1007.4,0.32
44.17,35.9,1.23,1005.4,0.0
25.14,69.3,2.97,1006.4,3.63
25.18,89.4,10.79,1021.0,2.06
23.79,96.6,2.5,1008.8,2.46
24.33,66.1,2.9,1011.1,0.0
10.0,68.8,6.82,991.9,0.0
31.04,77.4,2.88,1014.0,0.0
21.66,63.2,5.23,1030.0,7.24
15.92,77.3,0.54,1018.8,0.0
33.65,66.5,3.63,1004.5,0.06
19.88,86.2,4.59,1026.2,8.95
25.46,81.0,4.02,1008.2,0.53
39.0,82.6,2.28,1010.5,0.0
17.43,64.3,2.05,1005.9,3.9
16.51,100.0,3.47,1005.7,0.0
30.02,76.7,5.67,990.0,4.86
36.62,72.5,2.03,1014.3,103.28
16.19,54.3,2.37,1005.6,3.91
31.06,66.3,3.37,1006.5,0.58
32.36,70.1,4.5,1010.2,1.11
12.56,53.8,1.11,1004.7,1.26
33.99,62.7,0.8,1010.1,0.57
34.57,65.0,3.99,1017.6,2.92
25.66,69.0,2.69,1011.2,0.28
37.39,36.3,3.29,1006.8,1.04
36.52,65.6,0.5,1007.0,5.01
28.77,61.2,3.22,1009.6,0.0
24.61,67.6,5.33,1001.3,0.0
20.7,86.6,1.77,1009.7,0.0
27.72,100.0,3.39,1013.5,0.0
32.27,80.2,4.83,1008.7,2.12
25.57,45.8,9.95,1004.6,0.87
11.52,61.8,2.09,1005.7,0.8
37.52,78.7,2.63,1013.2,0.0
29.43,76.7,3.07,999.2,0.0
25.15,85.8,2.87,1001.5,4.76
34.43,66.2,2.66,995.1,0.0
39.43,61.5,0.88,1008.3,2.06
10.0,99.5,3.19,1014.9,0.0
31.26,69.1,3.18,1018.7,0.0
17.3,49.7,0.61,1020.4,0.05
31.74,94.6,0.83,1002.5,0.74
28.96,41.1,0.5,1010.0,0.0
32.77,30.0,5.4,1004.8,0.0
24.26,81.8,6.54,1021.2,0.0
13.95,84.4,4.34,1018.4,0.83
24.62,75.5,7.01,1009.3,7.62
31.05,44.6,2.08,1003.0,0.0
35.62,66.9,0.57,980.4,0.0
19.21,63.0,5.87,996.5,0.0
35.7,58.3,1.87,993.2,13.91
23.14,93.4,1.34,996.4,8.01
30.72,49.2,6.96,1023.0,0.0
24.18,73.7,2.35,997.6,0.0
29.37,89.5,6.47,999.5,3.46
34.69,74.9,7.28,1000.6,1.0
18.8,90.3,1.8,1028.8,1.74
22.9,78.1,4.73,1007.5,0.0
29.39,75.7,4.97,1016.0,1.24
45.0,74.6,6.09,1009.4,1.46
21.53,79.0,2.39,992.1,2.61
43.3,61.1,0.91,1020.3,0.0
43.03,44.6,3.28,1011.2,2.8
27.27,85.2,2.15,1007.0,0.0
25.76,88.9,4.94,1022.1,3.73
22.81,72.5,4.15,1005.2,0.0
27.49,58.1,7.81,1006.8,0.0
17.45,40.0,3.69,1005.2,0.0
27.43,69.5,1.84,1016.6,2.09
39.23,43.7,5.02,1014.5,0.0
23.42,41.2,1.79,1010.2,0.0
26.19,67.6,4.43,999.6,4.35
15.24,54.3,0.72,1005.0,0.41
30.81,74.2,2.15,999.6,0.0
29.98,65.1,5.65,1017.3,0.0
28.48,57.1,4.24,995.4,0.63
26.37,37.3,1.79,1020.8,4.2
25.8,52.6,3.29,1018.3,3.94
31.76,53.3,2.19,1000.7,2.4
27.78,45.9,5.23,1004.7,3.75
30.36,62.1,3.68,1002.3,5.99
29.61,47.3,1.05,1011.4,0.0
36.43,65.1,5.71,1019.3,0.0
33.08,72.3,8.45,1017.5,7.73
29.45,53.1,2.49,1004.5,0.0
39.39,75.7,1.79,1018.0,1.52
31.15,43.5,0.88,1017.4,0.0
37.79,48.0,2.2,1006.5,0.0
32.55,66.0,0.5,1007.9,0.77
14.19,80.4,5.52,1020.3,6.26
37.79,83.6,4.67,1016.5,0.0
29.01,97.0,1.23,1017.8,1.36
27.61,61.2,1.31,1028.7,0.0
30.11,65.7,4.42,1012.4,0.0
25.41,49.4,0.85,1010.6,2.0
29.7,45.4,8.42,1018.9,0.0
23.56,72.1,0.5,1023.9,5.81
37.56,54.0,4.31,1003.1,2.93
27.15,90.2,2.08,1006.4,0.0
25.13,41.7,2.67,999.9,0.0
21.06,76.8,3.74,1010.7,8.72
30.02,49.9,0.59,1015.1,0.0
29.4,53.2,3.94,1000.4,5.65
30.91,77.7,1.05,1017.1,0.71
20.3,55.8,1.94,1004.4,8.68
15.99,58.7,5.95,1003.7,0.0
32.69,53.4,5.67,1017.0,0.0
39.13,100.0,0.65,1003.0,0.0
20.3,56.9,1.83,996.8,0.0
39.92,68.9,0.94,1013.9,0.0
30.13,64.4,4.04,1006.9,0.0
27.95,72.0,12.79,1017.6,5.07
25.02,56.9,7.41,1014.7,6.41
17.62,64.4,3.49,994.0,0.0
35.41,75.1,3.01,1018.5,0.0
22.18,52.5,1.95,1023.2,0.48
22.15,87.6,1.08,1016.3,3.18
35.44,89.3,2.69,1016.6,0.0
13.88,78.9,2.79,1006.0,1.26
16.57,69.3,6.47,1004.2,0.08
27.86,30.0,1.21,1009.7,0.0
30.2,75.6,3.07,1015.4,0.08
31.64,61.0,4.28,1015.2,0.0
25.74,63.6,3.33,1004.5,7.51
45.0,33.8,1.65,1003.7,0.81
26.29,76.9,6.34,996.1,0.0
26.27,41.9,7.69,1013.2,0.0
22.02,70.1,3.47,1004.9,0.86
28.93,84.3,4.57,1005.6,3.91
32.61,59.6,1.21,1021.8,0.0
37.03,89.9,2.09,1012.8,4.01
16.83,54.6,3.76,1010.6,0.0
26.16,78.8,5.81,1014.6,0.0
31.35,44.5,5.15,1019.4,0.0
32.4,86.6,1.92,995.1,0.66
28.05,83.8,2.48,1003.5,2.03
32.07,76.4,3.61,1006.1,1.03
21.93,60.9,10.98,1000.2,0.46
39.68,42.8,4.4,1005.9,0.0
35.44,61.0,2.47,995.6,1.26
17.91,88.0,2.5,1015.4,0.0
19.94,70.3,3.58,1003.9,0.0
20.15,40.0,3.84,1009.6,0.0
33.08,47.8,2.21,1008.4,0.0
18.36,90.6,4.21,1012.5,0.0
25.52,76.8,3.85,988.3,0.0
31.41,45.8,0.5,1011.6,0.0
27.5,36.2,2.71,1005.8,6.12
29.94,56.7,9.55,1011.3,0.0
20.01,34.7,1.02,998.6,0.24
32.46,65.2,0.52,1011.3,0.0
23.4,100.0,1.15,1018.4,5.16
25.57,39.3,4.45,1009.5,5.16
29.78,64.7,1.34,1002.3,0.0
28.77,91.6,2.53,1002.6,0.0
28.18,81.5,0.5,1012.6,0.87
22.37,65.3,1.25,1012.6,0.76
25.75,65.4,1.89,1010.9,2.62
28.02,47.2,2.22,1007.7,2.84
17.69,63.2,3.2,1009.6,1.9
24.53,72.4,1.74,1007.5,0.0
30.91,87.9,4.09,1005.0,7.84
18.42,56.8,7.94,1014.1,2.19
36.67,64.6,1.22,1010.5,19.46
37.52,50.9,2.7,1018.3,0.0
18.66,72.1,9.66,1016.9,0.0
38.18,82.1,1.03,1010.2,4.27
26.92,79.3,5.37,1012.8,0.0
31.14,46.9,3.79,1000.3,0.0
24.28,70.6,1.08,1007.4,51.46
34.92,55.8,3.8,1010.7,0.0
31.05,86.2,3.6,995.3,0.0
21.89,65.1,8.85,1011.4,1.97
19.26,40.6,4.44,1000.3,0.0
17.05,64.0,3.01,1001.2,0.0
29.41,76.3,6.16,1003.8,0.0
32.29,72.4,8.11,1007.8,5.23
32.88,58.8,2.18,997.4,0.0
27.12,57.5,2.68,1014.9,0.56
19.32,50.2,12.38,1009.4,0.0
22.88,60.9,2.53,1023.4,0.0
36.64,52.6,6.96,1010.4,4.51
24.37,85.5,0.5,1012.6,4.11
29.08,51.8,4.23,1001.2,0.59
19.93,70.2,5.48,998.5,0.0
30.52,69.0,2.98,1013.0,0.0
24.57,85.0,1.76,999.3,13.85
35.85,87.6,5.34,1013.1,0.0
33.8,80.5,1.43,1021.7,3.15
24.28,74.4,2.26,1015.6,5.23
27.05,49.1,6.73,1012.6,0.03
23.87,48.8,1.66,1010.2,0.0
17.35,52.8,9.31,1004.9,0.0
21.57,81.5,1.3,1007.1,0.0
29.49,69.3,3.76,1003.5,0.0
30.44,83.6,7.3,997.5,0.74
29.11,86.1,0.5,1008.3,3.29
25.74,54.9,1.82,1016.9,0.0
35.0,68.6,3.57,997.7,2.93
28.48,67.8,1.16,1019.2,0.0
33.27,62.1,3.92,1017.7,0.0
14.7,58.4,1.87,1011.2,0.0
10.0,89.3,2.16,1011.2,4.61
30.13,68.9,3.33,1006.5,0.29
17.31,68.2,3.33,1008.3,4.44
26.41,53.6,1.39,1004.3,0.0
25.73,80.2,1.53,1008.3,0.89
39.91,49.9,4.75,1009.1,0.0
31.0,76.2,1.81,1023.0,0.0
29.24,76.7,4.41,1012.5,0.0
34.28,60.6,4.68,1006.3,0.0
30.76,73.7,1.7,1007.2,0.0
24.57,71.3,0.56,1002.3,5.73
36.04,67.3,5.12,1003.6,3.35
19.68,68.2,3.71,1015.3,0.0
30.42,69.1,2.28,1004.0,0.0
16.39,70.3,13.59,1003.1,0.0
29.53,69.1,8.52,1003.3,0.56
29.45,48.1,3.73,1002.2,2.51
40.57,65.3,5.16,1017.0,3.63
16.26,72.8,1.83,1009.1,0.69
23.49,69.8,2.08,1005.7,3.98
34.17,85.2,2.0,1008.2,2.59
30.51,79.2,0.69,1009.7,0.0
29.35,52.3,0.92,1002.0,2.62
20.83,65.0,1.17,996.9,1.95
23.57,62.4,1.99,1018.7,0.0
37.34,67.9,1.13,1015.9,0.0
27.61,67.9,2.4,1011.0,0.0
30.82,79.0,3.35,1015.4,0.0
27.14,71.2,8.51,1023.3,0.0
19.13,90.1,1.49,1003.7,15.38
35.0,72.3,4.0,999.0,0.0
31.77,53.0,4.64,1013.3,0.0
45.0,59.6,1.71,996.3,7.17
20.38,78.9,3.85,1008.3,5.24
34.17,38.9,4.3,1005.6,15.39
18.16,43.8,7.65,1013.4,7.68
29.18,68.2,4.02,1004.1,0.0
35.32,85.1,5.37,1017.6,3.59
12.46,91.5,2.88,1002.0,0.0
26.46,64.1,5.2,1013.6,9.92
23.78,87.1,3.63,1002.7,0.0
22.74,69.3,6.64,1012.4,2.04
30.89,40.4,2.84,999.9,0.0
36.41,67.9,4.15,1007.8,0.02
27.0,56.9,5.15,1018.6,0.0
29.54,84.5,1.04,1008.9,0.0
28.86,67.5,0.91,1017.5,0.0
28.01,45.0,1.49,1007.8,0.0
19.83,41.0,1.47,1004.0,0.0
36.31,67.6,1.19,1009.4,4.93
30.21,30.0,2.85,1012.9,0.0
30.96,58.7,7.19,992.8,1.19
21.95,72.2,6.7,1012.2,1.47
24.56,49.0,5.7,1000.5,0.0
26.68,85.9,5.16,998.5,0.0
16.49,89.4,0.89,1012.3,0.0
15.34,49.7,6.0,1018.7,2.54
23.49,62.6,2.48,1009.7,0.0
31.92,85.9,3.82,997.2,0.0
23.1,68.0,5.1,1002.6,0.33
20.36,42.9,4.32,1004.7,7.61
21.89,65.4,3.86,1009.6,0.0
24.58,52.6,4.26,1007.4,9.94
25.35,87.9,0.62,1012.0,0.0
44.24,78.9,3.91,1016.0,0.0
35.91,62.4,1.57,1010.8,0.0
35.69,70.6,3.88,1015.2,0.0
36.76,44.5,3.42,1005.8,2.9
20.51,54.4,2.65,1030.0,0.0
18.83,96.0,4.54,1012.4,0.0
19.7,69.0,8.88,1013.5,0.0
38.01,84.7,2.07,1022.1,0.0
23.9,72.2,2.04,1008.7,0.0
18.61,91.7,3.09,1002.8,0.0
24.77,32.0,0.54,1018.5,1.11
26.21,64.6,2.59,1018.9,0.0
30.01,97.6,3.52,1009.2,3.33
29.88,85.2,4.52,1022.1,0.0
21.79,91.9,2.3,1007.3,0.0
33.14,67.9,4.59,1015.5,0.0
23.21,58.3,1.88,1020.1,0.0
26.83,49.5,2.73,1008.8,0.28
33.15,48.3,5.18,1011.7,1.84
23.19,82.5,8.63,1016.2,0.46
23.73,77.2,7.48,1005.1,4.64
32.44,66.8,4.95,1001.5,0.0
21.57,77.1,4.13,1018.7,0.0
25.11,70.6,1.04,1010.5,0.0
32.17,85.3,0.95,1004.0,2.24
43.41,85.1,6.16,1008.8,0.0
32.54,48.8,5.73,1012.1,2.12
31.54,72.9,0.5,995.4,0.0
31.98,38.0,1.16,1013.7,4.53
19.95,70.4,1.79,1011.3,142.64
28.87,78.9,2.97,1021.2,0.0
27.78,44.4,2.27,1006.2,0.0
30.41,60.5,2.84,1019.0,0.0
28.87,68.2,3.99,1007.6,2.34
30.85,72.2,2.0,1009.1,80.72
25.66,63.0,1.57,1010.2,0.0
28.44,46.9,2.48,1024.7,2.32
18.79,67.0,5.16,998.1,0.0
25.6,38.3,10.38,1012.0,0.0
38.43,63.8,1.22,1008.3,1.97
30.39,60.1,6.73,1007.8,0.17
27.84,65.6,2.31,1012.7,0.0
42.22,57.9,10.6,1016.8,0.0
17.79,40.9,1.88,1012.3,0.0
19.68,61.4,3.26,1017.9,0.0
40.85,84.8,7.52,1006.0,11.44
28.34,90.7,3.74,1007.6,0.0
26.18,100.0,2.85,1000.0,0.0
19.01,98.4,3.71,1023.9,0.0
31.36,46.5,2.44,1006.5,0.0
32.08,60.6,4.23,1005.6,0.28
19.79,67.6,5.14,1012.9,13.65
26.95,66.5,1.52,1016.9,1.27
25.48,69.3,2.66,1002.5,0.0
29.92,100.0,1.52,1017.5,0.0
19.61,48.5,1.13,1005.6,0.0
37.39,55.2,2.78,1019.4,0.0
34.87,97.6,3.32,1003.7,4.91
25.28,56.9,5.68,1013.9,0.0
26.38,75.1,3.36,1008.3,0.0
26.98,86.6,1.16,999.0,0.0
22.16,76.8,11.21,996.7,4.52
24.67,71.5,2.09,1002.1,0.0
25.97,84.9,3.07,1015.9,0.0
40.1,51.9,2.34,992.5,4.96
35.1,59.1,0.94,1010.7,0.18
35.01,77.6,0.5,1010.0,0.3
30.77,30.8,3.84,994.5,0.44
19.62,93.5,0.94,1001.6,114.68
27.69,73.5,2.91,1001.6,132.74
35.28,70.8,0.65,1008.4,1.34
18.56,38.7,8.95,1019.7,0.0
32.77,44.8,3.79,1016.6,0.0
45.0,60.8,2.18,1005.1,0.0
35.96,82.5,4.84,1001.4,7.48
38.61,30.6,4.15,995.5,0.0
29.64,82.2,0.96,1005.0,0.0
35.26,61.5,4.64,1000.8,0.0
22.62,64.0,8.26,1007.7,0.0
33.97,72.6,2.04,1008.0,6.43
32.91,72.8,6.37,1004.2,0.0
30.17,55.2,1.88,1004.4,0.3
37.87,79.2,4.2,1002.4,1.93
23.96,30.0,5.69,1003.9,0.0
26.6,59.9,0.5,1019.5,0.0
28.72,70.8,2.81,1012.1,0.0
20.28,61.8,3.89,1012.3,3.0
29.7,35.1,1.87,1016.1,4.7
15.11,81.6,3.12,1015.4,0.0
35.85,45.5,1.11,1019.4,2.77
28.35,66.8,3.49,1012.7,0.0
24.09,70.8,2.78,1009.6,0.0
21.74,68.4,1.83,1003.3,8.37
26.24,89.0,1.73,1001.4,4.35
33.16,67.0,1.61,1015.1,0.0
32.11,75.7,3.17,1007.1,10.63
22.71,67.0,2.51,997.1,4.71
21.65,79.0,7.15,991.3,0.38
32.93,93.1,5.19,1025.2,0.0
22.58,70.5,6.43,1000.1,3.37
28.45,82.1,5.15,1002.5,3.14
28.93,94.2,1.91,1017.8,2.68
30.34,92.4,1.78,998.3,0.0
34.44,61.1,1.39,1012.3,0.0
18.53,86.7,5.67,1022.6,9.43
13.67,72.5,1.32,1024.9,0.0
23.74,88.1,1.87,1004.4,0.0
41.51,78.2,4.55,1007.9,0.0
43.17,73.0,3.9,1004.8,1.24
41.73,75.8,0.85,1007.9,0.0
26.55,72.6,2.53,1018.4,0.49
14.63,73.3,1.91,996.8,0.0
10.43,65.1,2.1,1013.2,3.74
23.39,63.5,2.12,1006.4,0.0
26.51,99.7,4.22,1018.9,4.37
37.75,76.6,2.14,1018.5,6.7
34.51,57.7,3.57,1004.7,0.0
29.71,63.0,4.15,1007.1,0.0
21.33,87.0,1.3,1015.1,0.0
20.79,54.7,6.28,1015.9,0.0
29.91,41.3,4.16,988.2,0.0
33.23,42.6,4.09,1015.1,0.0
30.94,36.9,8.89,1021.2,0.78
20.24,44.6,8.12,1010.0,2.29
32.88,46.7,3.26,1015.6,0.0
31.19,92.9,5.05,1018.2,0.0
19.97,67.2,6.31,1009.8,0.0
22.12,61.5,2.18,1014.5,0.0
33.16,42.0,5.34,1008.1,0.0
26.24,65.4,6.33,1007.6,0.0
39.92,36.7,0.94,1002.7,0.0
31.76,61.4,2.73,1009.4,14.39
24.35,100.0,3.38,1023.1,2.22
27.92,79.9,3.08,1000.8,0.0
28.48,64.2,6.87,1012.9,0.0
22.54,80.6,3.67,1010.6,0.0
21.16,58.6,1.78,1019.8,0.38
33.26,53.6,2.64,1021.3,6.14
34.34,98.7,3.05,1000.6,0.0
32.53,47.4,6.22,1003.4,0.0
39.36,61.6,0.59,1003.8,0.0
23.94,73.5,2.63,1004.1,0.0
40.56,51.1,3.76,1004.8,0.6
21.24,79.7,4.12,1010.8,0.0
20.4,62.5,2.16,1001.2,3.18
14.8,80.0,4.37,1002.3,136.59
24.66,78.5,0.62,1001.7,11.77
24.22,63.6,2.93,1011.9,0.0
31.94,98.8,4.66,1007.5,126.88
29.83,56.0,6.77,1006.1,4.35
19.05,92.3,5.24,1001.3,101.76
25.05,89.1,1.4,995.2,10.78
25.21,99.9,2.11,1021.1,0.0
14.68,71.1,5.52,1005.7,0.0
20.64,53.8,2.52,1029.7,0.0
22.22,100.0,4.25,1014.2,0.0
38.75,62.0,6.43,1022.6,0.0
29.44,53.4,5.9,1015.9,4.72
32.97,64.6,2.71,1009.3,0.0
16.76,50.3,2.73,1003.2,1.12
36.96,77.5,2.89,1000.2,0.0
37.76,57.1,7.88,1017.0,3.27
13.01,62.8,4.82,1010.1,5.71
22.71,85.4,1.14,1012.9,0.0
31.72,79.2,2.67,1014.5,0.0
32.83,68.3,2.0,1010.8,0.0
22.91,71.1,7.01,1004.2,0.08
25.71,68.2,1.85,1016.1,0.0
23.52,60.2,0.94,1006.4,2.53
28.83,68.0,6.42,1008.7,1.6
36.98,76.8,2.7,1013.7,5.14
22.22,65.7,6.6,1007.5,3.7
35.51,75.6,3.8,993.5,0.0
22.14,52.9,2.24,1016.3,1.44
21.64,57.1,7.3,1018.0,0.32
34.14,54.8,9.61,993.4,0.0
34.91,57.8,10.81,999.7,13.96
34.39,91.2,5.67,1024.2,0.0
18.13,81.1,1.31,1009.9,0.0
24.51,48.6,3.4,1008.0,0.0
34.17,75.9,1.6,1004.6,149.23
28.31,61.0,2.35,999.8,10.72
19.95,55.7,5.52,1006.4,0.0
31.44,41.3,1.62,1015.8,0.0
22.64,85.5,2.0,1007.9,0.0
41.46,43.5,0.5,1012.9,5.17
39.59,67.1,4.16,1022.1,1.05
32.53,51.0,3.17,1003.4,0.65
38.21,82.0,2.03,1010.4,4.4
28.49,62.0,0.5,1016.0,2.57
33.74,65.6,1.96,1000.5,4.03
39.08,66.2,0.83,1009.4,0.0
29.84,73.4,2.39,1023.0,0.0
26.09,68.2,5.14,1005.3,0.0
15.22,67.2,2.91,1016.5,3.75
27.38,58.7,1.74,1006.9,1.69
34.18,39.7,3.43,1022.4,2.94
35.09,47.9,1.74,994.8,0.0
31.78,80.9,3.17,1008.5,5.59
23.94,62.5,3.9,996.2,0.0
13.17,56.0,1.21,1002.4,0.9
24.29,42.7,0.5,1002.3,1.21
25.72,37.0,4.81,1005.9,2.48
25.65,55.3,0.5,998.5,0.0
32.64,84.0,3.78,1007.4,0.0
42.89,58.0,2.97,1011.7,0.0
28.93,75.2,4.12,995.7,1.48
26.37,57.1,3.98,1002.9,1.43
26.06,79.5,6.84,1028.3,0.0
28.93,61.7,2.25,1010.6,0.0
21.79,45.8,1.32,993.5,0.0
28.9,63.2,4.31,996.8,1.58
31.38,100.0,3.17,1009.8,0.0
29.57,100.0,1.15,1008.8,99.9
31.43,76.8,2.43,1003.3,0.0
31.25,65.5,2.04,1025.5,0.0
14.71,73.5,7.53,1028.9,0.0
32.78,73.7,5.54,1005.9,5.12
22.97,67.3,1.83,1015.0,0.0
19.78,75.9,5.0,1015.4,16.38
19.72,71.7,0.82,1016.4,1.59
31.25,62.3,2.88,1002.9,0.27
26.33,46.5,6.95,1023.5,0.0
15.39,59.7,0.94,1007.5,1.24
31.59,82.4,3.7,1011.4,4.28
17.2,67.4,8.11,1008.0,0.28
29.05,73.4,11.47,1006.9,0.0
29.79,62.9,4.65,1010.2,0.0
34.64,48.9,2.34,998.5,0.0
41.36,63.7,3.77,992.2,0.0
17.76,49.6,4.8,1006.3,0.53
27.61,48.4,4.52,1001.0,0.0
25.93,89.7,1.84,1012.4,0.28
31.25,60.4,5.4,1011.5,0.0
29.62,54.7,2.61,1008.1,0.0
25.36,97.1,2.02,1019.9,7.02
24.69,82.7,5.35,1008.0,0.0
19.63,61.3,4.26,996.3,0.0
35.41,75.7,8.85,1006.2,8.08
31.44,63.8,2.22,1017.4,0.0
34.88,55.5,2.21,992.9,0.17
25.67,76.5,3.34,1007.2,8.0
23.07,62.2,7.21,1012.6,0.0
19.91,69.4,9.63,1029.2,0.0
30.69,86.4,12.52,1017.7,0.0
20.2,84.4,1.34,1009.1,0.0
41.86,58.1,8.15,1012.2,0.0
18.19,76.7,13.36,992.8,0.0
30.05,47.7,6.29,999.6,0.0
39.75,76.1,0.62,1013.2,0.0
32.49,70.7,3.2,1009.3,0.0
29.32,74.8,3.94,1010.3,1.45
20.74,62.6,11.36,1008.3,8.0
17.64,100.0,2.69,1008.0,0.0
33.78,51.8,2.49,1008.8,0.0
39.3,85.5,5.01,999.6,144.47
24.71,49.4,2.21,1006.2,0.0
19.46,77.1,12.15,998.0,0.0
10.0,78.4,1.05,1003.0,0.0
20.64,69.0,6.67,1017.6,0.86
27.15,59.1,2.31,1006.6,1.35
39.99,70.5,3.74,1012.8,0.0
33.05,72.8,6.32,1008.9,0.0
30.29,100.0,3.63,1004.9,0.0
25.0,52.3,2.11,999.9,2.4
23.63,58.0,8.8,1004.8,0.0
38.54,73.1,0.57,1009.5,0.0
29.51,63.4,1.22,1012.6,4.33
12.23,66.2,0.78,1009.0,0.0
22.95,87.3,3.51,1013.2,0.0
21.56,30.0,8.73,995.8,0.28
23.9,57.2,1.0,1014.9,2.12
32.22,36.6,7.14,999.0,7.7
27.19,46.5,2.25,1015.9,0.3
27.42,100.0,2.89,1012.0,0.0
37.85,78.8,10.63,993.0,0.0
22.78,85.1,1.32,1013.9,0.0
41.98,66.6,6.02,1016.0,0.35
22.97,81.7,2.11,1018.1,2.73
28.67,36.2,4.44,1001.9,0.0
25.89,86.7,6.86,1009.4,0.23
28.93,53.2,4.35,1013.6,0.93
31.33,58.4,7.25,1013.9,0.5
31.25,77.1,2.9,1011.3,0.0
22.35,73.7,6.02,1004.6,1.17
19.58,69.5,4.78,1015.9,2.56
45.0,43.5,3.12,1016.0,0.0
24.37,69.8,8.07,1006.8,0.0
33.24,85.3,2.72,1001.7,0.0
15.94,58.4,3.57,1002.2,0.0
25.9,91.7,1.24,1018.9,0.0
27.05,52.3,4.85,1015.6,0.0
31.55,68.1,2.46,1007.8,0.0
10.0,95.6,2.07,1006.4,0.0
29.25,55.7,2.4,993.9,0.0
19.38,87.0,1.99,1007.3,0.0
30.43,100.0,5.48,998.5,101.44
20.23,71.1,3.96,1009.3,1.8
21.58,58.5,1.11,1017.5,0.0
25.95,54.1,4.79,1000.2,1.62
20.11,91.5,0.76,1009.9,0.0
24.43,91.0,5.49,1016.0,0.0
19.05,94.1,2.78,1009.8,0.0
14.25,67.4,6.9,1003.8,0.0
35.63,86.7,2.13,1008.1,7.0
18.28,67.1,1.34,1015.7,0.0
26.66,52.1,3.52,1010.1,2.34
33.65,88.2,5.13,1008.0,129.39
23.39,97.4,0.5,1017.2,0.24
21.81,49.6,2.03,1012.1,3.6
29.7,49.3,3.81,998.4,0.98
36.38,68.7,0.95,1013.1,0.0
19.23,85.2,4.84,1015.6,0.0
26.87,47.6,3.4,998.1,0.0
15.01,72.1,3.8,989.9,8.25
25.05,57.4,9.29,999.7,4.81
28.26,80.6,4.38,1007.2,68.71
21.59,53.6,2.02,1016.1,5.42
24.57,81.9,1.78,1000.9,0.0
17.44,65.2,2.59,1012.4,0.0
28.58,51.1,7.57,984.9,0.0
35.92,69.1,2.83,1009.4,0.0
19.77,33.1,2.96,1004.7,5.54
23.33,57.9,4.45,1024.8,0.0
31.77,74.1,9.55,992.9,0.0
37.09,36.1,7.7,1007.9,0.0
16.8,30.0,2.83,992.8,2.1
26.73,30.0,1.33,1003.6,6.47
30.12,91.9,3.14,994.4,4.87
27.23,66.6,4.72,1026.4,2.1
10.0,58.4,5.9,1005.2,9.14
31.76,85.0,3.18,1006.3,0.0
39.4,60.7,9.63,1007.7,1.76
28.87,72.8,3.97,998.9,102.15
20.27,68.5,5.38,1016.4,0.0
24.15,59.5,5.47,1013.1,0.0
41.27,73.3,4.75,1015.3,0.0
34.82,81.9,9.66,998.3,0.0
32.8,64.7,8.28,1017.1,0.0
30.67,59.7,2.69,1016.2,0.0
23.04,61.8,5.78,1006.1,0.0
26.5,30.0,4.61,1015.2,0.48
27.42,73.1,1.46,1010.2,0.0
32.12,46.2,0.93,995.2,0.0
39.32,79.3,1.25,1006.5,0.0
36.39,66.4,12.43,1004.1,8.09
17.35,69.9,1.93,1008.7,0.2
29.68,80.6,3.35,1016.2,2.83
33.53,51.3,3.41,994.9,0.0
32.64,74.6,8.32,1004.5,146.7
23.28,72.8,4.27,1001.4,0.0
45.0,64.7,4.43,1001.8,0.0
18.42,51.3,4.95,1001.4,0.0
19.88,78.7,3.54,1008.5,0.0
29.75,80.7,8.0,1012.2,0.0
43.88,70.0,6.89,1010.8,1.72
21.73,48.7,2.87,1009.5,0.0
26.01,58.5,3.15,1013.0,0.0
36.08,66.9,4.06,1027.0,6.52
27.87,80.4,1.22,1009.1,95.74
25.49,39.5,5.91,1016.2,3.2
32.24,57.9,7.37,1015.7,0.0
30.04,60.8,2.02,1022.2,0.0
35.73,66.5,10.57,1012.5,1.82
37.69,44.6,2.09,1001.2,0.0
30.3,64.1,1.43,1010.4,0.0
30.19,62.4,4.62,1010.0,3.86
29.61,49.3,8.1,1014.5,0.0
31.67,65.9,4.83,1001.0,0.0
28.41,58.3,2.88,1018.1,0.0
28.0,76.9,5.56,1008.0,0.0
36.97,52.1,2.59,1014.7,0.0
39.37,69.6,6.97,1010.5,0.54
16.69,53.4,0.74,1009.0,0.0
28.08,57.2,2.07,1009.9,0.0
22.83,73.4,0.99,1013.4,0.0
25.67,72.2,1.36,1023.7,0.0
31.02,60.5,4.3,991.9,0.0
33.02,63.2,2.29,1012.3,0.0
27.16,41.8,7.58,1008.4,0.0
13.65,93.2,3.14,1006.6,0.12
20.76,80.4,5.79,989.1,0.04
34.72,79.7,1.62,1012.6,0.0
10.0,39.3,4.56,1007.0,0.0
36.91,57.3,6.01,1001.3,0.0
31.91,62.0,2.29,1008.3,2.96
37.87,33.2,3.39,1005.7,0.0
26.51,84.0,2.95,994.1,0.0
12.54,94.2,3.83,1008.7,0.0
31.23,100.0,2.34,1012.6,0.0
37.56,49.2,3.42,1003.6,0.04
34.94,70.1,3.42,1010.1,0.0
23.03,91.8,9.27,1008.9,0.0
28.65,63.4,3.48,1016.4,3.3
24.0,57.8,5.99,1007.2,4.6
21.86,34.4,4.99,1014.4,1.76
35.17,88.4,4.45,1005.5,0.38
19.02,67.7,2.19,1023.7,0.0
21.3,54.9,7.05,1004.5,0.0
19.72,73.1,2.66,1002.5,0.54
16.82,70.8,4.68,1007.2,0.0
29.1,71.0,2.07,1002.2,0.0
36.71,64.1,1.55,998.0,1.5
26.61,97.2,6.25,1013.8,86.96
16.71,65.6,1.66,983.5,0.0
34.3,97.1,1.87,1002.3,0.0
40.64,78.2,1.24,997.3,0.81
23.15,74.3,4.48,1009.1,0.0
24.41,66.0,1.25,990.5,0.0
31.87,85.5,7.67,1012.4,0.61
40.16,70.0,4.59,1013.2,0.0
24.1,51.2,1.52,994.9,3.53
18.01,50.6,4.34,1009.5,0.0
32.74,75.6,1.36,1012.1,0.0
33.99,51.7,5.81,1015.5,0.0
28.05,66.9,3.64,996.2,0.83
23.81,87.0,0.88,995.1,0.0
35.46,73.5,1.04,1020.0,1.85
31.96,55.0,2.37,1001.4,8.39
22.24,93.4,6.29,1003.8,0.0
28.37,77.9,1.69,1013.1,7.5
17.86,86.3,2.61,998.6,0.0
33.14,30.0,12.71,1005.9,0.0
26.03,74.0,2.54,1015.1,0.0
24.73,83.2,0.97,996.6,0.0
27.75,98.6,7.46,1004.0,101.85
28.3,41.7,0.97,999.0,0.0
34.71,89.7,4.97,1001.8,2.55
32.43,97.6,2.31,1017.5,0.0
26.83,31.7,7.16,1019.2,0.0
33.73,76.6,2.69,1010.1,0.2
31.01,79.1,3.01,1012.3,0.0
24.8,62.1,4.5,1012.0,0.0
27.06,59.2,2.33,1002.6,7.83
26.89,80.0,5.86,1009.9,0.0
31.79,56.9,2.49,997.6,0.22
25.25,64.1,7.38,1000.3,0.0
25.07,82.6,4.29,1007.3,116.19
42.77,99.6,10.68,999.5,1.77
35.05,77.7,2.34,997.8,0.0
22.3,70.4,5.4,1002.3,1.97
32.28,58.7,2.74,1017.2,3.22
28.89,49.8,5.01,1020.5,0.0
30.94,88.0,1.51,1007.7,4.94
29.03,65.2,2.61,1012.7,2.64
36.92,88.7,5.54,1003.5,2.62
30.59,62.1,1.61,991.5,0.0
27.53,56.3,5.21,1000.9,0.0
35.82,75.6,2.37,1005.5,0.6
29.75,66.6,3.67,1009.1,0.0
28.91,46.3,15.0,1007.2,1.31
30.36,100.0,3.4,1005.7,0.78
27.3,56.7,2.58,1003.4,0.0
28.07,84.7,2.1,1010.8,0.0
23.6,83.2,4.99,997.1,0.0
22.37,45.3,2.49,1014.4,0.0
20.51,50.0,5.5,1003.3,2.69
17.56,62.6,3.12,1024.5,0.4
21.4,52.4,5.04,1005.5,10.3
26.69,99.1,3.02,1004.2,117.5
28.77,64.4,2.58,1003.5,0.0
25.97,84.0,2.29,1004.2,1.59
10.33,77.2,1.56,1012.9,0.0
39.81,72.8,2.94,1007.7,0.0
36.15,68.7,6.15,1015.9,0.0
31.34,90.3,5.6,1011.7,0.0
42.31,53.1,3.0,1008.3,0.16
20.67,99.1,1.87,1011.0,0.0
42.16,44.8,3.49,1017.6,0.93
20.76,82.1,6.2,1013.3,1.99
29.79,42.7,1.46,1010.2,0.29
18.45,62.3,3.77,1011.4,0.0
28.11,69.7,0.99,998.8,3.45
30.9,59.2,4.96,1028.6,0.0
26.84,64.7,5.57,1012.2,7.1
33.35,43.0,3.23,1013.0,1.24
28.74,50.2,3.03,1007.8,1.46
24.08,77.0,8.91,989.6,0.63
23.75,68.5,2.17,1005.9,0.0
34.08,55.6,4.15,1008.6,1.48
23.1,91.8,4.21,1001.4,0.0
34.87,46.0,0.77,1001.3,4.45
37.17,61.5,0.5,1005.3,0.0
15.48,58.9,6.98,1014.2,2.17
36.5,79.1,0.6,1018.0,0.0
43.45,68.9,3.27,1009.4,0.0
29.89,66.1,9.31,1003.5,0.0
32.49,34.8,13.18,1005.1,5.6
35.78,83.6,10.25,1008.8,0.0
25.93,64.1,1.55,1009.7,0.0
29.37,70.1,7.77,1011.5,146.41
18.14,54.5,1.26,1004.5,8.52
29.04,51.7,0.5,1012.2,3.66
31.74,95.0,0.55,1011.6,0.0
31.87,36.1,5.06,1004.8,2.16
35.99,49.0,7.29,994.2,2.28
22.19,94.6,4.24,1000.9,2.23
24.01,79.5,13.17,1020.5,0.0
42.22,62.1,5.17,994.5,0.0
26.87,90.4,7.86,1018.5,1.37
29.5,76.0,9.08,994.2,0.0
27.5,72.2,5.29,1001.8,0.0
21.84,72.1,2.63,1005.0,4.57
40.18,76.4,1.79,1022.3,5.18
24.04,77.1,1.94,1008.2,0.0
19.55,100.0,5.15,1006.3,0.0
24.62,64.5,2.25,1000.5,0.0
12.99,65.0,1.45,1012.2,0.0
23.12,45.7,11.29,1003.9,5.2
20.74,67.1,1.41,1006.2,3.14
32.63,100.0,3.13,1005.1,0.0
22.95,85.7,8.29,1013.8,0.0
34.66,58.2,4.02,1014.1,0.0
38.49,68.5,6.02,1000.9,6.66
33.86,44.7,2.04,1003.0,0.0
26.38,50.6,1.14,1002.2,13.62
29.06,70.7,2.56,1009.5,0.0
16.56,59.1,4.1,1015.3,0.0
27.0,49.2,8.34,1009.6,3.1
21.55,76.8,1.5,990.5,0.0
33.21,66.5,7.02,1014.1,0.0
45.0,39.8,7.02,997.2,0.0
31.75,30.6,2.65,1002.3,0.0
13.07,57.7,3.34,1009.6,0.0
25.29,39.4,1.22,1007.3,1.56
28.92,34.4,4.47,1015.0,0.0
28.66,88.3,2.44,1003.1,0.0
22.52,66.2,3.83,1000.3,0.0
29.84,63.2,4.86,1005.5,0.0
18.68,64.6,2.07,1015.8,0.0
20.91,47.5,2.38,1013.0,0.0
32.84,75.4,4.07,1008.7,0.0
20.38,65.6,1.51,1018.6,0.45
32.04,54.4,5.61,1017.2,2.5
17.73,57.1,3.0,1014.3,0.0
41.24,45.9,6.82,998.6,0.0
22.19,60.7,2.17,1014.3,2.97
26.32,63.7,2.94,1006.4,0.0
30.48,60.2,0.52,1004.8,0.0
23.76,69.0,0.88,1002.5,0.0
29.08,66.6,5.78,1006.6,2.81
32.32,72.2,3.11,1003.0,0.0
35.2,85.0,3.3,1009.4,0.0
33.94,78.7,0.89,1006.6,0.0
26.71,85.2,3.09,1009.8,3.2
26.9,52.7,6.18,1012.4,8.74
45.0,58.8,4.6,1005.6,0.0
35.12,79.8,2.74,1002.1,0.0
21.09,80.1,0.74,991.9,0.0
28.75,55.8,3.88,1014.2,0.0
25.49,79.0,2.98,1008.6,4.39
26.98,51.0,6.02,1006.6,0.39
18.78,76.7,7.13,1017.4,0.0
24.91,67.5,1.55,997.7,1.9
41.59,43.1,4.91,1008.4,0.0
32.34,60.2,1.48,1000.3,0.0
10.0,100.0,3.24,1013.2,0.0
37.13,71.7,3.12,990.2,0.0
36.17,100.0,5.74,1014.4,0.4
25.31,42.0,2.22,1014.1,0.0
33.38,81.5,3.87,1000.6,0.0
21.55,30.0,3.2,1008.5,0.53
24.47,68.0,3.79,1000.8,0.0
39.24,79.4,4.97,1011.4,0.0
25.96,83.1,5.99,1014.6,8.48
13.98,53.6,6.47,1000.0,0.0
27.53,86.7,0.58,997.6,0.0
27.41,58.4,6.83,1016.8,0.0
36.99,65.0,6.68,1023.5,0.0
28.11,60.2,3.48,1012.0,0.0
24.84,47.5,4.35,1012.5,0.0
35.84,96.3,3.0,1005.3,0.0
28.91,68.9,1.22,1009.4,0.0
22.37,87.6,1.42,1010.8,0.0
36.66,86.8,4.9,1006.5,6.01
29.45,50.6,3.05,1018.8,0.52
28.02,89.9,2.08,1009.4,0.09
29.33,77.1,3.82,1010.4,76.02
19.97,49.3,4.2,1006.7,0.0
24.04,76.1,1.95,1007.5,7.37
28.03,49.6,2.5,1017.7,3.8
26.54,96.9,9.63,1009.2,0.0
37.54,82.6,2.81,1009.4,0.0
29.63,66.7,3.7,1009.5,8.16
34.41,90.8,1.63,1005.1,0.0
28.07,39.5,7.56,996.7,0.0
35.92,54.5,1.57,1020.6,0.0
30.98,63.5,1.04,1016.5,0.0
28.1,100.0,7.12,1018.0,3.08
27.9,48.7,2.66,999.4,0.0
20.84,37.3,1.3,1019.6,0.0
31.8,42.0,8.66,1023.7,6.15
27.7,84.3,3.13,1016.4,4.34
24.24,57.3,0.99,1021.2,0.0
36.3,65.1,1.67,1014.4,0.0
18.62,81.7,1.56,1001.2,1.2
24.83,65.2,1.67,1012.1,7.49
35.71,71.7,1.86,999.8,0.0
30.37,77.6,13.13,1003.2,0.3
27.64,60.2,10.39,1010.5,0.0
29.88,65.0,6.03,1009.5,0.0
29.35,72.4,2.21,1011.7,0.0
16.63,83.6,1.02,993.7,3.63
25.38,53.7,1.86,1006.8,9.22
40.12,30.0,8.19,1012.4,3.21
23.06,80.2,2.72,1014.0,9.42
25.61,84.7,6.17,1014.5,1.93
23.94,71.6,3.81,1010.0,12.55
27.35,72.8,6.08,1005.0,0.83
23.63,57.8,4.7,1012.0,0.0
31.65,77.0,3.1,1005.6,0.0
29.48,83.4,5.98,1015.2,0.0
33.8,69.0,6.48,1011.4,2.48
20.12,100.0,1.23,1007.5,2.74
25.45,39.9,3.55,1001.8,0.0
26.31,70.9,5.23,1017.0,1.27
31.42,46.9,0.5,1012.5,0.0
22.05,83.8,0.96,1024.8,0.0
34.87,39.5,4.4,1012.2,4.85
36.9,44.0,4.62,1012.9,0.0
20.58,56.6,5.78,996.3,0.0
24.32,72.8,1.97,1010.5,0.0
24.01,57.3,1.35,1005.5,0.93
45.0,57.5,2.39,1014.6,0.15
24.78,64.7,6.77,1010.7,2.08
40.58,63.6,4.01,1015.9,4.06
18.5,94.8,2.75,1025.1,1.22
20.58,80.3,4.66,1001.6,0.0
22.85,62.2,4.45,1015.6,0.0
21.66,100.0,13.04,1013.5,0.0
25.99,76.8,8.35,1023.8,0.0
22.68,50.6,2.88,1013.6,1.57
21.85,72.6,3.97,1012.8,0.0
36.69,77.6,2.01,1014.8,1.7
37.18,55.6,2.78,1015.4,0.05
35.12,49.1,2.19,1019.6,0.29
31.93,69.6,2.35,1001.4,0.0
28.7,61.5,3.82,1004.9,0.0
24.27,94.6,4.46,1021.9,3.73
20.85,81.3,3.86,992.3,2.11
30.72,56.5,7.02,1007.3,0.0
19.2,75.7,0.53,1009.2,2.64
20.55,90.8,6.2,1006.6,0.0
36.65,42.9,2.74,1020.6,0.0
42.25,49.6,2.29,1011.8,0.0
30.95,67.8,3.14,1004.9,0.0
36.3,68.6,3.47,1002.9,0.0
26.16,67.1,6.65,1010.3,0.0
17.97,62.4,2.29,1017.3,0.25
32.59,62.1,6.97,1009.1,0.0
32.27,74.9,5.87,1006.9,0.0
28.54,88.4,1.93,1002.4,1.49
26.18,59.3,2.45,1011.0,1.42
35.22,100.0,3.17,1010.5,0.0
20.61,100.0,3.93,1002.2,0.0
22.2,91.9,1.49,1016.2,0.0
20.44,79.2,3.35,1021.6,5.44
28.64,100.0,4.19,1008.4,0.0
19.84,62.8,0.5,1010.4,0.0
22.87,53.0,6.94,999.2,0.0
22.71,58.5,0.88,1013.9,0.0
26.05,49.9,5.26,1011.7,0.54
16.84,70.2,1.36,1005.4,2.62
28.65,73.4,3.03,1002.1,0.0
37.35,71.6,3.55,1022.8,0.0
29.02,67.8,6.64,1011.1,0.0
39.56,70.4,8.18,1000.7,0.0
38.0,99.3,1.54,1014.8,0.0
33.83,79.2,3.22,1009.8,63.35
28.56,84.6,2.08,1008.5,1.09
28.17,71.4,3.04,1015.8,0.1
33.73,38.9,3.25,987.1,0.14
25.06,35.4,5.3,993.5,0.0
13.88,100.0,3.1,1019.0,0.0
31.69,58.4,4.89,1007.0,0.95
19.52,56.9,1.1,1004.6,0.76
20.78,72.4,6.51,997.3,1.26
28.0,77.9,3.46,1009.6,2.97
27.29,80.2,2.23,1010.5,0.0
17.41,99.9,3.0,1019.5,0.0
29.24,95.0,1.15,1011.0,0.0
35.25,53.4,3.34,1005.6,0.0
19.54,85.4,6.2,1011.2,0.0
37.54,61.1,10.95,1016.9,0.0
16.3,65.5,3.1,1015.1,0.32
43.88,48.3,3.55,1013.0,0.0
24.92,37.5,3.7,1010.2,2.29
29.09,67.4,5.33,1003.3,0.0
13.81,50.8,1.5,999.7,0.0
27.53,84.7,1.11,998.5,1.56
29.71,62.9,7.09,1011.2,9.97
27.35,73.6,5.58,1012.0,0.0
23.78,92.6,2.51,1016.8,0.0
20.9,41.3,5.86,1012.5,0.0
36.48,55.0,2.77,1016.4,0.0
28.23,71.3,2.79,1007.0,84.27
39.56,73.6,2.89,1014.2,0.0
24.05,87.9,1.72,1000.0,0.0
24.74,83.6,5.3,1007.5,0.0
34.12,69.7,2.85,993.3,0.0
15.83,73.5,2.19,1008.3,0.0
18.9,74.0,5.36,1017.8,0.0
36.23,41.5,5.26,1008.6,0.0
19.21,65.2,5.82,1013.8,0.0
14.36,72.5,7.75,1010.2,4.87
42.01,76.3,4.44,1003.4,0.0
17.55,51.4,1.7,1006.5,0.0
29.38,45.2,5.68,1017.4,5.58
28.52,63.8,3.69,1013.7,0.89
10.0,100.0,0.5,1003.1,0.0
26.0,53.3,15.0,996.9,0.44
31.36,89.1,3.75,1009.7,5.12
30.66,96.5,1.52,1003.3,6.64
34.78,68.8,5.74,1006.6,6.18
25.09,55.8,2.5,996.4,0.0
33.34,77.2,3.52,1016.3,0.0
22.83,71.5,4.92,1007.2,0.1
17.42,52.5,3.63,1008.4,0.09
18.27,56.1,0.5,1001.3,0.0
17.03,76.2,4.41,1005.8,0.78
35.57,84.8,5.86,1009.0,7.17
16.64,62.2,1.43,1003.1,0.63
30.06,66.8,3.48,1006.3,0.0
26.01,80.0,5.14,1019.1,0.0
27.23,64.9,8.05,994.0,0.0
38.23,62.6,4.42,1009.5,6.85
24.71,54.4,4.62,1001.7,0.0
32.59,54.1,3.91,1018.7,0.0
28.28,100.0,3.26,1006.6,0.0
26.86,64.5,2.34,999.6,3.19
45.0,92.6,1.56,1006.3,0.96
17.19,98.3,2.12,1010.8,0.0
37.67,64.7,3.99,1030.0,2.81
32.92,74.6,4.37,991.1,0.46
24.4,69.8,6.95,998.4,1.53
40.22,39.0,8.24,1018.4,1.45
14.14,40.1,2.62,995.9,0.0
24.09,68.9,3.49,1008.1,2.97
18.94,60.4,4.31,1004.1,0.0
31.09,100.0,1.83,1002.9,0.0
19.65,63.7,6.99,1006.6,3.6
31.25,100.0,3.95,1005.3,5.71
26.6,59.4,3.68,1016.5,2.96
24.4,100.0,4.3,1018.6,0.0
30.91,77.1,4.58,1011.4,0.0
25.99,78.1,1.4,1006.1,0.0
19.84,58.8,1.81,1010.1,0.0
45.0,78.4,1.79,1014.4,0.0
24.35,98.5,2.89,1016.0,0.0
11.37,65.4,5.22,1011.0,0.0
21.68,61.9,5.03,1020.2,0.0
18.5,63.6,3.37,1003.1,3.23
34.2,97.2,4.09,1017.1,4.8
30.41,83.4,4.0,1013.6,0.0
30.99,94.1,2.7,1003.1,0.0
25.22,73.6,3.65,1009.9,0.0
25.9,68.7,0.77,1010.4,0.0
25.22,75.6,0.84,1006.9,1.68
27.39,87.3,9.82,1006.8,2.07
34.27,63.6,7.08,995.8,3.72
30.52,92.6,9.09,1002.5,2.42
31.75,74.6,5.27,1006.1,0.0
31.75,30.0,4.22,1003.4,3.28
34.63,83.9,5.32,1001.2,0.0
30.16,45.1,3.19,1016.5,0.0
30.69,83.5,0.66,1007.2,0.0
36.92,84.2,2.4,1025.3,17.88
23.01,73.9,11.07,1009.8,0.0
21.58,77.8,2.57,1016.3,0.0
19.11,87.8,4.7,1006.3,3.57
29.37,59.1,1.77,1002.7,2.47
14.1,82.3,2.4,1010.1,0.11
31.47,88.9,2.97,1018.4,1.48
27.18,99.7,3.27,1007.3,1.87
36.51,48.1,3.69,1011.6,0.5
22.96,75.4,3.97,1010.1,1.76
26.48,50.7,2.77,1007.2,0.89
36.42,49.9,2.41,1007.6,0.0
38.37,74.5,4.19,1000.0,3.14
22.9,69.4,4.78,1007.9,0.0
29.36,88.6,9.11,1013.2,81.18
30.21,61.8,0.5,1010.4,0.13
30.8,65.6,1.42,1009.5,0.0
26.03,71.8,8.72,1013.8,6.12
37.61,52.5,2.81,1009.6,0.0
13.83,55.0,3.15,1008.1,0.0
24.84,88.1,1.92,1013.9,7.13
31.36,58.1,1.75,1009.1,0.0
31.43,89.3,0.94,1006.1,1.08
38.15,78.9,4.13,1011.7,0.26
36.99,40.1,5.47,1007.7,2.82
25.86,77.5,5.58,1005.7,0.0
37.75,77.4,2.82,1009.2,0.41
22.64,75.6,3.49,1009.3,2.22
34.98,65.4,5.52,999.2,5.91
41.58,51.1,6.02,1010.7,0.0
37.11,92.2,4.87,1022.8,2.9
28.79,66.2,5.03,1000.2,2.63
25.51,52.1,10.18,1004.0,1.62
16.54,76.2,2.31,1030.0,2.01
30.33,54.6,1.36,1001.4,1.2
19.64,50.9,5.54,1018.3,0.0
22.05,61.2,4.33,1006.2,3.61
19.07,56.0,3.72,1008.5,0.79
24.55,51.6,5.95,1007.0,0.0
27.79,82.5,6.53,1011.4,15.03
30.05,66.0,6.17,995.4,0.0
23.5,90.5,1.64,1009.5,4.14
36.02,52.6,4.1,1004.8,0.0
26.44,36.9,4.99,993.1,0.0
22.09,70.7,3.36,1017.0,0.21
29.7,100.0,8.79,991.1,5.66
42.73,77.6,2.24,1025.2,3.36
30.51,100.0,7.18,1012.9,0.16
25.28,74.0,4.83,997.1,0.0
16.54,72.2,3.0,1018.7,1.05
26.35,30.0,2.28,1002.0,0.0
29.76,75.7,8.62,1002.4,0.0
25.09,71.0,0.79,993.6,5.54
15.51,60.7,3.4,1001.1,0.95
21.62,65.5,2.39,1002.0,2.1
38.91,66.8,2.93,1014.5,1.92
38.76,64.8,3.27,1017.3,0.0
21.35,100.0,1.21,998.1,0.0
33.05,61.3,1.94,1010.2,1.84
19.16,71.0,4.32,993.3,0.0
38.53,60.7,3.34,1010.2,7.57
29.84,82.1,2.78,1025.3,0.0
35.12,71.2,1.99,993.8,6.6
15.14,63.0,2.22,999.9,0.0
33.08,33.3,1.72,1013.8,0.0
27.94,72.4,5.8,1014.8,76.97
34.39,62.4,2.51,1000.5,0.0
34.86,66.9,1.01,1019.8,4.61
28.49,46.7,5.96,1001.5,4.09
23.49,93.8,3.47,1021.4,0.0
33.85,83.4,2.62,1011.7,4.12
27.55,93.8,2.82,1018.2,0.0
21.45,88.6,10.79,1011.0,11.74
21.1,78.7,5.1,1013.3,0.0
16.92,47.4,8.0,1013.7,0.0
24.17,100.0,1.59,1017.2,0.0
36.27,51.3,3.6,1007.7,1.55
29.33,63.2,3.49,1000.8,12.76
24.03,80.7,0.5,1007.4,0.0
34.04,81.6,2.55,1002.7,5.59
21.76,78.3,0.83,1003.2,1.2
28.72,60.8,2.65,1021.2,0.0
26.65,57.1,5.26,1013.0,0.97
33.84,100.0,8.75,1012.6,0.0
16.17,67.3,1.84,1016.6,0.0
21.62,65.1,8.95,1012.9,1.51
15.71,55.2,4.67,1022.9,0.0
26.05,72.4,6.38,991.2,1.79
37.09,71.6,2.86,1000.0,0.0
24.21,67.7,1.03,1002.4,0.0
24.17,74.9,2.41,997.0,1.71
34.54,99.7,4.27,1008.9,0.0
36.01,57.3,9.87,1009.3,0.0
27.34,68.8,8.37,1023.8,0.0
33.14,56.3,11.14,1015.2,3.27
19.92,73.3,9.08,1003.9,0.0
38.33,57.8,4.21,1012.0,0.0
44.12,58.5,4.08,993.4,0.0
31.91,41.7,2.18,1009.1,0.0
12.37,69.8,1.96,1008.7,3.37
23.81,75.7,7.43,1000.8,0.0
32.6,100.0,9.92,1006.4,0.0
24.84,76.5,1.72,1002.5,0.0
37.54,59.9,1.37,1000.5,0.0
32.41,43.5,3.64,1013.4,2.04
22.7,46.0,1.24,1016.3,0.0
28.24,44.7,4.26,1012.1,0.15
21.3,100.0,2.86,1004.5,4.59
26.63,73.2,5.84,1002.7,13.11
23.84,57.5,5.86,1004.7,1.06
36.81,50.7,2.12,1006.2,0.0
43.87,52.6,5.53,1001.0,0.0
17.27,57.0,4.82,1016.4,0.0
13.58,91.7,2.97,1006.4,0.0
26.16,67.5,2.41,1014.1,0.19
16.61,41.9,7.12,996.8,10.45
28.35,100.0,2.74,1002.5,2.5
33.62,47.5,1.76,1014.9,1.28
39.21,57.4,3.45,1015.0,0.0
29.51,91.6,6.86,998.4,0.0
26.55,75.5,13.83,1010.4,0.0
13.16,59.5,0.98,1010.6,0.0
28.2,45.8,9.31,1002.3,0.0
28.53,50.6,4.7,1010.9,0.0
32.79,51.7,1.46,995.4,0.0
22.69,68.1,3.11,1000.6,0.0
24.74,71.4,2.99,1012.8,2.01
16.91,65.3,2.03,1008.2,0.0
10.82,67.3,11.89,1008.7,0.13
19.69,49.1,3.0,1006.6,7.33
16.22,73.3,1.29,1012.3,0.0
30.53,91.0,6.62,1012.7,1.4
24.11,65.1,3.02,1014.3,3.17
23.96,64.7,2.47,1009.0,0.0
20.62,69.5,3.37,1004.9,2.06
10.0,88.1,5.06,1003.5,0.0
39.31,51.9,3.75,999.5,1.64
20.5,94.1,3.72,1004.8,1.34
24.91,75.6,7.75,1003.1,0.0
17.09,68.5,6.8,1020.8,0.0
35.29,89.8,1.3,999.6,0.0
29.08,46.7,6.07,1016.3,3.66
21.8,77.4,4.37,1005.9,0.0
25.06,75.7,0.85,1006.3,0.42
40.59,51.2,0.84,1011.2,9.79
27.45,76.3,1.02,996.7,0.0
26.64,73.1,6.22,1001.6,0.0
20.94,64.8,2.1,998.1,0.0
13.79,83.5,0.65,1005.0,0.0
26.8,57.7,1.57,1000.7,4.18
30.44,72.9,7.17,1018.5,0.0
36.25,65.6,4.93,1003.3,0.0
11.14,56.9,0.5,989.0,3.44
19.56,77.1,4.78,1005.3,2.71
23.64,64.3,1.98,1014.5,0.69
27.97,41.5,1.34,1021.0,0.0
26.91,35.6,2.41,1006.2,0.0
27.09,82.2,0.77,1003.9,0.0
31.06,46.0,1.4,1007.9,0.0
21.23,73.0,0.54,1011.3,6.43
35.01,69.0,13.11,999.0,0.0
31.25,61.4,2.84,1006.0,0.0
25.6,100.0,8.04,1007.6,0.0
40.01,71.2,5.53,1008.4,2.09
39.67,81.6,5.88,1006.8,0.0
35.0,73.1,1.95,1000.5,0.0
10.0,63.8,1.51,1010.7,7.59
39.84,67.7,2.33,1007.6,0.0
33.96,94.3,1.82,1007.6,13.38
43.05,87.6,7.69,999.3,0.0
37.28,100.0,4.66,1013.1,132.22
39.84,72.0,0.7,1000.4,0.34
34.59,52.2,3.45,1020.9,13.01
38.12,60.1,3.23,998.6,0.0
42.96,46.6,3.36,1014.1,0.0
29.62,81.8,10.47,992.7,0.0
16.21,57.5,4.15,989.9,5.52
25.69,30.0,2.11,1003.6,10.82
30.92,100.0,4.39,989.9,0.0
28.56,57.7,1.91,1013.8,0.0
18.65,57.6,9.04,1007.8,7.71
15.77,98.1,0.88,1019.2,2.81
22.44,46.3,3.65,1006.7,3.93
34.06,88.5,2.82,1009.9,2.05
39.85,57.4,3.46,1005.9,1.94
34.87,44.2,9.76,1001.0,0.0
35.93,98.7,2.33,1004.7,0.0
27.39,84.6,2.63,998.4,50.39
14.93,84.6,1.33,1011.1,0.0
24.59,74.6,6.51,1005.5,2.45
26.06,78.8,1.38,1007.2,0.0
24.27,45.8,2.09,1030.0,0.0
28.41,70.0,6.28,1004.8,0.0
31.31,51.3,4.36,1010.5,0.0
34.4,43.0,5.68,1007.6,0.0
25.91,75.4,2.06,1017.3,3.11
13.72,88.8,4.18,1009.9,0.0
24.38,61.1,1.37,1005.8,0.0
28.33,64.2,2.86,1026.3,0.0
37.17,47.5,0.64,1001.1,1.03
23.74,68.1,10.77,1006.4,0.0
31.84,81.7,4.39,1015.3,0.04
30.18,82.2,2.04,1001.5,0.0
28.33,77.8,4.3,1014.1,9.23
34.98,56.9,5.72,1004.2,0.0
23.04,56.3,6.61,1016.0,0.0
23.69,82.3,1.73,1015.8,1.34
27.91,82.6,4.45,1007.3,1.31
23.2,64.9,4.19,1000.0,0.0
31.81,60.3,9.37,1004.9,5.64
22.65,89.0,2.17,1007.9,0.0
29.7,61.5,1.42,1015.1,2.57
27.25,81.4,1.61,1010.6,0.0
29.61,65.5,4.75,1012.3,8.14
24.55,49.1,2.87,1010.8,0.13
25.46,97.0,8.09,1014.8,0.0
28.72,70.2,2.85,1006.4,0.0
29.52,55.2,6.0,1009.3,0.0
27.97,43.0,1.54,1008.2,0.97
40.79,44.8,4.38,1004.5,2.52
20.57,61.3,9.05,1016.1,0.05
27.52,100.0,5.93,1015.9,0.0
16.2,57.5,1.76,1017.6,0.24
30.79,94.1,1.36,1001.9,0.24
19.64,65.6,4.17,1010.8,0.0
25.91,46.7,4.23,1016.7,0.0
25.21,59.5,5.31,1020.0,13.34
30.11,44.9,5.74,995.9,1.77
23.85,52.6,1.16,1008.0,0.0
23.54,52.1,0.84,1006.5,1.32
38.77,33.7,4.3,1020.7,0.0
30.13,95.2,3.44,990.3,0.0
23.79,71.8,0.79,999.6,7.83
26.12,55.6,2.15,1019.5,0.82
40.34,72.0,0.5,1004.2,0.0
26.24,53.0,9.09,997.6,0.0
22.83,30.0,3.6,1020.1,6.1
22.86,100.0,8.29,996.5,0.0
23.88,71.4,1.02,1016.2,0.0
23.54,57.4,2.22,995.5,0.0
18.4,33.2,5.51,996.5,5.99
19.57,41.1,5.65,1009.6,0.0
21.78,97.8,1.21,1001.2,0.65
32.44,95.0,5.85,1010.2,0.0
25.14,81.6,5.43,1022.4,0.0
26.45,47.9,0.73,1006.8,0.0
37.53,95.2,2.12,1021.0,0.8
37.71,76.1,3.63,1010.6,0.0
25.88,79.8,3.88,1015.6,0.0
23.27,76.0,4.03,989.2,5.67
21.52,40.9,6.01,1013.1,0.0
33.2,46.4,2.15,1011.9,12.59
26.46,58.8,4.3,1005.1,0.0
25.1,79.6,3.77,1023.2,50.55
21.9,43.2,0.5,1004.1,0.0
22.23,64.8,1.98,995.1,15.16
30.4,64.8,6.18,1014.3,0.0
18.13,82.3,1.12,996.6,0.0
35.46,80.1,3.81,1008.6,0.0
24.0,49.8,0.5,1018.7,0.9
26.88,94.0,0.6,1012.0,0.0
17.97,47.1,7.62,1006.0,1.76
27.91,87.7,2.48,1005.2,0.0
25.54,58.1,2.69,1018.1,0.0
27.62,71.0,2.18,998.2,1.16
39.04,72.1,0.64,1014.2,0.0
29.33,71.6,3.03,1025.5,2.7
22.04,80.1,7.6,1012.3,0.0
22.67,75.0,1.99,1006.1,3.94
32.46,82.1,1.4,1006.7,3.13
37.74,76.4,10.5,1004.2,0.93
30.11,45.2,0.9,1002.8,0.0
33.17,72.9,3.2,1008.9,0.0
32.57,57.9,4.56,1013.4,0.0
38.64,48.0,1.64,1020.9,0.0
13.38,62.8,2.55,992.3,0.0
33.0,71.3,6.0,988.5,0.08
35.38,72.5,2.93,1021.0,0.0
17.96,87.0,4.5,1008.5,0.0
21.36,91.5,1.77,1008.9,0.0
21.62,74.1,5.18,1012.0,0.22
22.53,77.3,2.79,1006.5,2.39
24.39,69.7,5.89,1023.8,0.48
29.82,81.8,7.07,1011.9,0.0
34.49,76.8,2.98,1004.4,2.05
36.11,67.0,2.88,1005.1,0.0
21.72,100.0,6.57,1006.9,1.59
21.66,58.2,5.06,1001.8,0.0
37.87,94.2,4.58,1021.5,0.0
32.85,43.6,0.8,1009.0,1.81
28.62,82.6,1.57,998.6,0.0
31.55,93.9,1.01,1011.2,0.51
27.78,33.7,4.9,1019.5,3.71
31.93,70.5,0.83,1016.5,0.0
25.48,80.9,0.94,1001.9,4.38
30.02,72.5,5.49,999.1,0.0
16.67,74.8,5.86,1019.4,1.03
22.84,70.5,1.81,995.0,0.0
22.92,48.3,8.26,1011.0,0.0
25.19,100.0,0.5,1003.5,6.07
21.05,58.9,0.79,1018.5,0.0
24.0,75.8,5.43,999.6,0.0
16.64,56.4,1.85,1001.6,3.97
32.12,30.0,1.32,1012.9,0.0
27.38,51.4,2.61,1014.4,0.0
15.21,41.9,7.86,1018.9,0.0
21.74,87.6,2.38,1011.8,0.0
30.52,57.1,1.54,1010.8,27.18
23.93,58.7,3.85,1016.4,1.09
22.77,48.8,3.49,997.0,0.0
27.44,69.7,6.29,1001.0,0.2
30.58,55.1,11.57,997.7,2.37
17.23,85.9,7.35,986.5,0.0
32.13,73.4,5.86,1014.7,0.0
22.0,57.7,3.2,1019.4,2.25
27.87,83.3,2.68,1012.4,0.0
27.73,68.1,1.97,1011.0,0.0
24.05,68.4,1.29,1008.7,3.28
20.32,41.7,2.42,1008.4,3.96
25.86,66.7,5.07,1021.6,0.0
40.19,73.8,1.12,1020.4,0.0
17.79,92.0,2.94,1003.3,11.02
40.69,54.5,2.24,1016.9,0.0
26.05,100.0,3.34,1017.8,0.4
28.27,78.0,2.09,1013.2,0.0
19.85,40.7,3.35,1011.1,0.0
22.22,52.8,2.64,1010.8,0.0
24.23,93.6,4.64,996.1,0.0
20.16,90.4,2.58,995.4,0.85
26.43,68.3,6.09,1014.3,3.99
24.95,70.7,1.96,999.2,0.0
41.88,47.0,3.65,996.9,0.0
19.26,91.8,13.95,991.4,0.0
28.77,50.2,3.8,1004.2,0.0
29.86,83.2,0.5,1011.0,60.43
19.97,92.3,2.87,1011.6,0.0
33.15,68.9,1.7,1014.8,4.41
25.01,85.4,4.78,1004.9,0.64
10.0,100.0,4.06,1008.9,0.52
32.95,72.8,2.0,1014.8,0.0
19.62,64.8,5.1,1011.7,0.0
20.14,66.8,3.39,1003.3,0.0
33.16,54.6,0.8,1010.4,3.75
25.4,54.2,2.45,992.1,0.0
34.88,76.0,10.11,1008.0,89.67
37.08,65.0,2.11,1003.1,0.0
23.16,73.9,2.11,1020.1,0.0
33.95,41.2,6.26,1000.2,0.0
22.33,66.3,0.5,1008.9,0.0
44.75,86.5,2.99,1004.6,0.0
22.8,47.9,2.99,1003.5,2.68
35.7,68.3,4.94,1011.0,0.0
34.33,34.6,1.81,1004.7,1.81
30.37,44.5,2.77,1022.8,0.0
22.97,82.5,3.69,992.2,0.0
26.86,62.4,4.52,1013.0,0.0
11.85,100.0,2.25,1007.3,0.0
29.68,75.8,9.66,1007.6,0.0
30.62,77.6,0.5,1010.4,0.0
29.0,48.6,1.94,1016.0,1.39
10.0,61.1,2.98,1010.1,0.17
18.51,54.8,3.67,1016.0,3.06
22.39,48.8,7.14,1008.4,6.31
30.19,80.0,4.79,999.7,0.7
30.17,83.6,1.23,1007.3,0.0
26.72,75.2,4.07,1017.2,0.97
32.76,53.1,7.44,1004.7,2.64
20.3,74.0,3.24,999.3,2.68
32.58,33.6,7.26,1013.0,0.0
31.56,91.8,0.5,1010.7,0.0
30.83,44.6,4.97,1001.8,0.0
26.63,47.8,6.45,1006.1,0.0
41.73,70.1,2.34,1006.5,0.0
31.7,71.7,0.72,1008.1,0.0
20.74,66.7,5.71,1013.2,0.0
29.86,48.0,1.22,1004.8,4.58
33.64,88.4,2.21,1013.6,74.65
23.59,37.7,5.91,1003.7,0.63
36.17,41.3,4.19,1021.3,0.0
30.87,66.1,15.0,1021.5,2.01
10.43,45.2,3.07,1001.1,0.0
30.25,90.0,3.84,998.2,0.0
24.95,46.8,5.68,1015.8,0.0
32.03,96.0,1.22,1010.1,0.0
35.08,86.6,2.82,1012.4,0.0
29.46,90.2,1.05,1002.8,1.07
40.49,100.0,0.81,1006.9,0.0
26.66,69.5,6.6,1005.2,0.0
32.69,49.8,3.31,1010.4,0.0
34.04,66.1,3.45,998.0,5.79
27.27,57.8,4.4,1007.2,0.0
33.84,55.2,1.47,998.0,1.53
23.54,70.7,5.66,1003.9,2.51
24.83,62.4,4.2,1007.2,0.0
18.16,54.5,4.54,1012.1,0.0
29.81,63.6,1.54,1012.7,0.0
30.44,77.9,3.79,1014.1,4.81
36.84,85.2,5.16,996.1,0.0
33.93,39.1,2.47,1018.1,0.0
25.86,62.5,2.98,1002.8,2.35
19.16,65.5,2.92,1003.4,0.01
31.25,46.7,2.29,1010.1,0.0
36.33,65.8,4.0,1005.3,6.47
33.66,70.7,2.94,1010.9,0.0
36.13,77.3,2.33,1012.4,4.59
26.41,69.4,9.67,1001.9,1.45
24.5,52.1,3.05,1006.5,0.7
22.47,100.0,1.22,1006.8,0.0
27.58,82.9,3.79,1015.7,0.0
27.41,77.9,3.67,1004.3,0.0
29.55,86.1,3.96,1003.9,0.0
27.03,72.4,9.77,999.8,0.8
27.0,91.2,0.5,1000.7,0.24
22.17,69.0,5.37,997.2,2.84
35.06,68.0,1.86,1002.4,2.95
28.57,79.4,2.85,1020.7,2.48
26.69,96.4,1.08,1013.5,0.68
22.39,95.2,5.76,1018.2,1.89
18.01,78.7,3.06,1000.4,0.0
37.81,77.3,4.22,992.4,0.0
32.16,80.5,7.48,1010.5,0.0
15.82,85.7,1.36,1022.8,0.0
33.72,91.4,4.18,1004.1,0.0
34.92,63.7,12.41,1008.8,0.0
28.93,91.7,6.86,995.4,5.14
39.99,74.2,1.45,1008.2,1.7
29.63,79.7,8.15,1007.0,0.0
17.37,92.9,3.37,991.3,0.0
30.74,81.4,9.35,999.7,1.37
29.84,84.5,6.22,999.1,0.0
23.48,61.0,2.78,995.4,0.0
32.3,95.0,6.2,1002.2,0.0
15.49,80.5,0.88,1012.1,0.0
35.43,70.3,1.57,1002.9,0.0
21.41,87.8,5.77,1017.2,0.0
20.61,100.0,1.1,1005.1,0.0
27.15,47.0,2.83,1010.6,0.55
31.25,53.5,4.26,1012.0,0.0
29.23,100.0,4.49,1020.3,0.0
22.43,75.7,6.98,1002.3,0.0
24.2,71.4,2.15,1011.5,4.43
19.5,65.9,6.37,1000.4,0.87
26.31,89.8,5.88,1021.8,1.95
36.06,100.0,2.06,999.7,143.29
27.97,56.0,0.61,1011.1,1.97
34.45,66.3,2.45,1020.5,1.29
38.92,61.7,2.07,998.4,0.0
23.59,81.2,1.26,1012.8,3.05
26.6,90.0,3.59,1000.1,0.26
44.28,97.2,12.36,1026.6,73.14
38.83,81.8,3.68,992.9,0.0
15.46,100.0,10.86,995.9,0.0
30.9,57.7,13.99,999.0,0.34
28.0,53.0,1.94,999.3,1.93
34.2,94.4,2.25,1012.2,0.03
22.41,70.2,6.2,1022.4,2.17
21.7,43.2,3.01,1017.2,12.17
22.93,62.3,1.53,1009.9,0.0
23.71,72.6,3.55,1008.1,5.83
34.11,56.4,5.28,1003.1,0.0
19.14,49.7,6.26,1011.1,4.76
23.33,64.3,4.85,1006.3,0.0
14.58,48.8,4.21,1009.5,0.0
35.55,79.4,3.09,1002.1,0.01
37.53,33.0,1.79,998.4,3.1
25.55,69.6,8.27,1008.2,5.24
25.77,77.4,2.46,1008.0,0.0
31.4,66.4,3.07,1003.2,0.0
39.06,87.7,5.85,1001.9,7.15
31.06,43.3,1.86,1012.5,4.91
22.77,55.4,10.5,1011.6,0.0
15.86,62.1,3.49,1023.0,3.83
19.64,80.8,1.95,1019.0,5.47
28.55,71.9,4.45,998.4,7.06
23.09,100.0,5.29,1006.5,2.61
29.46,53.5,2.74,997.1,6.24
23.85,42.9,3.29,993.3,5.46
20.06,100.0,3.99,1025.6,0.76
19.17,42.2,3.36,1019.8,0.0
39.72,80.3,0.92,1003.0,7.34
34.67,50.4,1.37,1017.9,0.0
40.98,30.8,3.49,1019.1,20.57
32.05,61.3,1.64,992.6,3.77
24.78,84.2,7.23,1014.8,0.0
37.93,46.0,11.49,1004.1,1.71
27.75,78.4,5.1,1011.1,0.0
29.66,81.7,0.81,1030.0,0.0
27.68,45.1,0.5,1020.7,0.0
10.0,63.9,2.18,1007.0,1.48
40.04,96.4,4.46,1019.4,1.4
31.68,79.7,5.79,992.6,0.0
30.47,63.3,0.78,1012.0,0.0
27.54,75.5,3.34,1012.2,0.0
29.23,55.7,1.11,1013.6,0.0
23.52,88.0,0.5,1003.9,0.0
32.62,88.0,3.93,1011.1,0.0
18.2,70.2,3.61,1014.8,3.17
29.4,72.2,4.6,989.4,2.27
32.21,50.0,3.44,1005.5,0.0
26.51,43.7,0.55,1000.8,1.27
30.78,61.2,4.42,1013.3,0.0
20.56,66.4,2.48,1019.0,0.94
20.76,87.1,2.2,1003.1,0.0
29.78,84.6,2.75,999.3,6.51
33.09,71.3,0.5,1008.9,65.35
13.94,89.4,5.51,998.8,0.0
31.92,51.0,3.1,1006.2,3.65
23.93,87.4,7.02,1005.3,1.32
26.55,53.8,5.44,1012.6,0.0
17.95,90.3,2.17,1010.5,0.0
21.61,67.8,9.25,1009.3,1.43
35.25,32.0,7.16,1021.1,3.52
28.25,81.1,1.92,1010.2,0.0
25.13,82.6,2.92,1004.7,6.47
27.13,59.8,5.42,1005.6,10.14
31.67,61.3,1.7,1001.9,0.59
31.3,65.1,2.12,999.9,0.0
27.44,33.3,0.6,996.9,0.0
36.2,30.0,0.88,1017.1,3.69
35.28,91.4,1.21,1002.3,8.69
31.1,53.2,3.2,1010.5,0.0
28.41,100.0,5.94,1005.6,0.0
32.93,92.7,1.81,1007.8,0.0
30.36,96.2,5.23,1017.2,0.0
35.96,56.3,1.75,1009.4,2.92
34.75,39.0,4.33,1000.6,4.6
20.36,48.4,2.58,1003.5,0.81
19.86,60.0,0.97,1014.9,12.99
22.74,30.0,5.49,1011.9,2.5
35.32,59.4,5.51,1015.4,0.0
16.18,64.4,0.5,1006.1,0.0
30.96,44.7,3.76,996.8,0.58
30.72,49.3,4.07,1012.1,0.0
36.72,64.0,3.46,1010.0,4.33
29.35,74.4,2.21,1010.2,1.29
17.93,52.0,1.21,996.9,0.0
20.8,73.3,3.22,1002.9,0.0
19.14,70.5,0.5,1000.5,2.05
23.97,68.8,1.37,1011.2,0.0
26.63,56.3,3.97,1011.5,0.36
19.26,44.0,6.07,1007.7,4.52
39.03,98.5,7.84,1015.7,7.36
18.06,79.3,1.07,1019.9,0.0
38.1,86.1,1.65,1010.8,1.08
36.89,66.5,4.72,1013.4,0.0
34.74,65.0,5.57,1003.7,0.0
22.8,76.8,9.22,1002.2,0.0
30.57,35.0,4.62,1016.1,7.33
18.42,47.9,3.73,1001.0,0.74
34.83,53.6,3.52,1013.6,0.0
27.45,59.8,1.29,1021.8,7.42
24.93,52.2,0.59,1013.2,9.04
18.82,74.0,4.58,1007.4,2.11
10.0,69.5,4.32,997.3,3.71
20.21,93.1,0.57,1009.3,0.0
36.35,100.0,1.36,1016.1,5.07
24.98,45.3,9.71,1006.6,6.35
26.73,70.7,0.82,1016.2,0.0
32.92,70.6,0.69,1010.9,0.0
41.54,67.7,0.91,1010.3,0.0
37.94,48.5,4.0,1005.5,0.0
20.71,51.5,4.14,996.4,0.0
13.43,72.3,7.42,1004.6,0.92
45.0,51.0,4.64,1004.5,0.0
45.0,70.9,1.88,1012.6,0.0
29.41,63.6,0.5,1007.9,0.0
18.47,70.5,2.97,1016.7,122.83
35.22,50.8,9.48,1010.3,0.0
27.19,70.8,1.85,1004.0,5.33
27.15,52.1,4.69,1001.5,9.46
34.71,70.9,2.07,1003.2,0.31
30.51,92.1,4.36,1009.3,0.0
19.11,72.7,3.55,1005.0,0.0
25.56,73.8,4.3,999.4,0.0
32.96,82.7,1.83,1016.1,0.0
31.83,42.7,1.75,1009.2,0.52
29.97,98.9,1.18,1010.2,0.0
35.0,49.0,2.63,1001.4,0.0
25.29,83.8,4.26,999.7,0.0
29.34,81.4,3.59,1006.7,2.85
10.0,51.8,2.41,991.8,2.69
24.63,86.2,4.43,1014.2,3.23
33.73,77.0,4.75,1002.4,0.0
25.07,100.0,5.51,1005.9,0.0
24.5,71.5,2.15,1011.4,3.09
20.19,66.0,2.3,1006.2,1.92
35.53,58.7,7.22,998.7,0.0
32.11,36.6,6.48,1020.0,3.21
34.19,62.3,5.31,995.7,0.54
15.05,63.0,0.86,990.1,0.0
26.8,72.7,2.79,1015.0,0.0
25.9,42.4,6.1,996.3,1.66
25.9,63.7,5.51,1018.0,0.36
23.38,78.4,3.48,1011.0,0.6
25.4,80.2,3.34,1010.3,0.0
34.37,34.5,1.49,1003.4,4.15
13.65,80.7,1.25,1001.4,3.89
41.33,63.6,1.61,1005.0,0.0
31.63,64.7,1.54,1001.0,0.26
27.68,30.0,2.47,1017.7,0.0
34.8,94.9,5.73,1002.1,1.94
17.11,71.2,0.99,1012.1,1.22
23.01,40.4,1.04,1016.0,0.0
27.09,74.8,2.91,1001.0,0.78
38.24,74.2,7.36,1011.0,131.27
27.65,90.0,1.63,1000.8,0.0
31.38,62.4,2.73,1006.6,0.0
23.58,68.2,4.3,1004.3,0.77
31.65,56.4,2.51,1002.4,5.48
40.58,78.8,3.81,1009.3,0.0
35.47,53.9,5.03,998.3,8.53
27.39,51.9,5.07,1015.4,3.79
33.07,66.8,1.32,999.3,0.0
32.33,45.9,2.96,997.9,0.0
31.8,96.8,1.25,1006.0,0.0
36.34,100.0,4.42,1005.0,0.0
36.28,59.8,7.53,1010.8,0.0
27.05,43.0,2.88,1008.7,0.0
32.81,74.1,4.86,995.0,10.1
25.13,59.3,3.26,1015.9,0.0
21.08,89.1,3.11,1005.8,0.0
25.98,53.8,0.74,1009.9,0.0
27.43,77.8,6.9,1025.6,0.0
15.54,70.1,4.37,1018.3,0.0
34.45,55.8,3.03,1009.7,0.0
10.0,72.3,3.82,997.0,1.81
45.0,83.8,2.69,997.1,2.8
39.26,69.6,2.06,1017.3,7.25
26.04,69.8,6.24,1004.8,0.0
28.07,52.3,2.11,1006.7,0.0
30.27,88.6,4.06,998.8,1.05
23.58,86.8,1.09,1011.6,0.87
29.44,60.6,3.44,1017.1,0.0
26.92,65.8,9.57,1020.2,0.16
27.29,93.5,1.31,1004.4,0.0
29.36,47.6,2.3,1013.2,0.0
18.15,78.9,3.79,1007.2,1.74
28.3,57.9,2.8,1015.0,0.0
29.23,100.0,1.16,1008.0,0.0
28.97,69.1,4.6,1001.4,5.34
26.38,90.7,13.53,1018.6,0.0
36.53,54.3,1.32,1008.8,0.0
25.35,45.5,6.17,1005.2,5.66
29.7,63.8,5.21,1009.4,0.0
37.73,72.7,0.62,1002.1,7.39
27.4,58.8,3.94,1011.3,1.02
29.61,81.6,6.58,1006.4,0.35
27.28,64.2,0.97,1001.6,0.0
37.28,30.5,1.77,1027.0,0.0
26.07,78.0,4.06,999.9,59.49
37.63,52.1,3.07,1010.8,0.16
27.22,61.5,5.9,1008.5,0.0
21.55,96.0,1.38,999.8,0.0
33.1,99.9,2.74,1005.3,1.6
25.71,57.6,5.62,997.3,0.0
32.65,78.4,2.66,1024.5,0.0
10.0,58.1,3.34,1005.9,3.96
28.04,62.8,0.68,1006.5,4.07
24.55,57.1,0.95,1023.6,4.24
20.03,37.0,4.44,1001.4,0.0
23.85,69.7,5.29,1018.4,0.0
23.7,73.2,4.56,1012.7,0.0
27.64,55.9,5.48,992.2,1.53
17.75,87.6,3.23,1005.0,8.53
30.37,60.2,7.21,1011.5,3.6
38.25,56.5,1.77,1008.3,0.46
30.11,77.5,0.5,1008.3,3.15
34.07,40.2,2.3,1003.1,0.0
36.21,84.3,7.19,1002.3,61.26
37.27,60.8,3.71,1005.5,0.99
42.03,85.8,2.15,1023.7,4.37
24.26,91.2,3.44,1000.7,1.5
22.61,79.5,4.16,1004.1,65.46
33.88,53.4,2.41,1008.2,8.38
33.31,45.5,4.45,996.3,0.0
33.82,42.2,7.73,1011.5,10.72
42.17,87.9,7.34,997.7,0.0
28.09,65.6,5.71,999.3,0.0
31.2,57.2,8.66,998.9,0.0
20.65,65.6,1.15,994.9,0.0
44.01,87.5,4.03,1018.1,0.0
25.48,82.0,11.46,1012.2,1.51
25.69,75.9,1.85,1015.4,1.93
25.4,79.5,2.66,1014.7,3.78
23.16,71.2,8.73,1006.7,144.42
22.53,73.4,5.84,1007.8,5.04
24.07,72.0,1.25,1016.1,0.0
17.76,68.0,8.45,1021.1,1.38
22.11,81.6,5.22,997.9,5.74
42.62,74.5,6.33,1028.2,0.0
33.52,52.1,2.91,997.5,0.0
34.94,77.5,4.2,1004.3,0.72
36.83,72.5,1.15,1008.6,128.8
41.76,79.0,2.54,1009.3,0.0
14.71,66.1,7.06,1023.7,0.07
18.78,82.6,2.12,1016.1,0.0
21.97,66.9,1.9,1011.3,0.0
24.48,81.0,4.31,1016.3,0.0
25.75,59.8,3.36,1010.8,0.0
24.65,61.0,2.38,1002.6,7.75
29.64,78.8,2.19,1011.9,0.0
28.26,62.0,2.79,1008.5,0.0
22.58,100.0,0.5,1001.3,0.0
11.68,78.2,1.56,1018.1,0.0
20.55,68.4,5.34,1007.6,0.0
23.88,82.8,4.1,999.0,2.69
26.15,59.3,3.23,1000.3,0.0
19.53,84.6,1.4,1012.3,0.0
24.32,84.1,3.61,1016.4,0.0
19.52,90.6,3.96,1011.9,0.0
27.06,60.1,2.19,1011.9,1.45
19.95,46.0,0.71,1001.5,0.0
21.63,57.0,3.83,1008.7,0.0
18.18,62.9,1.91,1005.4,19.18
26.85,98.0,3.1,1006.4,0.0
21.5,100.0,2.35,1007.1,0.54
34.8,74.2,0.92,1002.7,0.0
31.04,68.2,0.75,1014.0,0.35
27.48,61.7,4.76,999.9,0.0
22.02,82.8,3.28,997.6,4.32
30.85,100.0,6.43,1001.7,0.0
33.18,100.0,6.11,1015.1,0.0
29.07,88.5,1.29,1010.7,77.02
40.03,88.2,1.76,993.7,6.12
31.45,83.0,2.81,1012.8,0.0
34.85,67.1,0.6,1007.6,2.87
29.0,54.7,1.91,1004.7,0.0
33.07,67.6,8.06,1006.1,0.0
22.02,75.6,5.82,997.3,3.79
24.56,41.8,5.11,1009.4,0.0
30.62,65.2,8.47,997.9,8.34
30.57,53.1,0.5,1005.2,5.38
31.81,86.2,5.19,1005.2,1.53
36.25,58.1,5.19,1014.2,0.0
17.31,73.9,3.54,1008.3,4.54
20.69,55.4,0.96,1013.6,4.13
29.72,96.8,10.91,998.4,8.76
22.57,37.4,6.03,1007.1,0.0
45.0,76.6,8.07,1012.2,13.45
31.87,45.0,4.79,1017.9,0.88
27.41,58.8,1.56,998.9,0.0
24.13,71.7,1.26,1001.3,12.78
24.4,72.6,6.49,1012.0,8.25
28.23,72.1,1.71,1020.9,0.0
28.84,70.7,3.42,1010.3,0.0
24.57,56.4,2.2,999.1,4.96
25.95,65.0,4.76,999.3,0.0
38.08,68.6,3.0,1009.1,0.0
38.38,71.5,10.83,1010.9,0.0
29.89,66.8,11.54,1006.2,0.0
17.94,81.1,4.22,999.4,0.0
32.04,69.7,1.39,1016.8,0.0
39.66,71.6,1.6,1005.2,58.05
38.27,61.1,1.79,1012.2,0.0
33.51,49.1,1.31,993.8,0.0
38.67,70.8,3.62,1017.6,5.27
28.4,89.7,1.14,1002.5,5.86
32.71,76.0,2.84,1018.8,0.0
22.89,53.3,3.36,1012.9,0.0
30.19,82.7,2.76,996.6,0.63
37.97,62.0,12.3,1010.0,0.87
23.58,80.9,3.41,1021.3,2.44
21.54,61.4,2.93,1003.2,0.0
28.73,74.4,6.33,1021.3,0.0
26.3,58.7,3.8,1011.1,0.0
32.87,59.1,6.78,1018.7,0.0
24.6,39.8,2.37,1009.3,6.01
40.89,77.2,4.77,1007.0,1.22
18.33,74.7,3.91,1022.7,5.62
37.4,75.7,2.4,1013.8,0.0
22.26,73.0,1.77,1006.1,1.82
14.53,54.3,4.33,1011.4,8.56
29.78,85.4,9.99,1003.5,0.0
26.09,85.9,9.14,1008.9,0.0
19.68,53.8,6.4,1017.6,0.0
15.39,77.6,5.78,1006.7,120.94
27.94,83.7,3.36,1001.0,5.04
35.32,59.5,1.51,1000.3,0.0
32.39,62.7,0.77,1008.6,4.83
28.43,77.6,4.38,1001.5,3.0
31.59,40.8,9.6,996.5,0.0
27.8,48.4,3.7,998.4,0.0
17.28,50.2,6.62,1017.4,0.0
17.34,35.7,4.04,1006.9,4.5
26.48,87.5,3.43,1008.5,0.0
26.8,32.2,1.99,1000.3,4.36
34.38,74.2,2.05,1003.3,3.55
33.68,82.6,3.25,1003.1,0.0
32.54,62.7,2.54,1005.8,2.14
25.9,56.0,5.95,994.7,2.84
17.65,72.2,6.41,1016.7,0.0
31.09,68.0,4.69,1007.9,0.0
31.94,86.1,10.14,1009.6,0.0
10.09,30.0,7.0,1015.3,0.0
21.74,51.5,3.59,1014.7,5.16
22.82,78.1,2.5,1003.4,0.0
28.89,68.9,4.5,1012.8,0.0
21.97,81.5,8.29,1012.8,0.0
27.71,72.7,1.4,1010.5,0.0
26.42,65.6,7.53,1016.5,0.0
26.81,62.6,1.76,1014.4,0.6
22.63,100.0,2.52,1013.8,3.03
23.21,95.6,6.23,1018.9,0.0
19.9,76.9,6.41,1008.2,0.0
30.85,69.4,3.09,1008.5,0.0
32.28,77.7,3.99,1014.6,0.0
22.22,82.9,9.6,1006.6,0.0
39.4,75.5,9.37,1011.9,7.82
25.64,54.5,3.47,1003.5,0.0
39.48,100.0,3.08,989.8,0.12
23.18,72.4,2.32,1012.8,0.0
12.8,100.0,1.09,995.6,2.93
31.02,71.4,3.38,1002.4,0.33
29.86,63.6,3.44,1014.6,2.56
28.26,92.9,2.57,1014.7,4.46
23.18,73.4,2.94,1017.4,2.72
27.74,70.4,1.1,991.8,5.1
24.17,46.4,3.58,1010.4,2.57
25.73,79.9,1.8,1005.9,0.0
34.31,59.1,5.0,1015.9,3.87
29.38,59.9,2.97,1019.8,1.39
32.57,59.2,5.37,997.5,0.0
26.26,75.9,14.12,1008.1,0.0
25.43,40.4,1.17,1014.7,0.0
19.35,64.2,1.33,1005.3,0.0
25.22,85.6,6.62,1022.0,2.91
10.0,45.6,4.17,1004.8,0.0
23.57,71.1,5.06,1005.6,8.45
27.39,56.6,0.56,999.4,0.0
32.23,60.7,1.78,1009.2,1.27
25.98,97.8,5.59,983.9,10.56
30.61,38.3,5.25,1006.0,6.32
11.65,81.8,0.71,1018.2,0.0
27.57,59.4,4.28,996.8,0.0
15.4,58.5,1.93,995.1,2.03
18.94,48.0,2.24,1016.9,0.0
26.6,81.6,2.68,1018.0,2.47
37.57,64.6,1.12,997.2,0.45
30.78,62.3,2.73,1021.9,0.0
28.14,70.0,6.5,1011.5,0.0
27.85,64.9,2.24,1016.4,3.01
22.65,32.0,3.22,1001.7,0.03
23.92,59.2,4.59,1019.9,6.79
31.21,84.1,4.31,1005.9,2.15
17.61,40.9,2.24,1005.5,0.0
32.45,48.4,2.99,1011.9,0.0
25.09,60.3,3.81,1004.9,4.78
34.19,54.9,2.67,995.8,0.0
35.21,67.5,3.28,1009.1,4.72
15.45,48.3,12.6,1005.5,0.0
23.64,61.0,6.31,1001.9,4.59
21.58,67.1,8.97,1017.9,3.34
14.4,79.7,3.99,1027.1,4.29
20.26,90.4,4.43,1000.6,4.72
45.0,63.3,2.07,1009.6,2.44
32.57,100.0,7.3,1004.8,6.32
42.38,64.7,0.62,1026.3,2.83
34.22,82.9,11.49,1011.9,0.0
22.44,100.0,4.6,1015.4,0.0
25.14,70.5,2.18,1017.5,10.7
32.41,43.3,5.56,1009.0,0.0
31.28,69.6,1.58,1006.5,0.0
23.67,57.0,3.42,1020.2,0.0
16.68,63.1,2.17,1014.2,0.56
45.0,100.0,2.57,1001.2,0.0
26.94,46.0,3.48,1002.2,0.0
25.56,73.4,7.41,1004.9,0.0
28.85,52.2,3.35,1017.3,0.0
26.18,62.5,1.23,1019.8,0.0
28.92,81.4,2.04,1025.2,2.65
37.65,73.7,1.92,1002.3,0.0
27.07,63.9,11.75,1009.1,2.11
19.28,56.3,1.91,1004.8,1.59
26.79,73.7,4.08,1006.5,0.0
24.52,98.7,3.3,1015.4,0.0
38.68,51.8,2.55,1007.6,3.58
36.78,100.0,1.69,1018.5,2.69
28.81,89.6,1.36,1003.9,1.16
18.41,92.6,5.1,1013.9,4.5
18.81,73.6,6.9,1004.5,15.7
28.11,89.1,1.27,993.3,0.0
30.52,49.8,3.58,999.8,19.93
25.19,56.0,3.1,1009.0,2.34
24.4,81.8,1.12,1023.4,58.13
23.55,73.3,2.07,1004.3,4.56
27.82,65.3,5.89,1006.6,3.81
10.13,30.0,9.86,1011.9,0.0
19.74,60.2,10.48,1003.2,1.62
23.3,46.9,2.93,1004.1,0.0
37.06,76.9,4.23,1008.6,0.24
21.9,64.6,3.08,1004.5,0.0
29.35,56.7,6.55,993.7,4.72
29.7,100.0,5.45,1002.8,0.0
37.73,86.7,5.67,1012.9,0.0
37.47,87.0,1.81,1013.2,0.0
27.57,100.0,2.84,1018.7,0.62
24.43,82.4,6.0,1018.0,0.0
23.02,54.1,10.0,1000.8,2.53
26.19,52.0,7.7,1002.0,0.0
24.74,85.4,1.47,1002.4,1.75
32.15,30.9,0.89,1006.8,0.98
31.15,66.6,6.37,1003.0,2.34
32.44,30.0,1.84,1006.6,0.0
37.44,69.8,12.18,1001.0,8.43
41.97,83.4,6.23,1014.3,0.0
28.93,73.0,5.02,1000.4,69.57
36.25,84.9,2.76,1000.0,0.61
25.36,100.0,4.65,1012.2,0.0
36.89,65.4,1.87,1013.8,3.2
35.96,100.0,3.91,1006.2,0.0
35.56,71.8,6.92,1015.0,1.59
28.71,85.1,2.71,1014.4,8.8
22.99,57.0,3.3,1023.2,0.0
17.54,97.1,0.65,1013.9,0.0
27.7,86.8,3.55,1021.7,7.61
39.5,94.5,4.27,1008.5,0.0
25.68,69.0,5.85,1019.2,0.0
33.89,45.4,8.98,1019.4,0.0
34.33,76.3,2.83,1006.9,0.0
25.87,37.5,1.16,1002.5,1.98
37.87,61.9,3.07,1003.9,4.09
10.0,71.4,6.03,1011.3,2.95
18.83,100.0,0.5,998.8,3.73
21.13,73.7,1.5,1004.4,2.03
21.85,70.5,1.76,1017.6,1.8
30.52,66.9,1.92,1013.3,2.56
30.18,43.8,2.19,989.2,0.0
30.95,69.5,2.25,997.3,0.0
32.47,69.9,4.72,1025.3,7.2
20.87,50.6,5.79,1017.4,0.0
18.86,46.6,9.58,1003.3,0.0
30.97,59.3,4.96,996.1,0.0
23.27,69.2,0.95,998.0,0.0
16.22,59.8,2.99,1012.1,2.72
35.29,49.1,5.52,1023.8,0.0
38.46,73.2,2.91,1023.3,5.38
39.68,77.7,1.28,995.4,3.66
29.4,70.2,7.1,1005.6,108.52
32.69,57.9,4.18,1001.1,0.0
38.27,78.7,6.87,1009.1,0.0
23.19,64.6,4.9,997.4,8.96
36.33,46.6,5.05,1003.6,7.63
30.07,86.7,3.28,1001.1,0.0
34.85,74.4,2.62,1012.2,1.58
29.4,65.9,1.73,1003.9,0.0
37.72,39.7,4.7,1005.0,2.94
29.68,54.6,2.01,1012.1,0.0
16.87,100.0,1.34,1021.1,0.0
38.89,40.8,1.05,1024.9,2.17
20.89,63.5,5.16,1011.6,0.0
37.4,67.7,1.11,1007.3,0.0
27.32,73.8,5.42,1018.5,0.0
36.82,41.1,6.03,1017.3,20.4
36.51,71.1,4.77,1015.1,0.0
31.23,37.7,0.97,995.4,0.0
31.81,69.8,5.64,1017.7,1.1
31.17,56.3,3.65,1010.9,0.0
12.9,52.4,2.18,1000.9,0.0
28.89,83.0,1.81,1002.6,0.0
19.63,63.8,3.04,1012.7,1.95
29.28,76.5,5.61,987.9,0.0
19.43,77.1,3.82,1007.0,2.87
19.11,90.9,5.3,1002.8,0.0
40.04,46.3,2.48,1001.9,0.0
36.02,84.5,2.87,1004.3,0.37
27.97,68.3,1.81,996.2,1.27
29.39,61.2,2.36,1016.4,0.0
26.14,47.3,6.1,991.0,0.68
32.27,78.9,2.49,1009.4,1.48
22.93,51.4,3.0,1001.2,0.0
35.45,77.3,4.02,1023.9,1.43
26.1,100.0,2.97,1008.2,4.56
24.85,85.6,9.35,991.0,1.64
28.16,93.0,2.43,1012.4,0.0
23.57,55.1,1.93,999.3,9.18
30.47,81.7,3.85,1015.9,0.0
23.97,47.4,6.0,1012.9,0.0
31.51,63.8,2.83,1019.8,0.0
37.12,99.3,3.26,1009.5,0.0
22.61,57.1,0.61,1014.6,0.44
27.02,88.0,1.61,1008.3,0.0
31.46,86.3,5.71,1003.3,135.48
24.73,87.3,1.05,1016.5,0.0
31.48,45.2,0.51,998.2,0.95
32.17,77.5,4.26,1007.7,5.56
36.12,65.2,1.05,1003.5,0.0
23.46,87.6,6.5,1014.7,0.0
20.93,38.2,6.17,1000.4,0.44
25.69,74.6,3.09,1004.7,1.87
20.74,72.1,2.06,1008.4,0.0
32.23,32.2,6.28,1019.9,0.0
19.29,52.1,2.89,1003.7,0.0
45.0,35.1,8.37,1004.8,0.0
37.72,54.9,0.82,997.2,0.0
28.09,77.9,1.74,1000.1,5.42
34.51,71.5,1.24,1011.3,6.77
15.72,71.0,0.65,1008.3,1.28
45.0,49.3,4.18,1008.4,0.0
23.57,88.2,5.03,1021.9,4.45
27.1,67.7,10.66,994.6,0.67
14.08,68.6,2.39,1026.5,1.73
31.65,84.9,2.48,1017.4,5.72
19.7,50.2,4.32,1005.4,0.0
28.76,72.1,3.3,1011.1,0.0
23.92,75.6,2.11,1002.5,0.0
19.92,58.2,6.86,1010.6,0.0
21.97,79.7,2.8,1025.2,85.79
29.69,76.6,0.57,1002.8,0.05
18.39,66.2,2.61,1006.1,0.0
22.38,65.6,5.51,1001.9,3.64
32.97,77.4,5.78,1003.2,0.0
45.0,82.2,6.67,1004.8,0.0
31.58,69.1,3.9,999.2,6.54
21.12,88.2,3.26,1005.9,10.05
25.25,79.9,9.71,1008.4,0.0
28.24,35.8,3.91,1004.8,1.52
25.38,42.7,4.81,989.6,0.0
34.77,89.3,7.04,1006.8,0.0
29.63,63.6,1.25,1007.6,0.0
34.81,71.0,4.02,1023.2,8.39
25.64,88.5,2.27,1008.2,0.0
37.94,67.9,2.36,1015.5,0.69
26.75,68.7,0.62,1004.6,0.76
20.72,52.4,3.48,1018.4,4.48
44.33,74.7,1.84,1000.4,4.64
14.31,78.6,1.56,1012.0,0.0
22.46,57.6,1.98,1014.7,0.0
23.3,51.4,2.3,1013.5,2.5
45.0,100.0,5.9,1025.3,0.0
41.55,66.3,4.88,1003.3,0.0
39.2,55.7,7.1,1019.3,0.0
25.52,80.7,1.85,1017.2,0.0
45.0,67.1,6.39,1008.4,9.1
30.76,48.5,4.84,1022.7,0.0
35.33,76.7,3.55,1006.8,0.0
29.35,52.6,1.6,1008.2,0.0
27.63,96.4,5.65,1008.0,0.0
26.11,76.9,3.25,997.8,2.01
26.43,63.0,6.55,1014.1,0.0
32.56,70.0,1.39,1012.8,0.0
30.75,84.3,7.23,1007.2,1.73
27.76,71.3,6.29,1022.1,0.26
39.32,100.0,5.12,1004.5,0.09
10.0,88.4,7.43,994.2,0.95
31.82,76.8,6.67,1023.2,0.0
33.38,51.1,6.39,1016.1,3.37
36.6,65.4,1.93,1013.0,1.89
27.51,76.6,2.97,1005.3,0.0
29.56,53.2,3.97,1010.7,0.0
35.39,91.3,3.55,997.9,0.0
39.18,50.5,4.03,1006.2,0.0
25.75,56.5,3.77,1000.8,0.0
30.0,57.9,6.46,1010.1,0.0
40.59,81.4,2.39,1015.4,0.32
12.07,53.5,2.63,999.6,1.13
22.82,35.6,1.45,1013.8,0.0
38.99,87.6,7.18,1009.6,0.0
36.19,60.0,4.17,1013.5,14.13
31.92,48.8,4.59,1006.1,3.01
24.64,54.4,5.04,1013.6,0.6
21.39,98.9,6.7,1002.4,0.0
23.57,56.2,0.68,994.5,3.09
39.61,65.8,13.35,996.4,0.0
23.29,60.0,2.47,1004.0,2.33
28.76,45.8,3.78,995.1,7.74
22.35,54.6,12.29,1020.4,0.0
34.32,44.6,1.37,1007.3,0.23
23.96,85.2,4.55,1015.4,95.22
27.27,69.8,5.21,1014.3,0.0
15.37,100.0,4.91,1008.1,0.0
15.9,55.2,3.83,1030.0,0.0
28.06,52.5,2.37,1030.0,0.0
18.06,95.6,8.48,1019.1,0.0
43.79,87.0,3.44,1000.8,0.0
12.54,74.9,1.44,1019.5,0.0
22.0,48.0,0.72,994.0,0.43
28.13,99.4,4.62,1019.2,0.0
25.26,66.7,3.35,987.6,0.0
19.72,60.2,5.19,1005.4,0.29
20.82,88.6,1.59,1017.7,0.0
20.57,67.6,3.56,1011.1,0.0
25.85,47.0,3.09,996.2,0.0
42.64,68.7,7.22,1009.4,2.99
28.58,53.9,2.18,1011.1,1.19
36.87,30.0,0.74,1009.6,0.29
31.8,52.1,9.92,1004.7,3.28
36.35,58.5,0.5,1014.8,0.0
10.0,47.2,4.08,1017.2,4.19
25.72,78.4,5.38,1006.8,0.0
37.8,54.0,4.21,1020.2,0.0
23.71,76.6,1.57,1006.7,0.83
41.22,45.8,2.58,1004.1,0.0
39.13,84.4,3.11,1018.9,0.0
24.48,45.0,3.39,1018.6,0.0
24.23,30.0,1.5,1003.0,1.75
20.4,90.3,5.4,1001.9,61.36
23.28,52.6,3.44,1022.1,4.02
18.76,99.6,10.15,1007.2,1.0
31.22,78.2,2.54,1008.0,0.0
17.08,82.2,0.5,1006.0,0.0
32.53,86.8,2.03,1018.6,0.0
32.71,70.0,0.5,1025.2,0.0
15.54,70.2,7.47,1008.6,1.01
39.62,91.1,3.45,1027.3,1.55
31.85,70.0,3.03,1003.6,2.82
33.62,54.9,7.4,1005.7,0.0
22.31,78.5,3.55,1013.4,9.85
32.67,30.0,5.23,1001.5,0.0
36.45,91.8,4.96,1013.3,0.0
27.26,92.1,5.43,1003.9,4.57
43.01,89.6,10.04,995.6,0.93
28.33,88.9,3.16,994.1,0.02
36.56,66.5,9.98,1005.4,3.65
30.2,66.1,0.7,1011.3,11.7
32.39,45.9,4.31,997.1,3.76
15.47,99.5,4.01,1009.4,0.0
30.78,59.3,3.97,1009.5,0.0
22.49,74.1,3.86,1006.7,0.0
21.65,72.6,5.52,1000.6,3.36
41.08,43.9,2.41,1009.9,2.52
26.4,36.6,1.93,1006.9,4.64
20.48,68.1,2.52,1015.9,11.2
25.31,59.8,6.06,997.7,1.64
18.25,66.4,1.83,1008.9,0.0
38.75,87.2,6.29,997.8,6.74
22.78,72.0,5.64,1006.1,7.39
31.97,81.7,1.38,999.2,6.06
38.17,76.0,7.09,1000.7,2.88
24.25,62.3,4.18,1008.0,0.0
31.99,50.0,10.12,1003.5,0.65
20.27,72.8,0.94,1019.7,0.79
45.0,69.5,5.43,1017.4,0.0
35.02,84.5,5.34,1014.4,0.0
26.56,65.3,8.5,1014.3,0.0
22.2,62.6,3.29,1009.0,0.0
27.15,63.9,7.04,1018.4,10.47
25.45,51.5,12.66,1005.6,0.96
42.65,94.0,1.99,1025.0,0.0
18.81,88.5,2.35,1000.5,0.0
29.01,46.2,2.63,999.0,0.0
27.86,82.5,3.18,996.8,0.0
27.12,34.8,1.69,998.2,5.02
27.19,85.7,2.51,995.0,6.74
27.13,55.5,3.85,1009.7,4.02
34.55,74.5,7.77,1014.8,0.0
32.57,33.3,4.14,1008.3,3.39
31.14,46.4,1.39,996.9,1.82
10.0,76.4,8.86,1004.2,3.41
30.25,55.4,6.04,1014.7,0.0
15.58,52.9,7.16,1005.3,0.0
32.85,93.1,3.23,1001.6,1.28
39.06,100.0,4.24,995.9,0.0
21.05,84.9,6.86,1004.6,0.0
26.04,48.3,4.02,1002.4,0.0
23.5,99.7,5.55,1007.3,2.41
37.27,39.9,1.43,1011.8,4.88
28.71,62.5,1.65,1005.7,5.67
40.96,69.0,7.26,1009.5,3.92
31.1,100.0,10.81,1011.8,0.0
29.82,84.4,1.56,998.2,0.0
28.51,59.7,1.67,1023.1,13.29
34.13,51.0,4.47,1002.1,3.26
14.97,86.0,4.47,1012.1,4.69
28.64,58.4,4.81,998.9,0.0
27.47,71.9,2.42,1008.9,115.4
33.44,43.3,4.09,1009.2,0.12
26.59,78.2,6.58,1021.3,0.0
20.21,76.8,3.73,1006.1,0.87
28.06,45.7,5.76,1018.4,0.24
19.88,86.6,6.32,1010.3,0.0
13.56,78.0,6.57,1022.8,0.0
33.45,81.3,1.63,993.8,0.0
32.34,61.2,5.72,1011.9,0.0
31.5,71.2,1.24,986.6,2.5
37.77,69.1,5.78,1007.5,0.0
23.01,65.3,5.77,1016.2,0.0
17.27,71.1,14.93,1019.6,0.06
27.47,90.6,3.55,1013.9,0.0
25.39,87.3,3.23,1005.7,8.78
21.68,46.7,1.77,1012.4,0.0
27.4,85.7,1.49,1028.1,2.11
23.41,89.4,4.86,1008.6,98.9
14.23,65.3,4.31,1015.7,0.0
24.69,77.2,2.24,1004.6,133.4
19.48,76.9,5.86,1016.6,0.0
29.74,52.7,2.86,1015.2,0.0
23.08,61.1,2.99,1003.1,0.2
36.34,81.5,5.56,1014.2,0.0
40.03,59.1,0.9,1014.6,0.0
33.1,85.6,6.83,1013.9,3.61
16.37,91.5,0.5,1007.7,0.0
39.29,88.6,0.89,1017.8,0.0
39.82,100.0,2.79,1000.5,0.0
28.14,66.4,0.59,1008.1,0.0
37.92,71.2,1.21,1008.9,0.0
23.86,73.8,2.46,1017.4,0.0
14.0,66.9,1.04,1000.3,0.0
22.3,77.8,2.78,1009.9,0.0
40.97,37.2,3.8,1004.1,0.0
16.82,71.7,4.68,1008.9,0.0
28.0,43.2,3.14,1011.1,0.0
28.26,50.7,0.5,997.8,4.54
24.15,81.2,4.41,1018.1,0.0
24.67,64.4,7.36,1011.4,0.0
28.54,80.6,2.31,1001.1,2.09
23.78,64.0,5.66,1005.3,0.0
17.33,87.9,1.89,1020.0,0.42
29.61,63.7,3.7,1011.3,0.18
36.05,32.8,5.46,1000.3,0.0
34.52,72.1,1.9,1001.7,2.92
21.93,30.0,3.43,1013.0,3.73
18.62,41.9,4.27,1014.0,7.62
25.87,52.1,3.6,1010.9,0.0
39.76,49.9,3.13,1005.7,0.0
32.84,58.2,2.27,1014.5,0.0
33.28,49.2,8.47,1005.5,2.17
34.67,42.7,8.96,1001.2,4.89
31.16,95.8,5.44,1020.7,4.41
28.9,55.8,1.86,1011.9,0.0
32.97,30.0,4.49,1001.7,0.0
23.9,61.5,3.76,1009.1,0.0
17.39,47.8,1.68,1008.2,0.0
33.42,52.1,0.95,1005.2,0.99
37.28,80.8,2.07,1009.9,1.51
19.61,59.9,2.04,1000.6,0.0
34.16,47.3,5.57,1015.0,4.8
40.61,76.0,5.05,1008.0,0.0
27.98,88.7,15.0,995.1,0.0
21.86,77.7,6.39,1006.2,3.14
28.92,30.0,4.56,1003.1,0.0
23.87,47.9,2.82,984.1,6.01
23.37,68.9,4.01,1006.8,0.0
31.25,63.6,0.99,1016.3,0.0
15.97,62.1,0.89,1007.1,0.0
17.17,50.3,5.19,1013.7,0.0
28.14,42.7,2.25,1008.1,0.0
27.83,100.0,5.01,1004.3,0.0
30.58,68.5,4.5,1002.1,0.0
42.06,79.6,2.64,997.7,0.0
28.78,68.1,7.73,1015.4,1.24
32.49,68.8,0.72,1013.8,6.05
20.68,66.9,0.54,1005.8,0.0
33.76,47.8,1.88,991.8,5.31
24.05,40.7,7.29,1011.8,2.6
28.54,75.0,1.95,1000.8,0.0
27.18,71.4,2.92,1009.2,0.0
35.75,84.9,2.27,995.7,0.0
18.18,81.2,6.23,1008.7,9.67
10.88,53.4,5.47,1006.9,0.0
26.4,88.4,2.86,988.7,0.0
31.51,81.8,1.85,1020.9,1.43
29.14,80.4,1.71,1005.4,3.77
37.24,100.0,1.37,1005.9,0.0
31.28,100.0,1.4,1012.3,0.0
23.77,80.4,8.47,1007.6,0.79
10.56,78.2,8.4,1010.9,0.0
26.22,87.5,3.56,998.8,0.0
35.71,57.5,0.58,1006.9,0.0
25.06,57.7,6.72,992.7,0.4
28.21,80.1,9.81,1006.1,2.88
31.16,52.6,2.08,1019.6,2.59
20.39,78.7,2.76,996.0,0.0
32.67,70.8,8.89,1005.2,0.0
40.28,52.6,1.03,991.0,0.0
26.7,68.5,7.73,1008.1,0.0
19.53,91.5,13.85,1011.7,0.0
27.5,69.5,6.46,1011.1,0.0
11.32,69.6,4.66,1003.2,0.45
30.53,73.9,3.24,990.8,1.37
31.39,76.3,2.72,998.1,0.0
40.57,62.0,4.92,1018.1,0.14
26.55,74.3,8.55,1015.0,0.0
31.06,49.1,15.0,1007.3,0.02
21.54,53.6,1.47,1009.3,0.0
25.33,55.9,6.22,999.8,1.75
16.56,76.5,3.12,1018.3,0.0
26.54,70.9,5.45,1002.2,0.0
25.71,65.6,1.1,1011.5,0.78
30.24,80.4,10.56,997.4,4.23
23.32,74.8,1.58,1006.6,1.52
28.63,62.8,2.71,1018.0,0.0
25.5,49.4,6.12,1000.4,1.42
25.51,53.2,1.11,1014.0,1.3
28.6,41.6,2.64,999.4,0.0
28.3,70.5,3.03,1000.8,0.0
33.71,52.5,0.5,1007.9,0.0
27.1,59.1,1.46,1015.8,0.79
25.38,65.7,2.91,1005.6,4.17
26.64,86.8,2.06,1012.9,7.85
22.64,84.7,6.5,1017.2,0.0
25.3,67.0,4.19,1001.8,7.42
43.23,90.8,0.58,995.8,0.0
21.15,31.8,1.89,1005.2,0.0
25.91,100.0,1.17,1018.2,5.5
25.09,80.5,1.79,1001.5,1.86
26.15,69.9,4.23,1016.1,0.0
25.52,52.0,8.48,1005.9,0.0
30.09,60.1,1.73,1022.0,0.65
15.17,79.0,5.85,1026.0,0.0
35.78,79.4,1.62,1016.3,0.0
32.74,80.0,0.5,994.8,0.0
18.68,54.9,2.93,988.8,0.0
10.98,51.3,2.99,1008.5,0.0
20.67,71.5,1.16,1015.3,2.27
26.18,81.9,1.93,1012.0,0.0
45.0,68.1,3.62,1002.2,2.1
32.07,94.7,7.24,996.1,0.0
14.44,68.6,2.81,1015.4,0.0
22.83,68.0,6.83,1022.9,1.6
27.6,80.1,1.91,1002.6,0.0
29.9,89.9,3.44,1014.6,9.13
18.14,43.7,4.32,1028.8,12.58
26.99,47.9,3.31,1006.5,0.0
22.62,62.4,3.06,1006.6,0.0
19.72,100.0,6.56,1012.5,0.0
29.95,63.3,4.33,1005.7,0.0
33.8,65.8,6.97,1018.7,0.0
34.31,79.1,3.65,1004.8,0.0
32.31,85.6,2.12,1007.8,2.48
24.27,71.1,0.5,996.5,1.76
33.36,89.0,0.72,1006.1,4.79
30.32,46.5,5.87,999.9,0.58
29.0,54.2,4.01,1010.8,4.63
23.41,88.9,1.98,994.7,6.59
24.27,68.2,5.75,1015.8,0.0
28.55,45.3,6.62,1001.0,0.0
45.0,44.2,3.23,1022.3,0.0
30.26,53.4,2.48,1019.0,0.0
23.42,68.0,5.37,1012.3,0.0
21.76,76.4,4.14,995.7,0.0
24.31,62.1,2.25,1003.0,2.7
44.33,74.9,4.19,1000.8,0.0
25.01,60.1,3.56,1001.8,0.57
34.8,90.0,0.5,1020.6,64.06
25.18,100.0,5.48,1006.8,0.0
29.96,60.9,9.29,1002.7,0.0
33.94,76.6,4.37,1002.0,5.6
23.71,75.2,4.3,1003.7,0.0
23.19,70.5,3.22,1012.3,0.05
40.44,79.8,1.69,995.0,5.58
35.38,76.6,1.65,1008.8,0.0
33.93,59.5,2.68,1011.4,0.11
33.9,91.7,1.82,994.1,0.89
31.45,71.6,3.25,996.7,0.0
43.13,61.1,0.5,1007.6,0.0
28.33,100.0,2.06,1019.5,0.0
32.33,65.9,1.22,1017.6,4.11
17.12,72.6,6.73,1003.1,5.25
21.81,71.2,10.49,1019.3,0.0
18.99,65.7,0.83,1005.4,0.0
37.56,76.1,8.16,1005.4,9.53
10.0,52.8,3.02,1008.8,0.0
24.98,78.7,5.24,1014.7,0.0
10.0,36.3,3.73,1003.1,5.12
21.77,44.6,9.8,1004.8,0.0
24.32,100.0,1.84,998.0,0.0
38.39,45.4,5.28,1010.8,2.07
30.97,32.7,4.16,1015.5,0.0
21.75,45.8,4.81,1016.0,0.0
35.99,99.3,7.47,997.1,0.0
28.13,35.7,4.82,1004.9,0.0
28.28,50.8,1.86,1018.0,0.0
18.98,41.8,4.62,1009.9,0.0
20.57,63.1,2.57,1008.3,0.0
21.81,60.2,6.16,1008.1,1.26
28.35,59.3,4.23,1012.3,0.0
28.58,100.0,0.93,1010.3,2.88
39.58,46.4,1.04,1003.4,2.88
30.89,66.2,5.03,1015.0,7.16
10.0,74.1,7.8,998.4,0.0
29.97,50.4,5.78,1018.6,0.0
17.12,76.8,2.45,1000.8,0.92
20.76,60.8,7.14,1012.4,0.38
21.91,74.7,2.37,1006.7,1.26
23.02,66.1,2.19,1004.2,5.72
17.69,31.1,5.24,1018.9,0.0
29.53,91.5,0.87,1013.9,136.72
17.42,100.0,8.63,1007.5,4.13
30.68,64.8,2.71,1022.0,0.35
44.78,51.8,6.69,1015.8,0.0
18.03,95.1,9.5,1001.6,0.12
25.87,100.0,2.01,989.9,0.0
10.0,65.0,8.38,1008.9,0.0
25.74,64.1,1.49,1019.1,0.0
32.82,66.6,2.05,1012.9,0.0
33.4,37.9,2.05,1020.6,0.0
28.58,62.8,4.88,1003.2,3.56
34.67,98.9,1.96,1007.1,0.0
45.0,65.0,1.22,1007.3,1.42
40.84,49.3,2.79,1009.9,1.6
24.08,76.9,2.04,1014.1,0.35
17.12,56.0,8.95,1021.1,0.0
24.95,66.8,2.45,1022.7,0.0
20.9,45.2,5.68,1021.3,0.52
31.39,49.3,1.05,1013.4,0.0
19.14,81.3,3.08,1005.3,6.49
27.45,70.1,9.1,1009.8,0.87
34.29,54.0,5.74,1013.2,0.6
27.24,70.2,13.09,1009.1,0.0
20.9,57.1,2.02,1000.7,0.0
36.81,53.9,6.17,1004.3,0.0
13.91,89.0,0.5,1014.9,0.73
25.54,82.1,6.24,1006.0,5.42
27.69,67.6,3.17,1008.2,12.68
28.12,70.6,1.9,1007.4,1.27
29.35,67.8,1.32,1000.9,0.0
32.58,76.8,3.48,1006.6,0.8
27.73,53.6,10.55,1004.3,3.1
25.24,83.5,3.13,1002.5,1.39
24.94,74.4,3.14,999.5,0.0
23.41,63.3,2.87,1007.2,3.86
33.91,59.2,1.72,1012.9,4.43
23.15,83.1,8.96,1017.0,8.17
34.35,65.3,6.61,996.8,0.41
28.14,55.4,3.55,1020.9,1.13
24.09,61.1,0.61,1010.3,0.65
32.64,81.8,3.64,999.0,0.0
22.54,39.0,2.5,1004.8,0.0
32.79,61.6,1.56,993.0,1.43
29.6,87.3,3.35,995.0,0.0
23.53,65.0,1.86,1021.8,5.01
31.96,72.9,3.29,1002.4,94.9
32.1,87.6,2.88,1012.3,0.0
36.68,84.1,1.3,1007.1,0.0
35.25,60.1,5.36,1008.1,0.0
31.68,65.7,5.39,1010.9,0.0
19.54,84.3,0.5,991.3,0.0
45.0,84.9,3.85,1018.5,0.0
17.47,66.4,1.3,1007.2,0.0
35.12,67.0,3.17,1004.0,0.41
31.23,72.8,7.27,1011.7,2.18
19.19,92.6,0.5,1002.2,0.0
27.07,87.2,6.81,1009.7,0.0
27.41,80.5,0.5,1006.7,0.0
37.79,48.6,3.62,1013.7,0.0
22.65,63.1,2.1,1006.3,1.96
26.04,64.0,2.54,999.8,9.53
10.48,93.5,1.8,1010.9,0.0
41.01,63.7,4.31,1005.8,0.0
19.97,90.6,7.66,993.4,7.55
30.45,57.7,2.21,1009.6,0.0
27.24,59.2,2.45,1003.7,0.0
27.26,76.7,1.12,1010.8,0.0
34.07,96.2,1.97,1001.2,3.83
40.53,64.2,5.55,998.3,0.0
29.89,30.0,4.87,1017.4,0.0
32.91,39.8,2.76,1014.7,10.71
30.47,73.4,3.1,1007.9,4.15
35.63,41.5,8.37,1011.5,1.33
24.53,52.4,7.33,1014.5,1.03
36.07,68.2,1.51,1007.9,0.0
36.33,30.0,8.44,998.3,0.0
36.12,61.2,3.13,1010.4,0.0
23.05,47.0,4.88,1016.0,2.0
26.74,41.0,9.76,1012.7,0.0
29.8,53.6,11.43,1008.5,0.93
17.72,48.8,3.68,1012.5,9.19
39.96,76.5,6.54,1006.2,0.0
27.91,89.5,2.2,1016.4,3.18
30.13,61.4,6.89,1018.8,3.9
23.67,57.3,3.36,997.6,1.28
18.05,60.5,5.56,1016.9,1.04
23.47,48.1,3.38,1025.9,0.0
29.64,44.8,1.17,1012.2,1.82
33.05,38.4,0.94,1015.9,0.0
29.21,44.1,2.62,1002.8,0.0
30.6,97.4,4.49,1004.0,0.0
25.47,55.6,2.45,1006.3,1.38
31.72,30.0,1.98,1004.8,0.0
39.12,57.4,4.23,997.5,4.56
33.29,39.4,0.5,1006.6,0.0
34.07,69.1,4.73,1014.7,2.21
30.21,67.1,6.6,997.6,4.4
16.73,69.0,5.44,1009.4,0.0
20.17,67.3,6.83,1009.2,1.81
31.41,61.3,0.86,1005.6,0.08
27.92,41.8,3.81,1012.0,0.0
31.3,66.7,4.87,1011.2,0.43
40.57,86.3,4.8,1005.0,0.0
33.45,100.0,3.78,1016.5,0.0
37.44,63.7,8.05,1012.5,0.0
28.71,65.7,10.25,1020.6,0.0
21.95,77.0,4.33,1007.5,0.0
27.57,94.9,3.26,1005.4,2.02
21.96,59.2,5.3,1006.3,0.21
39.69,80.5,4.04,1017.4,0.0
33.93,53.2,6.95,1006.8,0.53
31.9,73.9,4.42,1007.3,3.02
37.27,85.5,3.24,1023.7,0.0
12.85,44.8,5.75,997.2,2.94
32.41,58.5,3.32,1010.9,0.89
18.17,85.2,0.93,1007.5,0.98
27.95,79.1,5.51,1006.0,0.0
25.66,86.6,8.15,1000.4,0.59
32.96,83.3,3.82,1002.7,1.98
29.71,61.9,7.05,1004.7,0.0
38.09,100.0,2.73,1012.0,5.7
23.49,70.5,7.75,1014.8,145.72
33.32,30.0,2.19,993.8,0.0
29.22,62.9,4.44,998.4,0.0
15.74,59.6,1.57,1012.4,2.14
21.11,82.3,4.35,1013.1,0.0
26.88,59.9,3.45,996.3,5.3
36.34,87.8,0.5,1015.0,0.0
31.48,78.0,4.93,1007.9,3.11
19.24,50.0,2.36,1014.0,1.43
26.95,65.5,1.9,1001.2,1.23
43.13,54.0,6.35,996.9,0.0
28.83,71.3,2.89,1005.5,0.0
25.55,53.9,2.27,1005.9,0.0
31.69,69.3,4.64,1005.4,0.0
33.73,63.1,3.18,1004.9,0.0
24.58,65.3,2.65,1021.5,1.97
31.77,100.0,0.72,994.4,0.0
25.53,61.5,1.31,1001.2,0.0
33.39,33.2,1.95,1004.7,0.0
29.27,86.3,2.5,1008.2,0.0
31.61,86.1,0.83,1013.7,1.62
22.31,32.4,3.43,1014.9,0.0
21.84,55.4,6.58,1016.6,3.63
35.09,75.8,2.64,1011.9,0.0
27.4,77.4,2.53,994.2,5.22
30.14,67.9,3.65,994.7,0.0
25.7,68.3,7.85,1017.2,0.81
34.74,51.1,4.5,1016.7,1.03
23.44,30.0,2.84,1013.1,0.0
26.98,100.0,3.45,1001.4,0.0
33.89,50.6,11.71,1005.4,0.0
36.8,71.2,3.56,1004.8,9.32
24.07,65.1,14.23,999.8,0.04
42.7,84.1,1.9,1010.1,0.0
30.35,70.1,2.86,1025.2,1.74
20.18,70.8,4.67,1004.0,0.0
30.77,30.0,2.21,1018.4,0.0
25.13,53.0,4.48,1000.9,9.23
31.26,81.4,2.75,995.7,0.0
27.68,79.8,9.31,1015.9,0.0
28.56,50.9,4.88,1006.2,0.0
21.16,39.6,2.08,1018.2,13.33
35.43,70.3,9.32,1019.8,3.13
19.33,30.0,4.63,1005.8,0.0
19.68,47.3,3.88,1018.7,0.0
30.76,99.7,12.72,1001.0,0.0
40.02,94.0,15.0,1000.9,0.0
25.36,76.8,9.41,1016.6,7.29
33.26,73.5,2.33,995.6,0.0
36.05,32.9,2.26,1008.0,1.11
34.11,54.7,1.09,1018.0,0.51
25.67,62.7,2.7,1018.5,0.0
19.82,55.1,2.88,1004.5,0.0
11.44,61.7,4.75,1016.1,0.0
26.03,91.4,1.11,999.0,0.12
36.84,58.2,4.27,1002.7,0.0
19.57,61.9,1.72,1009.8,0.0
33.25,81.3,2.83,1011.0,0.0
20.87,42.4,1.55,999.6,0.0
28.8,52.9,1.66,1022.9,9.84
33.31,54.7,2.22,993.0,0.0
23.05,69.0,0.69,1008.4,0.0
29.28,61.8,2.58,1009.6,3.69
24.89,62.4,3.46,994.0,0.57
33.29,56.0,2.79,1018.6,2.77
29.76,48.7,10.65,1002.1,0.0
28.42,79.0,3.2,1008.8,0.0
39.69,61.9,2.75,1010.6,0.0
32.97,79.1,0.83,996.4,1.6
22.82,48.0,5.02,999.4,0.0
27.36,56.0,3.76,1020.5,0.65
27.43,64.0,8.67,1007.5,9.32
28.6,65.7,5.89,986.4,0.0
45.0,81.6,1.07,1005.6,0.0
30.78,60.3,1.12,1007.7,0.0
12.73,81.4,6.43,1009.8,1.87
23.93,74.7,1.38,992.0,1.64
13.51,66.1,3.25,1007.8,0.0
25.53,50.9,1.28,1001.3,6.87
13.1,81.6,2.76,1009.8,6.53
21.46,51.3,6.15,1012.1,0.0
16.59,67.6,6.57,1011.2,0.42
30.88,67.0,4.93,1019.2,2.09
28.0,64.3,3.0,1025.5,0.0
30.27,61.0,3.21,998.9,4.83
27.22,53.2,6.23,1004.9,0.01
17.54,38.9,0.59,1013.9,0.0
31.85,93.3,1.55,1007.0,0.0
42.42,59.1,3.38,986.2,7.23
31.07,65.7,4.05,1006.5,26.69
24.81,65.6,7.81,1017.9,0.55
17.29,87.7,2.36,996.8,0.0
21.19,100.0,8.48,1009.8,0.0
31.4,70.9,5.85,992.7,0.0
36.05,65.2,2.59,1015.0,0.0
29.96,47.8,1.5,1009.9,1.21
34.0,42.0,1.1,1003.5,0.0
33.31,36.1,5.26,1004.7,0.0
31.8,53.7,5.83,996.0,0.24
23.06,30.4,2.08,1016.1,0.0
29.3,87.4,2.12,1001.6,8.06
21.64,75.6,5.73,1012.0,6.69
28.13,63.5,2.39,1000.3,0.0
30.48,88.0,2.01,1025.6,0.0
40.59,48.7,7.51,1020.5,0.0
18.18,53.2,1.1,1024.6,0.0
31.61,33.2,0.89,1025.5,0.0
39.11,81.9,15.0,1002.9,5.14
33.69,53.4,0.5,1000.9,0.0
34.25,68.3,2.87,1024.2,3.66
32.41,86.0,7.66,1006.9,115.06
37.74,92.7,3.2,1014.7,1.24
19.84,67.5,0.69,1003.0,0.0
17.61,74.9,2.99,1003.2,0.0
27.95,51.7,3.98,1014.6,0.53
11.79,98.3,6.67,992.2,0.74
37.23,65.0,3.25,1014.3,0.0
37.16,69.4,0.69,1012.2,5.42
24.75,60.7,3.49,1003.8,0.0
25.22,89.6,2.08,1008.2,0.43
27.46,71.6,10.3,1009.4,0.0
28.39,81.7,3.95,1009.9,21.42
28.95,74.4,3.62,1013.5,0.0
32.19,64.0,4.08,1001.5,0.0
26.71,84.7,1.55,1029.6,0.0
35.07,74.2,2.71,1006.4,0.0
31.34,50.7,4.47,1007.0,0.0
23.45,50.2,6.33,1023.6,1.08
38.01,70.7,6.51,993.4,0.0
17.81,84.3,5.32,1023.5,5.94
27.31,97.5,8.71,1008.7,0.0
35.25,36.0,3.34,1003.8,0.0
22.58,68.5,4.39,999.0,6.82
30.32,76.8,3.27,997.8,0.0
32.08,73.3,4.86,1005.3,4.47
21.55,86.2,5.72,1010.2,3.69
27.46,79.8,1.21,1013.0,0.0
26.83,50.3,2.19,1010.1,7.67
23.86,49.7,4.21,1003.9,1.59
45.0,73.6,1.63,1018.7,0.0
22.28,85.8,1.62,1029.4,0.0
35.54,70.6,2.01,1020.0,0.0
25.05,39.6,1.14,1005.1,0.12
19.85,49.2,1.3,1012.0,1.18
28.77,80.4,1.59,1012.5,0.0
32.87,61.7,1.59,1020.8,5.49
34.9,70.1,1.17,1005.3,0.0
39.72,87.2,4.59,1000.3,0.0
45.0,46.4,3.89,1017.1,0.0
29.88,60.5,7.1,1011.3,0.0
23.03,58.6,2.21,999.1,0.0
31.4,74.4,1.23,1013.6,0.76
26.0,81.9,1.67,1022.7,125.1
34.94,41.4,6.9,1002.4,0.75
18.27,67.9,6.88,1000.9,0.0
45.0,83.6,4.82,1008.2,1.28
34.42,34.6,1.71,1013.4,0.0
15.37,66.8,2.3,1007.4,0.83
22.68,46.1,3.94,1017.1,11.39
34.12,56.5,2.9,1010.1,3.84
36.82,30.0,4.74,1016.1,1.01
18.46,93.1,7.03,1002.2,0.94
33.35,61.6,5.27,998.2,0.6
13.39,53.5,2.93,1005.3,0.0
27.33,73.9,9.91,997.2,2.29
36.34,49.2,7.49,1011.3,0.0
23.86,47.5,0.5,991.9,0.0
16.7,95.2,1.24,1004.4,2.4
29.1,100.0,1.69,1005.7,0.0
23.46,57.3,2.73,999.6,14.18
32.72,87.2,6.78,1005.5,0.0
21.36,74.4,1.65,1008.0,0.0
22.21,42.6,2.53,1018.2,3.05
12.84,51.3,4.46,999.7,0.0
29.27,95.9,2.7,1010.9,0.0
26.79,42.3,7.15,1012.4,0.0
19.09,100.0,3.78,1007.8,0.0
29.45,57.7,3.66,1004.0,0.0
35.7,96.5,3.06,998.9,0.0
26.38,62.5,1.56,1023.2,1.5
30.01,82.4,3.81,1008.6,0.0
30.05,93.1,1.14,1005.5,0.0
18.97,93.0,4.63,1025.0,6.48
43.42,57.5,7.09,1009.8,0.0
24.47,52.6,3.75,1028.3,0.0
32.92,66.5,4.39,996.7,13.98
33.77,44.6,2.54,1006.1,0.18
26.95,72.3,6.98,997.0,0.0
32.55,53.2,3.03,1007.0,0.0
29.84,87.5,4.64,1007.0,0.0
17.37,57.7,2.79,1004.3,2.8
25.51,36.6,4.21,1008.4,6.69
23.41,93.2,2.46,1004.7,0.0
24.54,71.3,5.0,1007.1,0.0
18.22,68.5,0.5,1002.0,3.33
36.45,87.7,5.02,1019.5,7.49
40.01,83.7,9.78,999.1,5.52
35.34,54.3,5.78,1009.7,0.0
37.53,59.9,3.19,998.5,5.23
25.42,48.0,2.88,1001.3,1.36
23.23,41.6,4.93,1002.2,0.0
22.16,78.4,2.1,1006.9,0.0
32.83,75.1,3.05,1009.4,0.14
29.7,81.7,1.59,999.1,0.99
27.42,91.1,6.19,1004.7,0.0
37.71,81.9,3.23,1000.1,0.0
31.04,83.5,3.98,999.7,0.0
21.71,30.6,1.47,1017.1,0.0
22.89,62.5,4.85,996.9,0.0
33.11,85.4,2.55,1008.6,0.0
35.81,47.0,3.65,1021.6,0.71
32.14,69.7,3.13,1017.6,0.0
42.23,77.4,7.31,1011.4,0.3
40.26,76.0,1.47,1007.9,2.11
31.31,74.6,9.19,1013.9,0.0
21.71,78.8,2.55,1011.0,0.0
18.18,71.3,0.98,1019.4,0.0
25.09,41.7,3.49,1006.9,0.0
33.65,77.1,3.31,1016.0,1.54
41.7,73.1,1.43,1005.4,0.0
31.13,41.9,15.0,1023.1,0.0
36.77,92.8,6.92,1006.7,0.0
26.16,77.6,7.34,995.0,0.0
32.67,43.2,7.09,1008.6,6.83
34.18,53.3,2.58,1014.1,0.0
13.15,57.8,12.99,1021.0,12.79
24.9,57.8,4.94,1000.0,2.37
35.12,73.3,3.71,994.0,4.53
30.06,50.4,2.06,1012.0,2.36
19.03,88.3,3.54,1011.7,0.65
10.0,86.8,2.96,996.7,0.0
25.26,79.1,4.59,1005.4,78.58
27.46,68.8,2.3,1005.7,0.0
21.37,84.9,6.86,1014.6,0.0
29.07,63.0,2.74,1004.7,0.0
31.8,55.0,3.34,1004.5,9.03
33.03,89.4,2.61,1008.9,0.0
10.33,73.7,3.92,997.0,2.46
18.14,55.7,5.26,1023.2,0.0
25.72,60.5,11.01,1015.5,0.0
32.29,54.7,2.8,1002.4,0.22
31.67,100.0,2.9,999.1,1.2
31.54,68.1,3.44,999.7,3.5
25.12,70.8,1.63,1012.7,0.0
25.54,81.0,0.81,999.9,0.0
22.54,46.1,1.85,1006.0,0.0
33.76,87.7,1.11,994.5,0.0
21.1,57.1,2.5,1012.3,0.0
34.38,100.0,3.15,1012.6,0.0
29.56,62.4,1.21,1006.5,0.51
27.66,86.7,3.06,1009.5,10.86
23.07,30.0,3.9,1014.4,0.0
17.83,46.8,5.44,1009.3,3.74
23.14,62.7,2.5,1014.2,0.0
25.52,31.4,1.91,998.7,0.0
10.23,78.8,1.61,1011.0,0.0
26.52,73.6,3.25,1009.5,0.31
34.93,50.2,4.47,1017.6,0.0
32.25,67.7,3.47,1008.2,0.0
24.28,82.5,2.8,1007.2,0.0
28.35,30.1,11.27,1003.5,7.4
23.83,45.1,4.25,1019.9,0.0
29.12,62.0,2.34,989.2,0.0
39.55,68.4,3.13,1012.1,11.12
35.26,66.9,1.01,1007.8,2.16
31.91,84.0,5.12,1006.5,3.87
24.3,76.6,2.53,1005.4,3.72
33.62,80.5,2.97,1007.6,0.42
15.35,43.0,4.73,1011.8,0.0
26.11,70.6,4.82,1001.6,0.41
32.38,62.5,5.72,1009.1,6.78
33.55,94.3,0.62,1010.8,9.22
33.02,71.1,2.47,1000.4,0.0
30.21,56.0,1.63,1012.0,0.0
26.53,83.3,4.55,1010.9,4.21
32.03,78.1,4.76,1001.6,0.18
20.85,53.2,2.48,998.5,0.62
21.66,61.7,6.19,1001.5,0.0
28.46,62.0,3.56,1009.1,0.77
29.3,90.1,8.73,1007.4,4.97
14.31,71.7,0.7,1019.2,0.0
31.41,81.1,3.39,1005.1,4.38
33.8,59.1,3.14,1000.9,0.56
27.42,74.0,1.79,1013.3,122.62
45.0,91.5,5.11,1000.2,1.59
22.88,61.5,6.09,1001.7,15.55
25.29,70.1,0.54,1001.8,0.0
25.04,43.5,6.3,984.0,0.0
27.43,54.2,9.22,1012.5,0.0
25.53,62.0,4.19,1015.5,0.0
17.45,48.9,1.47,1015.3,0.0
23.9,91.8,5.83,1023.1,0.46
27.27,52.9,1.45,1020.1,7.43
37.21,82.2,7.26,1005.3,2.8
44.52,71.4,1.13,1016.9,0.0
38.02,68.6,7.12,1007.2,5.76
22.18,94.8,0.98,1004.6,67.73
22.78,30.0,2.86,1002.0,2.37
26.81,64.5,5.41,1005.9,0.0
41.38,48.6,6.21,1010.6,1.88
26.76,32.7,6.0,1020.6,0.0
18.04,46.5,9.66,1013.8,3.49
24.24,68.3,5.82,1001.8,0.13
33.68,54.9,1.45,999.6,0.0
33.17,84.1,1.57,1012.5,0.0
26.5,64.2,4.09,1015.2,1.27
33.13,62.2,2.35,1017.8,1.48
10.95,62.2,5.75,1005.8,2.12
28.78,66.2,3.36,1011.8,0.0
34.46,60.5,5.27,1014.8,0.0
21.75,52.7,2.37,997.2,0.0
21.73,85.8,6.45,1010.2,1.37
14.0,56.8,3.23,1015.2,3.65
39.92,61.1,5.21,1012.1,0.0
22.6,75.7,4.29,1007.4,1.34
29.81,73.7,3.68,1028.9,0.0
32.53,51.9,1.98,1023.4,0.0
39.34,81.6,1.46,1008.1,0.0
26.85,77.7,9.26,1006.5,5.25
23.95,71.2,4.59,1013.6,0.43
29.3,60.2,2.37,1007.5,0.0
37.63,60.7,1.98,1018.2,0.0
26.72,64.4,2.56,997.9,0.0
20.84,45.8,3.48,1006.1,0.0
16.44,67.3,5.75,1013.5,0.0
18.84,84.1,0.95,1016.0,4.1
34.48,83.8,1.17,996.2,0.0
25.6,61.1,2.59,1000.4,0.0
23.44,87.2,3.32,994.6,86.54
22.63,100.0,3.7,1001.0,1.14
28.64,62.3,7.67,997.8,3.18
26.2,80.4,2.6,1012.3,5.84
25.95,30.0,0.5,1009.8,0.0
38.12,45.4,3.01,1006.8,0.0
39.54,69.6,6.96,1008.2,0.0
15.92,49.9,4.9,1017.6,1.58
30.46,100.0,1.87,999.7,4.56
22.17,78.8,0.5,992.6,0.0
26.14,85.4,6.43,1013.7,0.0
30.32,67.5,7.82,1004.9,0.0
26.4,49.9,1.1,999.9,5.11
29.73,58.7,4.52,1012.4,0.0
33.05,72.6,5.77,992.3,0.0
30.21,56.5,0.5,1001.1,0.0
23.15,80.1,5.26,988.9,1.66
23.28,80.8,5.16,1010.1,4.49
17.2,68.1,7.58,1020.6,0.57
21.6,35.1,2.54,1003.4,0.0
42.72,98.9,1.47,1001.7,109.71
22.06,64.2,5.13,1022.3,0.0
19.05,100.0,6.13,1013.0,0.0
30.4,79.7,2.77,1027.0,5.21
27.17,64.2,5.48,1009.3,0.0
26.53,76.1,4.66,1009.8,0.0
38.57,31.7,6.59,1019.6,0.0
32.12,86.5,1.96,1006.8,0.0
24.03,100.0,3.94,1010.0,7.43
24.82,30.4,4.55,988.6,6.71
24.23,62.8,3.36,1021.9,0.0
34.56,66.1,5.04,1011.1,0.0
25.69,83.8,6.0,1007.1,0.0
14.55,100.0,7.15,1015.3,0.0
27.64,74.9,3.24,998.5,0.0
16.47,100.0,3.89,1003.6,0.02
44.38,71.1,2.44,1012.4,6.25
20.76,76.1,3.1,1008.4,67.78
26.79,73.9,14.11,1011.6,7.2
29.94,90.0,1.67,1010.0,0.0
25.84,60.4,6.8,1013.0,1.44
25.82,82.7,3.66,997.4,0.0
31.16,45.8,2.92,1018.2,0.0
39.45,62.9,3.07,1004.1,0.0
33.76,56.5,0.5,1008.5,0.0
39.09,69.6,3.03,1003.2,0.0
20.15,62.3,1.56,1005.7,0.0
30.38,88.4,2.1,1009.8,9.18
29.16,52.2,5.19,1013.9,2.13
30.63,36.8,4.37,1015.2,0.0
38.32,43.6,6.28,1011.5,0.0
26.34,85.9,3.84,1003.2,0.0
24.96,50.5,4.4,1011.0,4.13
32.0,75.2,3.88,1009.9,1.53
14.66,62.7,3.1,1008.5,0.0
26.22,82.8,7.1,1012.3,0.0
26.99,63.8,7.01,997.8,6.04
21.1,100.0,6.33,991.8,0.17
35.93,100.0,3.27,1017.5,0.24
20.03,62.3,3.37,1006.9,0.0
26.98,59.9,6.17,1011.3,13.92
30.2,100.0,5.61,1001.1,0.0
38.15,48.6,1.35,1018.1,0.0
27.92,67.0,8.1,1010.8,0.0
35.02,68.4,4.64,1006.6,2.12
33.25,68.0,2.13,1010.3,0.0
28.93,36.7,2.49,994.1,0.0
19.83,76.9,6.68,1011.0,0.0
17.24,50.5,5.01,1019.9,0.0
28.8,93.8,9.11,1010.5,6.23
23.93,41.8,9.0,1009.5,0.18
34.89,69.1,8.1,1005.5,0.0
33.59,30.0,3.7,1016.7,2.65
26.62,30.0,6.58,1017.8,11.35
19.32,52.9,12.2,1004.5,0.0
31.83,55.4,2.71,1010.9,1.74
20.37,94.4,4.53,1009.9,0.0
22.31,67.3,1.26,1011.2,3.74
20.65,91.3,4.92,1001.8,3.88
26.96,61.2,0.5,1017.1,8.36
36.78,78.9,0.73,1012.5,3.04
27.96,54.9,8.81,1017.6,0.0
24.68,53.7,1.13,999.1,0.0
16.56,35.2,5.83,999.5,0.94
32.14,74.0,4.03,1024.5,0.0
22.15,72.7,3.5,1017.2,0.0
28.88,82.0,3.38,1001.5,0.0
25.34,71.9,2.63,1014.9,3.47
34.29,100.0,4.58,1004.3,0.0
26.82,71.2,2.33,994.4,0.0
27.56,85.9,2.33,991.2,0.21
31.64,62.2,3.36,1007.8,0.0
43.8,51.6,1.9,1020.5,12.03
34.66,80.9,0.5,1020.2,0.0
27.34,66.4,5.84,1018.1,0.0
28.02,83.0,7.75,1014.6,0.0
24.06,74.4,5.14,1010.5,0.0
20.88,53.7,1.22,1017.2,2.69
23.85,87.3,0.5,991.9,0.0
22.21,52.3,1.95,1015.9,0.13
32.9,79.3,3.59,999.0,2.55
19.97,91.1,0.68,1000.7,0.0
38.0,61.1,6.36,1013.6,0.0
33.64,88.8,1.27,1015.4,2.78
28.15,75.2,5.65,1003.1,4.4
28.0,83.3,2.05,1013.2,0.47
23.82,52.9,3.12,1012.5,0.0
30.03,71.9,4.62,1005.5,0.0
36.16,42.7,2.09,1009.2,13.66
22.73,98.8,3.68,1024.6,4.05
16.5,31.7,9.22,1005.7,0.0
33.27,61.6,2.95,1006.0,8.92
30.43,51.2,3.07,1009.2,0.0
19.6,80.1,2.94,1006.5,0.0
22.5,100.0,3.93,1014.3,4.18
21.56,79.8,5.12,1019.8,0.0
22.57,100.0,6.34,1006.0,134.26
25.57,43.2,4.99,1001.1,0.05
26.0,44.6,2.44,1023.8,0.0
23.12,51.9,3.03,1009.0,0.0
22.31,70.2,1.93,994.4,1.1
26.28,49.5,1.73,1022.9,0.0
29.26,54.5,0.99,1017.0,1.79
25.63,79.2,2.57,1020.8,0.0
36.69,45.7,2.65,1019.5,0.0
31.81,47.6,3.94,1029.2,0.0
16.07,60.8,4.96,999.7,0.0
31.93,62.5,3.94,1001.6,0.0
32.54,86.2,2.26,1004.1,0.0
24.74,51.8,6.88,1003.8,0.0
16.79,55.0,0.5,1009.0,0.24
28.06,78.5,2.21,1004.1,0.0
27.94,82.4,5.94,998.5,0.85
19.59,93.7,2.07,1001.0,3.15
17.12,76.4,2.37,1005.6,3.97
27.34,70.3,0.89,1017.2,0.0
26.25,78.4,7.36,1003.4,0.0
24.87,63.2,3.08,1014.5,0.93
27.37,63.1,3.53,997.4,0.0
19.73,36.1,3.61,982.4,9.37
24.74,84.1,2.67,1006.9,0.0
32.0,71.8,5.12,1003.1,98.22
25.38,82.0,4.7,1000.9,0.0
15.46,30.0,3.67,1000.0,1.73
24.45,67.2,1.53,1002.3,0.0
19.97,52.6,1.35,1000.1,4.27
30.0,95.0,4.46,1000.8,11.19
30.39,79.1,1.25,997.1,0.0
15.56,72.2,3.54,991.0,1.72
33.69,60.2,2.9,990.3,0.0
19.66,75.1,3.75,1027.7,54.76
39.69,51.3,1.88,1007.5,0.0
27.63,66.2,7.54,1020.2,0.0
18.65,57.6,10.69,1006.6,0.29
19.44,100.0,1.3,1006.8,0.0
30.61,94.5,1.08,1010.5,109.1
25.07,87.1,1.01,1013.1,0.0
27.28,41.2,1.22,998.0,0.0
40.1,83.6,1.12,1005.0,1.22
22.76,71.4,7.54,1010.4,137.55
28.45,90.0,2.55,992.5,0.47
38.65,73.8,0.91,1018.4,0.0
30.03,67.9,1.58,1016.5,0.0
15.95,72.2,5.51,991.2,0.54
31.79,35.5,2.95,1001.0,0.0
19.28,54.2,3.72,1008.8,0.0
38.55,74.7,3.61,1014.7,57.82
21.83,88.5,0.64,1020.2,0.0
45.0,58.1,1.83,1002.9,0.0
39.01,67.3,2.42,1026.7,2.09
22.03,39.2,1.28,1007.6,0.84
28.15,94.3,7.6,1006.2,8.62
33.65,88.0,2.4,1012.5,0.13
33.88,79.7,1.45,1010.5,3.09
31.32,75.3,11.28,1010.0,0.0
37.39,95.9,2.63,1024.0,0.0
27.08,53.5,1.14,1010.0,0.0
25.25,51.6,0.5,1000.1,0.0
25.4,87.1,4.78,1001.3,0.22
34.44,85.9,2.94,1019.8,0.0
30.74,46.5,6.9,1013.5,1.7
30.18,58.4,3.46,995.5,0.27
33.96,98.4,11.74,995.2,0.0
12.62,75.4,4.26,1008.2,6.49
30.33,82.2,4.09,1012.9,2.21
29.64,47.1,0.73,1002.6,9.98
40.52,79.8,1.98,994.6,0.6
16.54,42.4,11.48,999.0,0.0
39.68,32.4,8.53,1021.2,5.05
28.57,81.1,5.85,1012.0,5.24
31.67,93.8,3.9,1016.0,0.0
40.57,63.4,1.94,1017.3,0.0
32.21,58.2,5.69,1003.0,2.07
31.0,98.8,0.98,1005.0,0.0
29.82,64.5,0.85,1006.7,2.96
24.37,66.8,7.66,1011.3,0.0
27.79,98.5,1.38,1016.7,0.05
22.63,61.6,4.54,1023.0,3.28
27.67,56.2,5.0,1014.5,0.0
10.48,82.7,9.79,1014.6,0.0
31.22,55.2,3.46,1023.4,18.57
27.09,65.4,2.96,1006.4,0.0
25.48,44.3,1.91,1017.5,0.0
29.65,71.3,7.02,1012.6,0.0
17.25,69.2,1.9,1012.9,0.0
42.47,85.4,8.08,1006.3,0.0
27.23,83.4,3.75,996.8,0.0
26.91,77.9,5.26,1010.8,11.22
20.76,75.1,0.68,1010.8,0.0
28.18,66.7,3.79,1003.4,0.0
38.4,79.0,14.35,1007.2,2.05
35.77,48.0,4.5,1000.9,2.44
34.41,30.0,1.49,1001.0,0.0
32.1,88.9,11.94,1004.2,4.02
25.31,80.1,1.36,997.4,0.0
17.12,65.7,5.54,1003.3,0.0
26.49,87.3,1.91,1013.7,1.43
26.23,54.8,2.57,1019.6,2.43
35.87,55.3,4.44,1024.6,7.21
30.32,52.8,5.95,1004.8,2.17
40.09,78.2,3.47,1017.6,8.19
36.98,39.5,3.42,1010.7,4.95
24.58,54.2,4.58,1006.1,0.0
14.54,73.2,1.79,1011.2,3.41
38.39,46.3,3.51,1016.8,4.57
38.2,56.1,1.5,1004.0,0.0
17.75,30.0,7.6,1003.8,1.92
39.32,78.9,10.44,1004.7,0.86
30.87,55.6,3.09,1003.0,2.86
29.21,48.2,5.26,1017.6,0.0
40.11,44.7,3.35,1001.9,0.0
38.09,60.5,1.59,1003.3,0.0
32.88,39.6,4.43,1010.5,0.72
31.55,100.0,5.98,1009.8,0.0
32.62,30.0,2.08,1004.7,0.0
25.0,59.9,7.43,1021.5,8.39
27.59,69.9,1.73,1003.0,0.58
21.23,54.0,5.44,1006.6,5.93
25.5,71.8,5.2,992.6,1.77
25.25,53.6,6.04,1005.6,0.0
23.24,95.5,1.12,997.4,0.0
29.03,47.9,1.0,1000.7,4.17
25.57,30.0,2.44,992.4,3.26
31.77,44.6,9.9,1000.9,0.0
15.83,75.0,0.5,1007.4,51.61
27.15,65.9,5.76,1006.0,1.58
28.99,81.5,6.7,1004.7,9.35
25.67,77.0,6.88,1005.4,0.16
26.71,56.5,1.79,1004.0,0.0
16.11,59.2,0.5,1007.7,0.0
30.67,61.1,11.02,1007.1,4.64
32.86,100.0,1.46,1010.2,0.0
31.7,80.4,6.57,1006.4,0.36
35.79,100.0,4.08,1004.5,0.0
29.51,83.1,7.4,1014.2,0.0
31.59,66.9,3.54,1012.8,5.89
29.17,49.7,3.84,1007.7,0.0
33.16,71.6,2.25,1017.6,3.99
16.17,66.9,4.37,1008.7,0.0
21.3,66.3,2.55,1006.7,0.0
39.9,64.2,1.43,1007.5,0.0
10.0,31.1,1.7,1009.3,0.0
26.95,90.7,5.59,1000.7,0.0
36.79,67.1,3.7,993.0,3.02
27.3,42.5,6.79,1010.3,0.84
24.96,76.7,1.37,1014.7,6.32
28.97,52.6,6.02,1000.0,0.89
25.35,78.1,1.76,1016.6,7.43
28.23,83.9,8.95,994.8,0.0
22.87,86.4,3.1,1003.5,0.0
36.32,65.1,1.17,1021.6,0.0
38.67,60.6,2.24,1010.8,0.0
27.0,56.7,1.89,1005.6,0.0
17.6,55.0,7.99,1010.0,0.0
24.07,67.7,3.99,1017.6,6.71
26.62,64.2,6.09,996.4,0.0
31.79,53.1,5.56,1018.5,0.15
20.44,47.4,10.54,1004.1,0.0
22.23,66.0,4.66,1013.7,5.96
31.83,60.2,2.99,1003.1,1.07
35.04,47.5,1.63,1021.5,0.0
23.34,83.0,1.62,1007.8,2.1
18.0,99.9,0.95,997.4,1.3
45.0,85.3,1.14,1011.8,7.71
33.87,55.0,2.12,1018.4,2.29
26.0,67.1,1.59,1017.5,0.0
34.52,95.7,6.44,1008.7,2.18
27.07,46.9,1.32,1014.5,1.27
34.5,82.1,3.71,1004.6,8.85
29.2,41.9,2.32,1012.7,0.0
28.68,98.3,5.38,1010.9,3.04
27.15,60.3,1.96,984.8,0.77
17.14,100.0,2.69,1000.0,0.0
42.54,99.1,0.96,1009.7,0.0
20.94,66.1,3.13,1009.3,0.0
17.8,55.1,4.31,1007.8,0.0
26.4,71.5,1.96,1008.7,2.95
20.79,64.8,4.26,1017.7,2.38
27.61,60.8,1.23,1010.8,0.0
33.16,38.2,2.68,989.3,5.08
35.46,58.7,4.21,1023.6,4.15
34.11,48.0,2.33,992.7,0.0
25.71,77.9,6.54,1015.7,0.0
28.37,85.8,3.59,995.5,5.86
31.06,81.3,2.76,1019.4,6.73
14.82,74.2,4.75,1005.8,0.0
32.28,52.6,7.04,1011.1,1.66
17.07,71.7,1.69,992.1,0.0
43.3,82.3,4.39,1013.8,0.0
24.97,57.4,4.27,1011.3,0.0
26.61,70.1,4.7,1012.9,149.41
22.23,65.4,2.96,1015.6,0.0
23.28,97.9,7.93,1009.4,1.27
45.0,83.3,2.72,1006.3,1.07
35.05,79.0,3.28,1001.5,0.0
16.38,37.1,6.64,1004.5,1.04
39.28,71.1,1.56,1017.7,0.0
36.95,65.2,7.28,1001.3,0.0
25.89,65.1,9.3,993.3,3.91
30.3,39.9,1.45,1000.1,9.28
27.89,48.4,0.5,1012.8,5.62
42.79,66.8,4.51,1005.6,0.0
22.03,88.1,5.72,1012.8,2.18
29.1,57.4,4.25,992.0,2.93
24.79,60.8,8.08,984.1,0.0
17.25,100.0,6.03,1010.1,0.0
44.44,62.7,4.86,1016.0,0.12
19.14,65.7,2.11,994.3,3.63
29.65,65.9,2.16,1012.2,0.0
14.94,43.8,5.36,1017.5,9.44
25.01,78.3,15.0,1008.0,0.0
31.16,56.2,4.7,1015.2,8.78
21.81,67.5,1.08,1009.5,15.87
32.4,76.0,5.08,1005.9,1.39
25.98,100.0,4.93,1014.6,2.35
36.7,44.3,6.74,1023.3,0.73
38.21,83.6,2.63,1003.5,0.0
23.6,83.6,0.5,1007.3,2.98
28.58,56.5,2.99,1000.1,0.0
29.38,78.8,5.48,1009.2,0.0
32.65,97.6,2.66,1006.7,0.0
28.11,54.2,5.93,1017.3,0.27
29.43,72.3,5.97,1019.4,95.69
26.17,75.3,6.58,1014.3,1.61
28.86,77.6,1.88,1016.4,0.0
37.73,81.8,1.75,1002.4,0.0
32.85,71.0,7.12,1000.4,0.0
33.26,77.2,1.96,1011.5,0.0
33.42,51.6,1.66,1008.2,0.0
26.85,71.0,3.13,1024.0,0.0
30.39,59.4,3.75,992.6,3.25
19.86,45.9,2.44,1013.0,0.0
37.52,58.8,3.09,1012.8,1.56
10.0,72.9,0.94,1001.9,0.38
27.35,75.8,0.94,1000.3,7.37
36.56,45.2,5.7,1005.3,0.0
17.77,51.1,1.97,994.9,2.21
31.0,81.0,5.68,1019.7,1.94
22.89,77.1,4.66,1029.6,0.87
25.23,84.0,0.5,1005.3,0.0
35.09,92.6,6.84,1002.9,4.23
29.49,77.7,4.94,997.5,0.0
12.74,60.5,3.82,999.2,10.5
20.68,70.1,6.57,1003.3,0.0
35.32,97.9,2.23,1017.7,0.0
31.37,100.0,3.4,1030.0,0.0
41.11,76.3,0.5,1002.2,0.0
40.62,77.6,5.95,1000.8,0.0
25.43,81.1,0.63,998.7,0.0
45.0,68.4,2.01,1011.6,0.0
28.18,88.9,3.71,1010.8,0.0
20.78,86.1,10.73,1008.8,1.8
23.25,74.4,1.91,1004.4,0.0
11.07,62.3,3.99,1018.9,0.0
40.05,40.6,5.24,1014.1,10.02
39.96,81.2,6.97,1013.8,0.0
20.38,71.8,6.1,1011.0,0.0
26.29,54.7,5.22,1006.5,0.0
28.72,47.7,1.18,1002.3,0.0
20.8,79.9,3.54,1012.2,4.77
14.84,39.2,1.94,1011.4,0.0
26.42,73.4,3.53,1012.5,3.45
25.59,83.2,1.88,995.5,0.0
25.09,77.9,1.76,1010.7,0.0
29.67,61.0,5.69,1005.5,0.0
38.72,45.5,2.56,1001.0,0.0
25.73,78.6,2.51,1013.8,4.16
29.28,89.6,0.77,1009.4,0.0
33.45,57.7,6.94,1026.8,9.11
32.16,77.1,7.04,1011.9,0.84
23.39,96.5,0.5,1005.6,0.0
28.72,74.1,8.65,1007.1,2.26
32.11,60.9,1.2,998.6,2.8
19.54,86.7,8.2,1017.8,0.0
37.48,54.7,5.29,1010.5,0.7
38.74,44.6,3.57,1010.7,0.0
22.58,82.6,1.78,999.5,52.68
29.45,60.7,7.27,1014.2,0.45
32.82,62.3,5.45,1000.5,1.58
23.91,56.7,4.6,1003.6,3.28
31.61,59.5,5.9,1009.0,0.0
29.22,93.3,2.59,1003.4,0.27
16.99,97.9,5.35,1001.7,5.65
31.44,100.0,3.68,1007.6,0.0
19.75,87.6,2.02,1016.1,0.0
35.04,76.4,1.89,1015.2,0.0
22.97,42.2,6.25,1013.7,0.0
26.79,64.6,1.73,1011.9,0.0
38.29,100.0,1.01,1004.2,0.0
31.72,60.2,3.18,1017.0,0.0
19.9,95.3,13.75,994.1,0.0
20.39,69.0,4.81,1011.5,0.45
23.51,30.0,1.93,1014.7,0.0
30.96,79.5,4.14,1007.3,4.84
30.69,90.8,8.94,1002.2,0.0
21.68,67.1,4.8,1007.7,0.0
19.25,90.2,6.42,1001.9,0.0
30.11,38.0,5.53,1012.1,0.0
26.64,43.1,3.91,1015.6,0.0
44.18,71.7,5.02,1011.6,3.87
28.27,76.6,4.92,1011.1,1.93
41.61,92.4,2.89,1014.1,0.0
19.22,79.5,1.0,1015.0,0.0
16.2,46.5,5.78,1001.8,10.2
19.6,71.8,6.34,995.7,8.23
36.92,78.8,2.61,1010.2,146.74
41.17,34.3,1.84,1015.4,0.0
22.13,67.2,3.93,995.4,0.0
24.55,62.0,2.37,1008.6,7.37
19.23,56.2,3.88,1017.0,0.0
14.41,77.0,5.59,1007.1,0.62
33.39,47.3,3.58,1020.2,0.0
29.67,75.5,4.51,1018.7,5.97
28.08,78.1,2.88,1006.5,0.0
17.5,87.5,1.47,1005.1,0.0
40.3,47.8,3.8,1005.2,0.0
24.22,40.9,1.98,1009.1,0.0
32.0,73.0,0.77,998.6,3.92
17.09,62.8,3.91,997.1,1.0
26.57,100.0,1.88,989.8,2.83
30.19,76.3,0.86,1007.8,109.21
30.45,69.0,7.69,1024.3,0.0
29.16,64.9,4.11,992.1,0.0
31.71,46.1,7.96,1006.5,0.0
19.52,78.1,1.74,1006.3,0.0
29.48,66.6,1.05,1006.8,0.0
28.85,66.6,1.36,1018.1,8.37
29.74,69.7,3.97,1000.9,2.57
28.54,72.0,8.56,992.4,0.0
18.45,36.7,3.92,1003.7,0.0
18.12,83.1,1.79,1002.7,0.0
11.39,52.8,3.72,990.2,0.0
34.13,65.5,3.69,1010.0,5.59
34.21,91.1,4.98,998.5,0.0
34.33,100.0,6.86,1007.3,0.48
30.3,37.4,2.6,1005.1,10.78
12.0,68.5,2.88,999.4,0.04
20.3,72.9,1.79,1015.1,0.0
29.28,40.9,4.0,1005.7,0.0
29.02,82.4,7.1,1008.4,0.0
26.33,70.1,5.08,1012.7,3.95
30.77,71.5,3.27,1010.3,0.0
28.09,51.5,0.84,1009.2,0.0
28.91,75.4,4.61,1001.4,4.79
23.21,83.1,1.55,999.1,0.0
35.37,70.3,1.58,1009.3,0.0
24.77,58.7,1.75,1000.3,0.0
18.02,60.2,3.49,1014.4,0.0
22.22,72.0,2.92,1007.0,0.0
25.39,68.9,6.35,1013.2,6.12
35.46,84.3,0.79,1000.1,95.99
27.68,59.4,1.96,998.9,4.11
26.6,46.1,0.8,1021.4,0.0
18.64,74.5,1.21,1006.8,2.26
33.89,59.4,3.84,1015.3,0.0
23.11,82.1,1.07,996.7,9.65
27.25,68.1,1.98,1005.7,1.35
39.1,79.8,2.16,1018.4,0.0
31.82,49.7,14.12,995.5,3.39
15.79,70.6,7.1,1026.2,1.2
14.73,55.4,0.95,1009.6,0.0
27.52,46.0,7.03,1001.4,1.18
18.9,52.5,3.25,1010.8,0.48
32.86,58.2,5.95,1016.9,0.0
28.32,90.4,8.79,1001.4,0.0
29.24,57.7,0.88,1002.5,0.0
22.7,45.1,2.11,1010.0,0.0
41.06,70.4,2.48,1011.7,0.0
45.0,68.5,1.72,1006.4,0.0
25.91,59.1,0.6,1011.2,0.0
30.65,65.1,5.2,1014.8,0.0
28.73,85.6,1.58,1009.4,0.97
26.05,80.1,5.7,1002.5,0.87
21.76,78.5,5.01,1007.8,0.48
19.86,46.7,4.18,1022.0,0.0
19.48,100.0,3.17,1010.7,0.53
31.04,86.9,5.25,1017.9,0.2
24.1,77.3,2.87,1003.9,0.0
10.0,47.0,2.75,1010.1,0.0
31.34,85.1,2.71,1014.4,0.0
27.71,59.0,0.94,1020.0,0.0
38.1,64.5,8.79,1017.8,0.01
30.8,37.7,4.54,999.0,0.0
16.91,45.7,4.17,1017.2,4.1
11.28,75.9,1.91,1021.5,1.42
22.6,86.1,4.1,1003.4,0.0
23.31,80.3,2.25,1000.8,0.0
35.07,79.7,2.74,1007.8,1.28
27.93,66.8,5.36,1009.4,0.0
36.5,60.7,1.86,1005.2,0.0
18.06,73.2,6.61,998.5,0.17
35.24,82.8,1.14,1019.8,0.0
33.41,68.1,2.33,1001.1,4.41
12.86,89.8,4.79,1003.9,2.58
37.92,64.1,5.61,1008.9,0.0
28.7,50.4,0.5,996.2,0.0
30.94,67.8,1.74,995.6,0.0
21.51,69.9,9.25,1004.5,0.0
37.56,66.5,2.02,1014.6,0.0
19.11,91.1,1.0,1009.5,0.0
34.24,82.5,1.54,991.5,6.34
34.15,42.2,1.69,1019.1,0.31
20.69,95.6,1.05,1014.4,3.75
42.88,30.0,0.89,1009.5,0.0
29.74,100.0,8.0,1009.3,0.0
32.9,62.8,7.2,1013.4,2.05
16.55,64.6,7.47,1026.6,0.0
43.88,66.9,3.06,1015.0,3.82
18.82,74.9,3.46,1010.4,6.7
35.69,68.0,7.21,998.2,0.0
20.54,65.6,1.79,1009.3,0.81
23.36,91.6,7.73,1014.2,0.0
33.92,78.2,0.5,1007.1,2.75
35.71,50.7,3.17,1003.8,0.0
18.47,81.3,3.31,1012.4,0.74
36.18,77.4,6.86,1000.1,0.96
35.84,58.2,5.77,1014.9,0.0
20.97,82.3,6.6,1004.5,69.44
39.99,65.2,0.84,991.0,0.0
17.07,64.0,8.86,1004.4,1.65
23.31,63.5,6.39,1007.5,0.0
31.59,30.0,2.79,1012.4,0.0
21.6,58.5,2.17,1011.5,0.0
29.98,80.8,2.95,997.7,0.0
29.81,67.6,3.84,1009.0,1.44
26.6,44.9,4.78,1003.7,1.04
34.24,85.4,1.41,1005.1,0.0
26.29,62.6,1.76,1000.0,1.61
29.74,46.0,1.75,1007.6,1.9
36.6,100.0,4.77,1030.0,3.28
33.93,49.0,2.63,1022.9,0.0
33.9,83.8,3.65,1000.0,0.0
19.38,54.2,4.49,1008.5,2.08
31.94,70.4,0.5,1005.5,0.0
21.41,51.8,3.48,1009.1,0.0
18.39,45.7,3.57,1015.3,0.0
27.46,77.4,1.1,1007.0,0.0
21.22,75.3,6.29,1002.3,0.0
33.93,88.6,3.25,1017.3,0.0
34.11,67.4,4.09,998.1,0.77
13.73,100.0,2.8,1009.5,3.45
21.79,72.8,2.23,996.1,0.1
17.05,78.2,3.15,999.8,0.0
24.53,43.5,3.05,1014.0,7.96
31.41,56.9,1.19,1002.6,0.0
26.18,77.4,3.22,993.0,6.46
23.58,66.5,13.24,1002.2,0.31
37.75,71.4,5.4,1001.4,4.64
10.71,53.3,1.37,997.9,4.97
37.28,70.2,1.19,1012.4,0.0
23.92,70.1,4.39,995.6,4.24
27.41,46.8,1.97,1003.3,1.99
24.04,79.6,3.33,1009.1,4.45
39.57,37.4,6.32,1005.3,0.0
18.77,71.3,3.36,1004.8,1.26
28.09,99.8,3.14,1002.2,0.0
31.96,80.2,3.52,998.2,5.28
15.92,80.1,6.34,1002.9,0.0
21.1,51.8,2.64,1013.3,0.0
26.89,99.8,2.43,1004.5,0.0
21.35,92.8,1.07,1009.3,7.57
21.88,52.8,6.82,1016.9,0.1
25.38,59.5,1.76,1012.8,2.66
32.87,90.6,0.98,997.8,0.0
25.43,100.0,2.35,1011.6,0.0
36.09,45.2,1.07,1016.4,4.98
20.52,49.9,2.0,1003.3,0.0
18.61,65.4,3.79,995.3,0.91
42.45,30.0,7.2,1004.5,3.58
23.07,68.3,6.06,1009.5,1.44
18.17,89.3,1.02,1012.7,1.05
14.93,42.1,1.44,1003.8,0.0
36.06,70.3,4.85,991.7,7.04
25.44,57.5,1.69,997.8,0.84
26.1,97.5,3.04,1010.9,0.0
26.81,57.7,5.98,1023.9,1.56
35.6,95.3,4.39,1007.8,3.87
26.65,57.2,7.44,1018.5,0.55
45.0,81.9,1.03,999.5,0.64
29.0,72.5,3.05,1002.8,0.0
35.96,65.5,0.5,989.3,6.49
34.04,53.8,2.53,1011.0,4.22
27.73,73.8,1.64,1000.9,0.0
23.6,60.1,1.56,1012.8,0.0
30.49,55.6,1.54,1004.0,0.0
31.83,94.5,4.59,1024.2,2.62
23.71,77.9,4.17,1022.3,0.21
29.25,79.6,1.89,989.6,0.0
37.27,61.0,4.33,1012.7,0.0
43.52,64.7,3.52,1002.1,0.0
34.41,63.5,1.78,1013.2,0.89
41.97,74.1,1.11,997.3,3.11
23.28,79.6,2.29,1019.5,8.05
33.26,67.5,2.7,1016.2,0.0
38.04,53.7,6.73,996.7,0.0
21.28,81.7,2.29,1006.5,0.0
24.36,68.6,6.47,1009.3,0.96
41.03,42.1,1.48,1013.8,0.0
20.69,30.0,7.94,1007.9,0.0
17.94,73.4,8.32,1014.3,3.33
39.46,53.1,2.92,1007.4,7.59
36.98,75.8,2.48,1012.9,0.0
31.24,54.0,1.45,997.1,0.0
27.66,70.4,2.43,1007.8,5.66
24.71,61.2,2.22,1017.2,0.57
30.11,99.5,7.04,1019.3,0.0
39.85,85.1,3.89,1009.4,0.0
29.79,92.3,5.37,1007.2,8.13
44.25,68.4,1.97,1018.9,0.0
21.27,82.8,2.21,1007.2,2.34
27.85,69.6,0.5,1017.2,4.66
25.2,94.5,2.55,1007.1,0.75
19.86,66.7,1.66,1008.3,0.05
26.85,42.8,9.47,999.2,0.0
31.13,32.0,5.96,998.0,3.74
31.93,98.0,1.71,1015.8,4.0
44.28,76.6,1.15,1021.8,0.0
31.48,77.8,4.09,1008.8,122.85
36.63,94.8,4.32,1006.7,12.84
28.5,38.3,0.99,1016.2,3.48
40.59,61.5,3.88,1010.7,0.53
45.0,63.8,7.43,988.8,0.0
31.98,81.4,4.39,1015.9,1.14
20.56,55.5,2.8,997.3,0.0
23.88,46.4,2.5,1007.9,6.99
30.11,46.2,2.61,1004.5,0.0
31.42,88.7,1.18,1002.9,0.0
33.24,54.6,7.52,1008.4,0.0
31.45,58.1,4.61,1015.1,0.14
28.05,79.4,1.0,1008.3,0.0
23.23,55.4,2.07,1019.3,0.84
31.01,37.3,1.91,1020.3,0.0
41.91,39.5,9.73,1020.2,0.62
35.65,67.0,2.23,1007.6,0.0
32.01,77.0,0.76,1004.2,1.09
35.72,64.4,1.71,1007.7,0.0
25.22,75.7,6.62,1017.0,0.0
24.19,39.0,3.01,1016.5,0.47
22.39,40.2,2.59,987.2,0.0
27.06,100.0,2.51,1010.4,5.29
24.83,90.2,1.77,989.1,0.0
37.06,81.8,4.72,1007.8,11.34
24.44,56.1,4.85,1003.8,0.0
21.98,63.7,0.98,1001.3,1.31
42.57,68.0,0.81,1014.8,0.0
24.61,91.7,1.45,1002.8,3.15
29.15,75.3,3.68,1007.9,3.12
31.38,77.5,2.47,1000.5,1.54
19.47,65.0,0.5,1008.6,0.0
37.27,82.3,2.88,1015.7,0.0
32.78,73.4,2.91,1001.0,0.0
39.69,68.8,1.15,1013.1,1.98
22.91,54.6,10.34,1008.5,0.93
28.74,66.0,3.29,1008.4,0.0
28.3,48.6,2.48,1005.2,0.0
29.98,67.3,2.15,1014.2,0.05
17.09,69.6,4.43,1013.4,0.0
28.83,30.0,1.57,1006.9,0.0
17.3,63.9,4.5,1009.6,0.0
30.69,46.8,10.03,1013.9,1.98
12.04,77.0,0.96,1012.3,0.0
14.11,79.5,3.61,1005.5,0.39
34.14,60.3,3.01,1017.3,0.0
23.9,77.9,0.82,1014.9,0.0
20.59,78.6,8.29,1024.9,1.98
37.53,63.9,1.28,995.4,0.0
30.46,95.6,3.12,1013.6,0.0
34.54,54.9,1.82,1017.2,0.49
26.75,94.5,1.75,1016.0,2.72
45.0,63.9,6.39,1006.0,0.0
23.47,52.8,4.83,997.1,0.0
41.08,61.7,2.66,1020.3,0.0
27.54,48.2,1.91,1004.1,0.62
15.59,82.1,0.81,1005.6,0.0
31.62,39.2,7.73,1024.5,0.0
30.36,93.0,1.05,997.8,13.03
20.12,51.2,7.11,1014.6,1.5
21.08,83.1,5.7,1002.0,4.56
27.81,68.4,1.51,1001.8,0.0
30.62,72.9,1.1,1009.3,0.52
10.0,57.4,3.25,1013.4,4.72
35.9,74.4,3.38,1015.6,0.0
24.29,70.4,1.65,1016.7,5.01
18.01,41.8,5.74,1002.3,1.67
35.06,50.7,9.6,998.9,0.0
27.82,58.3,5.91,1005.3,0.0
37.12,54.4,6.0,1010.8,0.0
31.28,90.6,4.44,1006.4,1.59
27.99,68.1,0.92,980.0,3.91
26.85,54.0,2.18,993.4,0.0
31.62,59.2,6.62,1006.1,0.0
24.9,58.9,2.3,1014.8,0.0
21.61,62.8,2.25,1000.8,0.0
32.57,48.6,1.61,1013.9,1.04
26.92,53.3,3.71,996.0,0.0
28.25,81.8,3.9,1010.0,0.95
36.17,71.3,2.42,1010.1,3.42
27.15,65.3,5.82,1011.7,0.0
28.11,68.0,0.56,999.9,0.0
23.5,67.2,2.59,995.6,3.24
31.23,64.2,10.77,1013.8,8.88
30.62,77.3,3.39,995.8,0.0
34.76,76.0,2.52,1001.8,0.0
23.66,39.7,6.71,1019.1,0.0
24.57,65.6,3.42,1009.4,0.74
33.94,40.9,3.41,1011.0,0.0
29.89,79.4,4.25,1013.0,4.75
21.2,81.8,2.73,1012.7,0.0
37.8,57.0,4.8,1007.8,0.0
15.26,65.9,5.38,1000.8,0.0
33.88,30.0,9.82,1029.5,0.0
18.51,85.5,6.42,1005.7,9.14
42.14,80.8,3.26,1010.6,0.0
16.42,88.7,3.46,1011.5,0.0
36.64,94.8,0.92,1003.7,0.0
27.39,46.0,3.76,1004.6,1.67
25.25,84.0,3.63,1019.9,0.0
29.39,94.6,1.75,1002.1,2.49
32.74,41.1,3.64,1011.3,1.63
21.22,64.9,0.75,1015.2,0.35
21.88,61.5,8.82,1006.3,0.0
32.87,83.4,2.0,1007.2,0.0
15.19,30.0,1.5,1015.7,1.91
23.62,100.0,6.07,1006.9,0.0
45.0,66.0,4.7,991.4,0.0
20.74,84.5,0.5,1020.0,0.0
36.61,66.9,3.94,1000.2,0.0
23.61,76.9,2.06,1009.7,5.64
31.82,30.0,9.59,997.5,0.0
32.91,61.1,4.9,1003.9,0.0
36.47,83.3,0.67,1004.5,0.0
26.5,73.2,2.18,1009.4,3.78
42.92,38.5,1.47,1001.0,3.28
23.58,69.1,6.81,1023.9,1.16
29.76,53.3,5.23,1008.2,0.69
29.84,51.7,6.04,1015.0,0.1
19.59,40.6,1.83,1007.9,0.05
25.86,79.1,5.8,1016.0,0.0
29.21,88.0,0.95,991.2,0.0
24.76,100.0,14.32,1002.4,1.55
45.0,41.5,0.85,1003.8,0.0
21.71,81.8,9.57,1003.8,1.78
36.85,83.0,5.83,1012.1,0.38
34.42,57.6,3.76,1012.7,0.0
27.9,51.5,1.94,1007.4,0.0
21.51,48.5,3.45,1007.6,0.0
22.24,58.5,2.09,1027.5,6.77
24.12,71.6,5.73,1010.6,0.0
14.61,92.5,3.8,990.2,0.51
20.47,87.9,1.45,1014.2,0.0
16.88,38.9,2.62,1012.5,0.0
38.09,53.8,3.65,1017.3,0.62
32.64,91.4,4.85,1012.8,0.77
33.89,54.8,13.35,1000.8,0.0
32.42,67.0,11.51,1015.1,8.45
29.25,37.3,7.25,1008.8,2.73
38.96,88.8,3.5,1016.4,95.34
23.42,33.6,0.97,1020.4,0.0
28.8,38.4,1.23,1007.0,1.22
33.6,86.9,2.66,1015.0,0.0
18.09,100.0,0.88,1016.3,0.0
45.0,62.8,3.37,1009.3,0.5
28.21,67.2,6.13,1023.7,0.0
29.06,84.3,2.56,1016.4,0.0
37.43,73.2,2.58,1003.3,0.0
34.86,61.3,1.9,1010.1,3.73
28.29,59.3,3.07,1014.9,0.0
28.98,39.8,11.65,1023.4,1.35
16.72,72.2,3.6,1013.0,0.0
23.83,66.3,6.44,1010.3,0.0
31.88,60.1,2.0,1018.1,0.61
31.33,50.0,8.23,1006.2,3.0
37.16,51.8,2.73,1000.1,2.85
27.1,79.1,5.0,1013.6,0.0
17.6,83.9,2.11,1005.0,0.12
35.93,62.1,6.59,1029.7,5.55
38.77,60.2,0.73,1010.0,3.05
34.74,52.6,1.8,1013.7,1.12
26.77,84.9,3.63,1003.0,0.0
35.83,68.6,1.77,1018.1,5.62
45.0,74.6,6.63,1007.8,56.35
28.86,74.5,1.25,1007.0,4.31
18.16,62.5,1.02,1007.2,1.83
23.6,47.0,6.11,997.7,0.0
32.69,50.1,8.91,1006.0,0.0
15.96,88.3,2.9,1012.4,2.4
29.27,54.9,2.28,995.6,0.0
30.85,60.6,1.8,1016.2,1.92
39.51,47.6,10.92,1005.9,0.74
37.83,46.1,0.9,1010.0,0.0
34.48,54.2,10.95,990.1,0.07
11.78,98.4,4.31,1009.8,0.0
34.91,79.8,4.54,999.7,4.37
33.29,58.5,1.12,1005.2,4.72
29.92,87.5,8.93,995.5,0.0
15.02,65.3,2.73,1000.9,3.52
22.17,92.4,7.13,1006.7,0.0
19.25,100.0,2.18,1005.8,0.0
12.89,86.5,2.3,1015.1,0.02
27.98,69.7,2.77,993.1,0.0
22.02,80.6,5.19,1007.6,0.0
45.0,68.3,5.08,1007.2,0.0
26.73,35.0,2.98,1004.3,0.0
37.7,56.2,1.03,1000.7,0.75
16.23,50.9,0.5,1016.8,0.0
24.02,55.8,6.34,1024.4,1.61
28.73,100.0,1.81,994.3,0.0
21.19,88.2,4.96,1000.6,0.0
24.83,75.9,2.1,1000.0,0.0
26.37,82.6,2.08,1005.7,0.0
26.25,33.9,0.5,1018.0,1.46
41.91,81.1,6.36,1012.2,0.0
30.84,84.9,1.31,1006.8,0.0
31.6,30.0,1.66,1008.1,4.8
32.05,81.8,6.61,1005.4,0.0
32.59,42.4,6.99,1013.9,0.0
27.38,32.5,5.13,1014.9,0.85
25.59,91.9,1.79,1012.7,0.0
29.25,49.9,3.62,990.4,0.32
36.68,55.1,2.78,1008.1,11.04
36.45,85.8,0.66,1006.5,0.0
26.2,62.5,5.04,1015.9,0.0
33.76,64.8,7.64,1009.9,0.0
26.54,64.4,1.19,1012.5,0.0
28.25,74.3,5.01,1004.0,4.05
24.45,63.9,3.88,1015.5,0.0
26.64,70.1,0.86,1017.9,0.0
38.06,58.9,3.68,995.0,0.0
28.69,74.3,5.03,997.6,6.4
29.01,73.6,3.14,1014.1,4.22
17.15,100.0,3.2,1006.6,0.82
25.68,61.1,1.12,1016.2,0.0
26.19,64.7,3.98,1009.9,1.52
21.78,72.3,9.55,1013.5,8.07
28.16,85.4,2.15,1002.0,0.99
24.78,48.4,7.23,1010.7,0.0
28.6,69.9,1.87,1010.7,0.0
28.91,30.0,2.88,1002.5,0.0
20.83,63.1,2.29,1016.0,3.03
25.01,87.3,4.46,992.8,3.69
28.58,54.9,1.15,1009.7,1.53
36.88,71.2,1.18,997.6,2.12
29.93,58.5,4.6,999.8,0.0
23.04,52.5,3.67,1015.9,0.0
30.99,85.5,7.61,999.2,0.0
40.81,49.2,9.03,998.9,0.0
34.88,73.3,2.65,1012.6,4.95
32.11,73.6,0.51,999.1,5.11
33.44,52.7,8.36,1016.1,0.0
38.8,70.8,6.22,1013.2,0.0
36.07,51.2,4.8,1001.8,0.0
32.25,77.4,2.09,1015.8,11.19
36.01,44.3,6.81,992.5,0.91
19.89,61.9,4.05,1011.8,0.0
16.73,63.5,2.84,998.0,0.0
29.18,88.0,2.16,1003.8,4.21
28.52,70.5,0.9,1004.3,0.0
23.92,85.2,2.29,1018.3,11.12
34.19,78.0,4.07,1004.0,6.47
14.03,77.9,7.35,1007.4,145.57
23.99,62.0,3.29,1004.5,0.0
24.36,86.4,3.95,1000.1,111.67
15.73,61.6,4.79,999.8,2.61
39.21,36.9,5.41,1010.5,0.63
17.81,64.1,2.02,1007.8,0.0
23.59,76.2,5.5,1014.1,0.0
34.81,39.1,2.03,1006.1,11.89
32.85,52.1,3.27,1006.3,10.93
19.69,45.8,2.79,1014.1,0.0
33.12,82.2,1.95,1005.0,0.0
30.17,98.1,2.25,996.5,0.0
45.0,64.2,2.05,1014.8,0.0
31.03,77.6,1.88,1002.6,9.77
26.94,77.1,2.03,1008.5,0.0
21.58,96.0,2.27,1003.0,65.44
22.42,56.3,3.69,1000.2,0.5
21.81,64.0,3.87,992.8,0.0
38.28,61.9,2.18,1010.7,0.0
28.13,69.4,4.26,980.8,0.0
32.24,100.0,1.6,1018.4,0.0
39.36,68.6,9.96,1016.3,10.36
10.31,52.6,1.93,1000.7,0.0
37.59,47.2,2.96,1020.7,0.0
28.42,90.5,3.45,1024.5,4.26
31.26,52.5,2.16,1005.8,0.0
21.79,79.9,6.98,1011.3,1.14
22.34,55.8,2.19,1009.1,0.0
31.67,45.2,0.87,1020.1,2.5
45.0,78.9,5.51,996.9,0.0
35.52,56.6,1.34,1006.2,7.89
37.49,75.7,1.48,1015.4,0.0
26.56,77.0,3.72,1014.5,0.0
23.5,77.8,1.29,1007.7,0.0
22.14,63.2,0.88,1019.1,0.0
24.34,80.4,7.91,1009.9,7.96
12.6,51.4,6.21,1008.9,0.0
22.56,30.0,1.84,1013.6,5.35
23.8,80.7,7.15,1007.5,0.0
26.68,71.0,4.72,1008.4,0.0
28.99,57.0,10.64,1001.7,0.0
30.72,41.5,0.72,1030.0,1.86
27.89,31.3,1.36,1004.2,0.0
23.64,68.9,7.7,1013.8,0.0
13.27,97.7,2.49,1023.3,0.0
23.69,65.5,5.18,997.3,0.0
20.71,61.5,5.26,1012.9,2.93
31.5,67.6,9.32,1008.2,0.0
34.82,100.0,3.44,1022.4,1.35
35.04,81.5,3.5,1000.7,0.0
33.68,51.2,3.6,1002.0,0.81
27.0,68.5,8.06,1007.6,0.34
24.09,74.0,6.04,1004.1,1.66
22.4,49.0,3.52,1004.3,4.45
16.69,81.7,0.59,1024.2,3.03
35.44,53.3,2.19,1009.0,0.0
26.69,40.8,1.58,1001.7,6.29
18.65,69.4,15.0,1004.9,0.0
21.8,66.5,8.29,1011.2,0.0
21.5,68.0,12.12,1010.7,0.0
28.32,54.2,2.23,1003.4,2.27
36.01,56.7,0.51,995.0,0.0
25.39,88.3,4.53,1007.6,3.29
11.11,75.9,1.8,1007.4,0.0
26.58,50.8,3.21,1002.8,0.0
26.83,32.9,2.58,1018.2,0.63
26.31,51.5,2.77,1012.6,0.96
23.29,70.8,3.04,1009.1,1.94
29.63,56.6,1.7,1005.1,0.0
28.5,55.2,2.73,1021.9,0.0
27.81,57.4,4.46,998.8,2.18
31.09,66.7,4.09,1004.0,2.58
24.78,82.1,3.69,1004.4,0.0
24.35,68.0,1.13,1010.4,1.25
38.35,69.1,3.37,1013.3,0.0
32.2,64.0,2.48,997.3,0.0
34.2,59.0,3.8,1002.5,0.0
37.2,84.1,7.71,1011.6,0.0
31.94,81.4,2.28,1002.7,0.76
34.96,100.0,4.2,1004.8,1.72
16.15,79.0,2.76,1009.4,0.0
29.53,59.0,3.5,1000.2,0.34
26.63,51.7,0.6,1010.2,0.0
40.58,85.2,2.47,1012.9,0.51
34.96,53.3,3.68,1008.3,0.0
23.27,82.6,1.37,1019.4,71.69
30.8,54.3,1.41,1013.8,1.74
29.26,74.3,6.2,1007.7,0.0
31.41,48.9,1.99,1005.4,0.55
20.36,82.0,8.04,1022.0,0.0
30.7,45.8,4.03,1002.7,0.0
26.29,72.9,1.97,1005.8,0.0
30.12,64.4,1.05,1004.7,1.04
22.57,69.8,4.36,1011.2,2.41
23.61,60.9,2.73,1026.0,0.0
36.8,60.5,1.76,1010.0,1.31
20.11,70.8,0.58,1005.4,3.43
20.67,50.0,2.61,1009.5,0.0
27.61,49.9,1.68,997.5,0.0
22.21,61.5,4.24,1006.5,0.0
21.36,60.8,3.98,1021.6,0.13
28.79,49.9,2.99,1013.3,0.0
16.71,84.6,0.58,1017.8,0.0
20.44,62.0,2.79,1016.1,3.1
43.41,63.9,7.25,1002.3,1.37
31.45,44.1,2.11,1023.3,6.11
22.4,100.0,2.06,993.8,4.27
31.14,100.0,5.15,1010.7,0.52
32.25,54.0,2.17,991.5,0.0
35.46,90.1,4.29,994.3,0.0
27.05,66.3,3.08,1015.5,4.53
35.32,96.9,5.37,1002.5,1.92
12.71,74.1,8.32,1018.0,1.02
20.08,69.8,8.07,990.6,8.77
29.23,30.0,2.7,1007.3,0.0
30.47,52.2,5.3,998.3,0.0
21.16,68.4,5.01,1005.4,0.35
29.95,71.6,1.6,1020.4,0.0
23.32,46.1,3.02,1022.3,0.3
25.92,54.9,5.33,1012.1,0.39
35.69,78.0,2.25,995.2,0.0
34.82,43.1,2.16,998.3,4.09
20.52,70.4,1.87,1009.3,1.7
20.07,90.3,6.71,1001.6,0.0
24.92,74.9,3.97,1013.3,70.98
27.8,74.0,7.3,1021.4,0.0
23.07,31.6,5.16,1000.1,0.0
35.8,53.2,0.93,1000.8,3.16
30.61,100.0,5.92,998.6,6.72
31.05,57.2,1.79,1006.0,0.0
18.5,90.8,3.99,1008.4,8.75
36.75,57.0,0.94,1008.2,9.81
10.0,63.0,2.58,1015.2,0.0
34.26,77.3,4.46,1011.1,0.0
35.01,69.8,8.95,1007.5,0.0
24.76,74.9,6.55,1008.3,2.29
37.55,53.3,7.0,1008.7,3.8
27.53,47.5,5.04,1007.5,2.47
28.47,52.1,9.21,1002.6,2.62
30.55,58.4,2.98,998.4,0.0
45.0,63.9,4.1,1009.1,0.0
38.08,86.7,12.35,1004.0,0.67
33.26,69.6,1.25,1012.2,4.48
21.15,76.7,2.73,1008.6,0.0
29.08,70.5,3.35,1008.1,2.22
21.9,47.9,3.34,1015.9,0.02
34.17,68.3,2.37,996.8,5.93
29.05,70.4,2.95,1022.2,11.35
19.57,81.7,6.95,990.5,0.0
28.61,48.8,4.99,1019.6,0.0
21.63,31.3,9.69,1009.6,0.26
29.13,71.2,3.47,1003.8,0.29
21.56,74.4,5.08,996.2,0.0
28.21,64.8,2.87,1003.2,0.0
33.63,68.5,2.42,1006.7,0.0
27.6,83.8,8.18,1009.6,2.1
25.07,59.7,4.96,1019.6,0.0
29.52,63.0,3.77,1008.6,1.19
33.23,69.4,1.87,1010.6,0.0
19.7,46.0,1.92,1010.8,0.42
29.95,65.3,0.5,1005.4,0.0
37.88,66.9,6.11,1006.5,0.0
32.3,97.5,7.59,1007.1,129.14
28.43,62.6,2.61,1013.0,0.0
32.8,71.6,2.57,1000.7,0.68
31.39,84.5,12.47,1003.9,134.0
33.65,52.9,5.57,1010.9,0.0
12.82,92.8,2.3,999.4,1.09
16.35,99.7,3.29,1008.9,0.0
35.54,67.5,3.03,1003.6,0.33
16.71,58.3,5.76,1012.0,8.34
31.01,97.3,4.99,1019.0,0.0
25.36,82.3,4.09,1003.6,0.0
20.53,69.5,2.09,1014.1,0.93
30.62,93.7,0.54,1009.6,7.18
29.51,91.8,2.49,1004.9,0.0
43.83,61.9,3.43,1008.1,0.16
23.31,72.5,0.57,1018.4,0.0
38.8,78.4,5.11,1006.6,9.39
30.64,68.5,7.54,1018.5,0.0
23.04,43.0,1.57,1007.0,0.0
33.99,51.1,2.4,996.7,0.0
32.24,43.6,2.98,1006.8,0.0
28.27,76.9,3.68,996.1,0.0
30.0,46.7,0.99,1005.5,0.0
23.52,71.5,3.7,1005.2,0.0
21.81,100.0,6.38,1022.5,51.96
33.7,93.7,1.66,1020.9,1.26
26.32,34.9,3.86,1008.7,0.0
27.4,45.0,4.39,1017.7,1.7
30.1,54.0,7.52,1004.8,0.0
29.99,47.0,5.15,996.6,0.0
17.28,38.2,11.74,1012.2,2.4
37.65,67.8,10.43,1010.9,10.32
28.91,80.7,1.78,1000.5,0.0
26.48,85.2,4.54,1000.9,0.13
31.23,59.5,3.18,1015.5,0.0
29.77,63.1,2.2,994.5,1.39
33.75,74.4,2.93,1012.5,3.38
32.03,66.0,1.84,1005.5,0.0
33.38,82.6,13.03,1012.5,11.65
38.13,75.7,2.51,1015.9,0.94
34.63,61.2,1.1,1001.0,6.73
26.8,34.6,3.16,998.9,0.0
19.58,95.0,3.12,1019.7,2.9
40.51,55.7,1.43,1007.5,1.49
26.22,74.4,2.03,1010.6,0.0
24.45,33.5,3.6,1015.3,0.76
14.97,67.8,1.52,1000.3,1.1
30.54,69.8,6.15,1015.2,4.42
29.12,70.7,1.42,1013.1,0.0
16.64,100.0,3.54,1019.8,0.0
31.4,56.6,3.19,1019.6,0.0
24.26,82.8,5.66,1008.5,0.0
45.0,77.4,2.24,1014.0,0.0
23.73,55.8,2.27,1008.4,0.0
24.74,82.5,2.1,1009.2,0.0
21.44,65.0,2.67,999.0,0.0
37.58,83.8,2.28,1006.2,0.96
25.2,100.0,4.43,993.6,0.0
22.56,70.7,3.39,1006.9,133.39
33.3,62.9,0.59,1018.6,6.09
17.65,86.9,7.24,1014.2,1.28
32.69,93.1,2.72,1008.9,0.0
41.36,52.1,11.44,1006.4,1.36
32.25,59.8,5.6,1003.7,0.0
32.78,80.2,2.96,1000.7,0.0
34.53,65.6,5.22,1014.5,0.35
40.82,50.8,3.85,995.7,0.64
37.07,77.7,5.22,995.5,0.0
31.3,80.1,3.87,1015.2,0.7
34.78,62.0,3.68,1009.7,7.96
21.36,69.1,3.81,1008.4,2.53
33.82,57.6,3.9,1009.7,0.0
20.46,48.3,7.57,1024.1,0.0
25.25,59.1,5.74,1008.4,2.88
10.0,69.3,4.8,1010.3,0.59
31.01,41.4,4.44,1024.5,0.0
23.17,60.4,14.02,1007.5,0.0
36.33,69.6,4.78,1021.8,0.38
30.93,89.5,3.32,991.1,0.0
36.43,62.4,5.18,998.7,6.28
19.87,45.6,1.14,1002.7,3.34
35.79,64.2,2.32,1012.7,0.17
43.79,57.8,3.01,1022.2,2.01
33.73,77.9,6.48,1003.3,0.0
33.93,61.9,5.58,1015.8,0.0
29.27,30.0,3.4,1025.9,4.17
24.06,100.0,2.53,1020.5,0.0
33.71,70.6,4.49,1004.8,0.0
16.7,69.6,0.5,1014.9,0.0
24.87,40.3,2.76,1010.7,6.63
14.72,41.6,3.56,1002.7,0.0
22.72,66.3,0.5,1011.4,0.0
32.82,74.1,6.65,1004.2,0.0
31.79,80.6,6.94,1009.0,1.17
28.38,72.3,2.47,997.0,54.02
29.28,46.7,2.29,993.9,0.0
13.86,30.0,5.22,1005.7,2.28
25.21,66.2,2.73,1010.5,0.0
22.89,58.4,7.59,999.0,0.0
23.06,45.3,1.52,1012.2,0.0
32.5,82.9,7.63,1008.3,0.0
21.55,39.6,13.9,1013.2,1.35
23.46,79.1,5.55,1015.6,3.77
12.35,42.6,7.37,1018.7,0.0
25.79,70.4,4.23,1012.8,1.5
19.84,84.8,1.6,1005.6,4.45
28.59,61.9,2.94,1009.5,0.0
20.87,98.4,1.57,1026.6,0.0
28.78,100.0,4.46,1015.9,0.59
26.91,72.3,5.42,1008.6,0.0
40.54,77.7,7.1,1006.8,4.71
31.73,87.1,0.68,1003.2,0.0
14.2,77.8,1.38,998.5,0.0
18.51,75.9,4.59,1021.7,0.04
28.41,58.6,0.81,1011.8,0.0
21.03,37.6,6.86,997.8,0.0
10.0,43.0,4.32,1007.0,0.0
38.12,100.0,2.49,1018.2,0.0
33.4,73.8,7.52,1004.4,126.86
31.91,63.6,5.85,1001.5,10.73
23.45,90.7,0.73,1010.9,0.34
31.21,54.5,2.47,1013.3,0.0
22.72,78.5,2.61,1004.4,6.18
29.54,69.4,2.6,1003.2,0.87
21.1,76.3,6.06,1011.7,0.0
39.37,61.9,4.07,999.0,8.5
16.22,50.6,1.46,1003.7,0.0
37.24,53.2,4.98,1007.0,0.0
28.29,53.9,5.14,1013.9,0.0
24.33,67.9,5.25,1004.6,0.0
29.25,40.0,2.23,1012.5,0.23
33.5,45.5,0.94,1017.3,0.0
38.25,70.4,9.63,1003.9,0.0
30.35,65.7,5.98,1030.0,0.0
21.32,71.4,4.7,1019.4,0.0
28.42,67.2,4.28,1010.2,0.0
41.63,100.0,2.49,1006.5,55.12
38.11,70.3,3.2,1003.6,0.0
34.82,61.2,5.27,1021.3,0.0
33.97,69.8,5.25,1009.7,0.0
33.25,86.4,0.71,996.5,0.0
36.69,67.1,1.36,994.3,0.0
24.58,80.3,2.35,1008.9,0.0
17.84,75.1,1.12,1009.1,0.0
28.52,62.8,2.8,1000.7,3.3
21.87,70.0,2.6,995.9,0.0
20.09,96.8,2.02,992.3,0.0
22.6,72.4,1.03,1001.9,4.05
45.0,50.3,3.06,1005.1,5.41
29.02,62.2,1.97,1013.5,0.0
30.71,30.0,7.1,1007.0,0.0
18.83,70.5,3.41,1016.5,0.0
14.17,91.6,6.76,1012.8,0.0
21.86,43.9,3.86,1012.1,0.0
38.79,70.7,6.03,1015.8,12.94
30.51,85.7,2.13,996.9,0.0
32.49,87.6,1.63,1003.7,9.66
33.54,91.0,7.08,1027.2,0.0
23.56,34.4,8.24,992.8,0.56
38.41,77.1,4.01,1005.6,9.47
23.25,40.9,3.21,1011.8,0.0
38.55,50.0,1.59,993.0,1.87
31.32,82.8,4.36,1002.0,145.44
14.58,70.8,0.5,1024.0,72.79
22.39,81.1,3.63,1009.4,0.0
14.61,51.3,3.24,1003.4,0.0
36.72,94.5,0.68,1009.7,13.18
27.81,80.4,2.17,1003.4,2.32
11.29,84.0,2.29,1021.7,1.17
30.82,48.6,2.48,1000.1,5.21
23.97,89.1,1.36,1003.8,6.75
16.87,62.3,15.0,996.1,3.54
40.58,57.0,0.67,1005.6,0.0
28.8,79.3,1.76,1006.6,7.84
25.8,78.5,5.01,1017.6,0.0
25.0,52.8,3.73,999.9,0.0
16.65,100.0,3.92,1011.9,12.5
18.22,100.0,1.2,1008.7,0.0
37.64,78.9,1.11,992.9,0.0
24.45,75.7,2.74,1002.2,0.05
28.17,73.9,1.09,1001.9,0.0
12.67,40.1,6.21,1021.5,0.0
18.11,70.0,9.7,1012.4,0.0
32.57,69.8,2.26,1009.2,0.0
30.83,57.6,2.88,980.0,0.0
41.15,62.4,2.74,992.7,0.66
38.07,30.0,2.8,1013.8,1.72
26.27,48.2,2.8,1014.3,2.47
31.55,84.6,0.73,1002.1,8.2
25.63,99.2,10.13,1008.2,0.19
43.41,51.0,4.82,1007.7,0.0
36.62,71.3,3.4,1009.4,0.0
29.27,87.8,4.0,1005.0,0.0
29.5,58.6,6.81,1014.5,5.24
38.84,80.2,3.57,1016.8,5.26
32.35,67.4,3.14,1000.3,2.64
39.69,89.4,9.11,998.4,0.0
11.55,44.9,1.72,1001.6,0.53
31.46,48.1,1.05,1008.4,0.7
24.13,73.0,5.7,1010.8,2.05
41.17,69.7,3.03,1014.3,11.6
39.6,67.0,6.14,1015.8,0.0
28.25,78.4,4.43,1010.9,0.0
39.52,51.2,1.32,1009.8,0.0
41.37,43.4,2.48,1021.2,0.0
28.56,59.0,2.99,1008.0,0.0
45.0,61.0,2.44,1012.7,0.0
27.76,62.9,4.07,1010.6,0.0
26.39,90.8,9.03,1006.6,0.0
34.49,81.9,5.68,1006.7,79.12
25.35,77.6,15.0,1018.6,0.0
28.64,72.0,0.68,1007.3,0.0
38.57,60.2,5.54,1005.2,3.07
28.14,52.6,6.17,1002.1,3.69
15.29,46.5,3.22,1011.4,0.0
30.75,55.5,1.2,1003.9,1.39
22.78,67.2,2.61,1010.7,0.0
34.49,47.2,0.5,1009.4,0.0
33.22,71.1,3.83,1004.6,0.0
39.04,64.5,11.19,996.8,2.8
34.81,60.8,2.25,999.8,0.45
36.18,88.9,3.7,1001.0,1.31
22.98,30.0,7.42,1000.0,0.0
34.03,61.1,1.96,1011.6,6.84
42.76,30.0,3.3,1025.0,0.24
22.84,72.3,4.68,1003.9,2.12
41.5,81.7,2.07,1004.9,0.25
23.88,43.7,2.8,1003.3,2.17
21.61,46.0,0.5,1014.9,4.48
30.22,37.4,3.72,1011.4,5.2
33.37,69.1,6.01,1007.9,1.12
34.84,61.9,2.45,998.3,0.0
20.79,63.0,1.49,1000.3,0.0
31.26,61.4,0.5,1009.4,0.0
22.86,50.5,6.58,1009.8,3.63
16.83,88.4,3.87,1007.9,0.0
21.03,72.9,1.57,1013.3,0.0
22.37,46.7,4.75,998.2,0.0
31.91,55.4,6.5,1010.4,0.0
36.64,52.3,4.2,1010.0,0.0
16.95,93.3,1.67,1000.3,2.97
30.64,80.8,2.73,1003.2,0.0
19.17,65.7,0.96,1013.5,0.0
32.72,98.7,1.6,998.9,0.0
23.33,94.1,3.22,1027.7,0.0
20.12,63.8,1.71,1012.4,0.0
34.0,60.6,4.22,1007.5,0.85
23.6,61.5,9.87,1006.0,0.0
25.63,50.9,4.65,1014.3,0.0
11.35,99.2,0.78,1004.7,0.27
35.1,49.9,2.41,1005.0,0.0
34.16,83.6,2.86,1019.6,3.52
28.04,80.4,11.58,1004.2,0.0
16.54,62.5,2.84,1009.1,0.0
37.07,100.0,4.78,1001.9,0.0
23.0,39.9,1.71,1010.1,0.16
24.6,66.6,1.82,1012.6,0.67
45.0,59.2,8.56,1021.5,0.0
22.72,85.3,2.49,1000.5,0.0
33.57,74.4,1.81,996.4,7.01
32.22,36.9,4.62,1005.9,0.7
30.93,90.3,4.32,1003.1,0.0
30.12,76.7,8.18,1007.9,4.4
30.82,49.4,5.49,1012.2,0.0
30.04,61.7,1.96,1026.1,0.0
27.61,44.6,3.23,1004.4,1.35
39.33,64.9,0.89,990.3,0.0
18.16,70.7,2.84,1006.1,0.0
35.66,62.0,4.82,1010.8,0.0
34.17,59.9,2.08,1000.2,0.0
33.24,39.0,2.5,1009.9,0.6
36.38,74.1,5.95,1009.1,115.11
27.31,33.4,11.57,1010.1,0.79
13.98,68.6,3.64,1014.3,3.26
27.46,35.6,4.44,1007.3,4.35
20.57,68.9,4.64,1012.4,1.28
22.51,67.9,4.59,993.6,5.07
18.68,75.3,0.95,1000.3,8.4
24.42,83.5,3.18,1005.3,2.56
23.53,86.9,2.57,1000.0,8.42
10.17,39.0,2.47,1008.1,3.45
33.25,67.0,4.97,1005.3,0.76
44.65,100.0,9.07,1004.4,0.0
32.55,70.1,8.91,1015.1,3.12
26.48,53.0,3.14,1008.7,0.0
27.59,66.6,3.7,999.3,0.01
24.84,61.1,1.93,1003.2,1.05
28.68,46.8,0.5,1014.0,0.18
27.72,83.6,9.52,1009.6,7.98
21.69,78.5,1.06,1017.6,4.06
40.62,44.0,3.04,1014.8,0.0
16.85,66.3,1.69,1004.9,0.0
33.39,57.8,2.38,1019.5,0.0
27.24,39.2,2.77,1020.1,0.0
42.26,42.5,9.97,993.7,5.4
30.56,45.2,1.24,1008.3,4.68
25.3,66.9,2.06,1003.6,0.0
26.14,59.8,4.48,1005.9,15.1
28.3,50.7,3.08,1001.5,0.0
19.43,60.9,3.67,1000.5,0.0
22.25,81.5,1.73,1015.2,0.0
14.61,74.4,1.19,998.7,0.0
21.08,86.0,3.85,1008.7,2.96
28.7,63.9,3.06,997.2,0.0
30.25,96.8,2.56,1018.2,66.56
13.16,74.3,0.97,1008.2,1.43
26.97,59.2,15.0,1014.0,10.54
32.23,69.7,1.84,1009.6,12.02
26.78,45.5,1.78,1006.0,1.02
23.25,62.5,2.88,1008.5,0.0
24.91,75.7,0.5,1020.1,0.37
23.94,79.0,2.63,1000.8,1.04
23.22,60.6,7.58,987.6,1.07
29.3,100.0,6.09,1001.7,0.0
45.0,64.9,1.66,998.3,8.77
22.42,37.8,2.48,1015.7,0.0
25.61,89.8,2.81,1006.6,0.0
27.61,78.9,4.2,1014.6,0.0
22.84,72.2,2.21,1008.3,0.0
36.24,59.6,4.88,1008.1,3.01
10.22,75.1,6.05,1009.3,3.92
24.02,97.1,1.15,1019.8,0.0
34.14,71.6,3.73,1009.5,0.0
25.79,41.5,7.72,1016.9,0.0
21.84,30.0,6.96,1016.4,0.0
31.31,74.9,5.48,1006.7,0.0
34.8,50.3,6.1,1007.4,0.0
29.58,66.2,3.31,1005.0,3.23
21.99,53.4,5.77,1018.3,0.0
31.42,52.1,4.15,1000.5,0.99
24.98,54.2,1.3,1002.2,2.67
33.59,55.9,1.51,1005.8,0.0
39.12,82.0,0.75,998.8,69.17
10.0,78.3,8.69,1003.3,0.0
28.83,46.3,2.22,1017.1,1.98
14.98,48.7,13.95,1013.2,6.46
45.0,74.8,2.85,1004.6,0.0
24.49,86.9,2.97,1014.4,0.0
33.6,86.7,2.0,1024.7,4.63
27.74,49.9,0.68,1010.5,0.0
21.98,85.8,10.76,1019.4,3.63
21.08,36.0,1.92,1014.8,8.9
39.89,64.3,1.12,1005.6,2.63
35.17,76.8,5.91,1009.6,0.0
42.58,30.6,4.58,1012.2,0.0
28.42,100.0,3.68,1002.0,3.33
30.16,91.9,1.94,987.1,53.51
26.0,79.6,2.52,1001.3,0.0
25.85,50.6,6.33,990.7,0.0
20.19,66.8,3.08,1002.0,0.0
28.63,82.2,0.82,994.3,0.0
22.08,47.8,1.0,1015.0,1.13
31.31,64.8,5.12,998.5,5.7
29.28,84.4,3.06,1012.4,0.0
30.16,41.1,0.5,1014.1,0.82
40.56,74.0,5.48,1013.6,0.0
27.72,36.4,6.12,993.1,8.86
33.68,51.0,1.24,1017.0,0.0
43.39,58.9,0.97,1011.4,1.49
37.8,77.2,7.35,1014.4,0.0
36.65,55.4,11.38,1022.6,0.56
25.7,70.3,1.68,1014.4,0.0
29.72,55.6,2.07,998.5,0.0
18.11,58.4,10.63,1013.2,0.0
31.74,90.5,1.59,996.0,0.0
30.06,47.3,3.33,1007.5,7.05
28.18,81.7,3.06,1004.0,0.0
35.7,68.0,1.06,1008.1,0.0
18.94,57.6,2.34,995.9,0.0
40.26,46.1,0.9,996.8,0.0
34.76,47.4,6.5,1004.4,6.63
27.47,54.7,3.36,1006.2,0.0
26.88,65.3,7.43,1004.6,0.0
31.6,78.9,1.31,1019.6,0.0
39.41,62.6,5.72,1011.4,0.0
28.76,63.8,1.15,1011.2,0.0
29.08,66.5,1.76,1004.9,0.29
28.14,76.6,0.71,996.9,0.0
41.37,79.6,1.95,1008.0,5.94
25.23,43.0,2.92,1022.5,0.0
27.78,62.9,4.15,1009.8,13.63
38.98,90.1,6.48,1016.9,0.0
29.1,44.3,2.83,1017.9,9.68
36.53,69.3,1.99,1012.5,3.68
21.17,64.9,2.59,1009.8,1.29
26.46,57.8,2.69,1000.1,1.08
39.13,96.6,3.4,1006.3,10.89
22.93,68.7,1.92,1005.1,0.0
26.87,95.2,4.15,1010.6,0.0
29.93,68.1,2.5,996.7,10.85
20.58,76.3,2.56,1003.7,0.81
24.9,57.6,5.54,1011.2,0.0
28.84,57.8,0.59,1002.4,0.85
28.35,75.4,1.52,1000.7,0.94
37.6,75.7,5.61,1001.7,4.27
39.56,78.8,5.89,1005.8,0.0
21.58,74.8,6.14,989.0,0.0
28.83,43.9,6.69,1002.0,4.45
33.06,53.5,9.2,1015.6,0.0
39.37,83.3,5.45,1010.6,122.62
33.39,32.7,9.97,1011.4,0.0
30.18,73.3,7.51,993.4,0.0
33.0,66.0,0.5,1004.7,0.0
33.05,83.3,1.12,1007.1,0.0
21.04,75.5,2.98,1011.7,0.0
29.45,56.0,6.27,1016.9,10.9
38.94,55.2,5.97,1015.6,0.0
26.44,58.6,5.64,1003.3,4.11
28.97,78.4,2.15,1003.5,122.8
26.18,30.0,5.07,1019.3,0.0
10.65,70.8,4.81,1005.1,4.55
28.15,52.1,3.59,999.3,0.0
30.26,71.4,3.04,1006.3,0.0
24.16,74.2,2.26,1018.8,0.02
19.34,38.1,1.8,1000.8,1.79
21.4,63.9,3.74,1004.6,5.73
33.73,70.8,8.78,1001.1,0.0
42.79,69.6,0.68,1015.7,0.0
38.37,65.8,5.83,1010.3,0.0
17.92,46.0,10.21,1015.4,3.81
34.41,48.8,9.18,1020.5,9.1
23.03,43.2,2.01,995.9,0.0
23.63,78.0,2.58,1001.9,0.0
24.54,65.9,2.29,1004.5,0.0
33.3,67.1,12.53,1008.6,7.13
35.19,37.3,3.21,1012.0,0.0
27.26,67.4,2.51,1004.1,8.4
27.39,79.4,2.12,1002.5,2.92
31.48,34.8,6.45,1015.7,7.18
32.26,58.4,5.11,1012.4,5.52
36.82,39.7,8.91,1010.5,3.38
18.37,60.4,4.17,990.8,0.0
28.15,51.8,15.0,1017.7,0.0
19.99,74.9,8.39,1009.5,3.42
27.62,71.0,3.75,1006.7,0.09
26.3,91.2,2.35,1001.4,2.1
27.65,67.0,3.47,1002.9,0.0
22.0,74.1,5.61,1000.9,0.94
16.85,58.0,4.93,992.0,0.0
12.29,48.1,1.79,1001.5,0.0
27.02,83.0,8.93,995.2,0.0
24.77,90.4,1.28,1007.5,111.06
22.93,80.7,1.08,998.8,0.0
37.92,70.4,4.51,1013.8,0.0
21.55,50.5,8.18,994.7,3.69
38.63,88.5,2.73,1017.6,10.39
40.18,78.4,5.63,1014.7,3.48
13.37,100.0,2.38,999.5,0.0
28.69,47.2,10.67,1007.2,0.0
25.0,83.5,8.07,1001.2,70.64
10.0,77.9,7.13,1012.6,0.28
17.17,61.8,3.19,1022.4,0.0
33.81,92.5,7.68,1017.4,0.0
43.14,75.2,2.81,1002.5,1.69
34.77,51.1,0.54,1008.9,7.69
30.43,65.9,4.65,1020.2,0.0
27.84,50.9,1.76,1012.2,1.89
40.62,59.6,5.75,1016.1,0.0
44.11,80.7,7.89,1013.2,0.0
23.6,85.8,1.75,1008.6,0.0
13.0,72.0,3.0,1007.4,0.0
12.26,54.5,1.02,998.3,0.0
37.91,74.9,7.17,1001.9,1.7
27.65,81.0,3.62,1000.8,0.0
29.37,32.5,1.17,1005.2,0.03
14.57,70.1,4.49,1008.8,0.0
22.35,64.6,8.96,1007.1,0.0
25.78,85.2,5.04,1009.7,3.27
29.56,74.9,7.44,1013.3,1.66
25.01,76.7,2.85,1004.7,139.49
20.22,59.3,3.93,1013.9,5.82
22.12,68.0,1.02,1017.1,3.9
37.06,85.0,3.11,1011.3,0.0
29.84,66.8,6.68,1003.6,0.99
32.59,71.1,5.21,1015.6,0.0
21.26,40.4,3.57,1011.9,0.88
10.0,66.8,5.47,1013.0,0.0
24.08,31.8,5.9,1020.3,0.0
21.5,58.7,1.12,1013.7,0.0
30.62,69.1,5.26,1020.6,0.0
45.0,81.8,4.32,1006.8,0.0
33.21,50.0,1.14,1004.5,2.93
45.0,74.7,2.28,1017.2,2.49
32.27,94.4,0.76,1000.1,2.94
23.28,56.5,3.89,1023.1,2.08
30.61,40.2,2.57,1018.4,0.0
41.35,73.2,0.97,1008.7,0.0
41.72,46.5,3.25,1017.6,1.33
23.68,53.3,3.43,1013.3,0.0
29.9,84.6,3.51,997.7,3.8
17.28,100.0,2.14,1001.5,0.0
34.19,50.0,4.93,1010.3,0.0
39.65,54.7,2.55,1009.3,3.52
28.3,60.1,3.57,1018.5,0.0
22.99,58.1,5.26,1010.4,0.0
30.7,100.0,6.93,997.9,0.0
31.13,58.4,2.82,1003.6,0.0
28.61,61.0,3.28,1013.9,3.56
29.34,97.1,3.13,993.4,0.0
26.7,78.4,3.26,996.7,115.83
35.47,85.7,2.07,1005.0,0.0
33.52,51.7,6.81,1015.4,0.0
20.63,58.5,0.65,1006.3,0.0
20.42,49.3,2.53,1011.7,1.57
26.09,82.4,1.17,1008.0,6.21
33.53,90.1,5.03,1006.9,0.0
29.11,57.2,13.78,1002.8,14.72
23.18,61.4,7.09,1014.7,0.83
29.96,62.2,0.68,998.0,0.0
25.52,40.1,3.04,1006.1,0.18
34.6,55.9,5.82,1017.2,0.0
30.5,81.9,5.19,1001.9,0.69
25.64,52.2,3.68,995.5,0.0
29.74,69.7,5.32,991.1,0.0
37.86,44.5,3.79,1013.3,1.24
23.73,65.4,6.72,1013.9,0.0
31.02,57.9,9.15,1005.2,0.0
27.47,46.0,1.99,997.8,0.0
31.2,82.2,3.23,1006.8,0.0
23.09,83.2,6.33,1017.4,3.37
28.83,50.5,1.97,997.8,8.58
36.31,64.1,1.91,1016.5,0.34
20.97,68.8,6.29,994.4,2.23
18.03,35.3,0.5,998.9,0.0
18.31,42.9,1.45,1008.9,0.0
19.22,91.2,3.64,1015.6,1.43
32.46,48.8,7.72,1019.8,0.0
17.46,90.6,1.53,1015.9,0.0
25.77,43.8,1.45,1020.4,0.31
32.64,79.9,1.95,1009.5,1.85
31.12,62.4,6.43,1003.0,0.0
25.11,64.9,7.24,1017.5,0.0
29.43,100.0,3.18,1018.9,2.11
28.8,45.4,2.29,1015.4,5.91
26.32,78.7,4.25,1012.9,0.0
26.42,78.0,6.11,1019.1,0.0
44.77,100.0,2.14,1010.7,6.37
34.07,48.6,1.04,1007.8,0.63
45.0,56.7,1.02,1013.8,1.09
24.27,82.7,1.56,1011.8,0.61
27.36,64.4,4.85,1015.1,8.89
18.01,59.7,3.03,1006.9,4.95
21.93,85.2,0.86,1015.3,5.11
42.26,63.2,0.53,1014.9,0.0
24.08,51.9,4.73,1009.7,0.0
42.39,81.1,1.2,1002.0,0.83
18.67,74.8,4.15,1017.9,0.0
20.1,62.4,6.87,998.3,2.3
25.44,61.5,2.14,1000.3,0.0
27.52,51.5,8.47,1009.3,0.0
34.92,81.1,1.33,987.9,0.0
31.38,61.5,4.96,1020.3,0.0
24.88,54.1,10.54,1008.1,0.0
27.0,44.9,1.42,1020.3,0.0
25.61,75.1,5.74,1022.4,0.0
21.14,58.8,1.21,1006.8,2.77
21.34,31.8,5.88,1018.8,3.45
35.71,46.3,3.82,999.5,9.07
14.29,63.8,7.2,1011.5,0.0
40.13,64.3,3.98,1004.2,2.62
25.43,63.6,1.64,1013.6,0.54
22.21,61.1,1.86,1015.1,0.0
33.55,41.4,0.75,1006.7,0.49
39.14,52.3,4.11,1012.4,15.11
36.38,89.3,7.91,1015.6,5.85
31.76,86.7,5.83,1009.5,0.32
36.15,78.4,1.79,1028.3,0.0
15.13,76.8,4.24,1006.9,0.0
24.09,84.3,8.78,1021.2,1.33
21.17,47.8,1.73,1017.2,0.0
37.18,68.6,7.59,993.1,1.98
25.12,47.8,5.08,1019.9,0.0
34.34,48.1,2.71,1016.6,0.0
32.02,74.6,4.75,1008.9,0.0
21.53,85.0,4.3,1011.0,93.74
23.6,64.5,1.68,1011.9,5.19
37.7,97.7,2.63,1019.0,0.0
22.18,71.8,7.14,1004.7,0.0
28.94,54.0,3.76,1020.7,4.01
22.13,48.4,3.84,999.3,2.27
25.65,86.3,5.42,993.9,5.62
27.65,70.3,1.64,1012.7,0.0
22.13,80.2,9.52,1018.1,0.0
20.8,30.0,2.39,1006.6,0.0
30.15,72.4,1.08,989.9,0.0
21.66,58.8,3.55,996.1,0.0
21.92,42.9,3.42,1011.5,1.74
20.96,66.9,9.43,1007.9,0.0
27.42,87.7,3.4,1018.3,0.0
35.08,100.0,3.3,1008.6,0.0
39.3,72.4,2.15,1002.1,0.0
22.56,55.2,2.75,1010.5,12.1
44.13,54.1,8.8,1016.1,0.83
20.46,85.3,2.72,1018.8,1.69
36.13,50.1,4.46,1007.1,0.49
22.59,79.2,2.05,1008.5,10.27
21.47,73.3,8.03,1014.2,0.0
22.41,71.3,2.68,1002.0,0.0
27.61,39.8,3.3,1013.9,0.0
32.35,61.6,3.38,1006.1,0.0
33.02,41.8,5.06,1007.4,2.16
20.92,57.4,3.66,1008.0,0.0
20.58,84.5,2.52,1009.0,122.71
21.13,90.2,10.45,1023.3,2.71
27.16,71.9,3.42,1004.2,0.97
26.42,57.7,15.0,1004.7,0.0
20.87,96.6,1.59,1019.6,0.0
30.02,57.5,1.17,1011.6,0.0
44.97,47.6,2.63,1014.1,6.08
24.21,80.5,2.74,999.8,0.0
24.75,76.2,1.25,1010.0,0.0
32.2,58.2,1.12,1014.5,2.06
23.81,69.8,3.4,1002.6,0.0
33.02,76.0,4.74,1013.0,1.04
22.61,71.7,3.07,1006.4,23.34
41.74,76.3,3.84,1002.8,0.0
30.59,58.9,5.5,1016.1,12.63
23.35,77.5,1.63,1017.1,0.0
23.58,68.3,5.96,1009.0,0.0
24.15,59.5,3.48,1011.6,1.05
38.3,63.6,2.69,1018.6,0.0
18.48,66.2,5.17,1004.8,0.0
22.99,42.0,1.69,1010.8,5.96
23.79,56.5,8.42,1004.9,13.06
27.88,69.2,0.89,999.9,0.0
25.97,43.7,4.58,1004.8,4.67
16.82,56.8,5.33,999.0,0.0
25.0,100.0,7.2,1011.4,0.0
27.25,47.7,5.09,1001.8,0.0
23.29,61.1,9.45,996.8,0.0
33.15,53.0,11.79,1013.9,0.0
34.9,65.9,8.76,1013.4,0.0
27.41,53.3,4.22,1005.4,6.15
29.73,63.6,5.03,1013.6,5.07
11.79,55.1,1.26,1001.6,0.0
24.84,87.0,3.12,1005.0,1.79
35.54,69.5,4.3,1011.3,0.0
24.82,49.9,3.0,1016.3,0.0
22.47,83.1,3.15,1004.9,8.28
45.0,50.8,3.44,1003.2,0.0
41.64,39.8,0.74,1015.9,1.17
31.51,67.9,3.44,1012.9,3.66
36.54,100.0,2.52,1009.2,0.0
11.31,35.1,3.69,1017.4,4.29
22.09,44.0,2.39,1023.6,0.0
24.48,81.5,2.11,1010.9,2.54
26.23,56.4,4.78,1003.3,0.0
24.33,79.0,3.95,1012.0,3.21
10.0,52.9,2.99,1001.4,0.0
30.9,70.6,6.85,1017.9,0.0
32.08,99.4,1.33,1002.4,0.0
40.01,46.5,1.63,1006.5,1.5
22.09,86.4,0.5,1001.3,3.72
21.47,80.2,4.53,1009.5,5.77
10.0,41.2,4.06,1009.7,1.84
25.8,78.1,2.46,1013.9,0.0
34.76,69.3,0.63,1009.0,0.0
23.41,69.6,1.11,1008.4,0.0
44.08,74.1,8.92,1003.4,0.0
26.08,61.7,1.29,1005.7,0.0
29.1,69.3,1.43,996.9,0.91
17.78,72.3,1.95,1019.1,0.0
30.15,81.4,0.5,1007.2,2.15
13.16,40.5,4.53,1021.1,0.0
33.2,91.2,8.46,1007.0,0.0
33.43,47.2,1.09,992.8,0.0
38.19,81.7,6.23,1004.4,4.36
20.35,69.4,5.39,1008.0,0.0
29.2,44.9,1.89,1008.5,1.68
32.23,77.5,3.08,1013.4,0.0
31.32,51.0,5.37,1009.4,0.0
21.51,87.2,6.17,1005.3,2.52
10.06,55.2,3.42,1000.7,0.0
30.6,41.1,4.74,1004.7,2.81
26.86,95.6,1.94,1012.8,0.0
23.75,71.3,0.5,1014.9,2.1
33.73,83.6,3.53,1002.6,0.0
27.66,52.7,2.28,1016.1,1.45
18.11,33.9,1.82,1012.6,0.0
13.51,98.2,0.99,1000.9,0.0
19.53,67.9,1.8,1010.0,0.0
45.0,76.8,4.08,1011.0,0.0
33.42,79.8,3.85,999.5,0.0
29.41,62.0,7.14,997.1,10.64
26.64,72.1,1.94,1011.8,5.29
26.14,96.7,5.62,1004.4,0.0
36.75,67.4,4.2,1020.1,0.0
24.32,85.0,2.22,1021.8,21.54
32.33,32.2,1.71,1011.8,4.44
25.39,88.2,11.92,1015.6,0.0
42.55,40.6,4.91,999.8,3.29
33.57,86.2,2.53,997.3,9.97
37.34,75.0,3.51,1006.9,0.75
23.62,66.3,3.69,997.7,5.2
35.94,66.2,3.04,1010.5,1.88
25.66,63.5,2.96,1001.7,0.54
28.83,53.2,3.28,1009.5,0.0
40.26,64.3,2.54,1006.6,0.0
20.18,100.0,4.56,1013.1,0.0
29.52,91.4,2.67,1010.6,0.0
31.29,52.3,2.23,1004.8,0.0
31.9,72.8,1.44,997.1,3.42
24.62,69.7,2.93,1009.3,0.0
43.65,65.4,5.52,994.1,0.0
18.29,50.0,5.18,1018.0,0.0
38.94,76.0,4.37,1012.2,115.99
37.11,83.2,3.91,1014.7,0.0
42.26,53.0,2.51,1000.2,6.86
16.09,100.0,9.19,1010.8,0.0
21.48,95.4,14.01,1002.7,0.16
39.19,77.9,0.56,1009.2,0.0
13.92,45.8,3.43,1000.0,0.39
15.95,75.2,7.95,1007.3,0.0
24.34,73.1,1.11,997.0,0.0
29.44,77.2,8.51,1006.7,0.0
39.94,96.6,7.21,994.8,0.59
26.61,64.8,7.75,1022.0,6.26
23.44,100.0,0.67,1009.3,0.0
30.34,75.3,4.92,1008.0,0.0
31.52,62.8,3.49,1013.4,5.49
31.31,100.0,5.65,997.6,0.0
26.67,82.9,11.46,1001.8,0.0
13.34,59.8,3.27,1012.2,0.0
21.12,69.5,2.03,1009.3,0.0
38.65,79.4,2.31,1002.2,146.21
29.4,65.3,4.8,1013.2,1.1
25.58,70.4,1.81,1010.4,0.0
36.39,53.3,6.63,1012.0,0.29
19.52,37.7,2.4,1011.1,0.0
26.31,69.9,2.04,1002.5,0.0
29.03,70.5,2.82,1007.4,1.04
24.69,77.5,5.64,993.1,0.0
28.76,57.6,2.67,1003.9,0.0
26.59,43.9,4.52,1006.0,0.0
17.5,50.6,0.5,1013.0,4.16
29.36,87.0,3.32,1012.1,0.02
18.04,56.0,6.27,1002.0,0.0
29.24,60.0,2.34,1001.8,0.0
38.31,62.4,6.61,1018.5,1.75
25.89,56.9,1.16,1005.6,0.0
19.21,55.5,6.42,1008.9,0.0
27.05,52.3,0.79,1014.3,0.0
21.76,93.2,3.16,1007.4,5.05
32.46,80.2,6.56,1006.8,0.0
26.89,90.5,2.05,1005.5,0.0
40.82,94.1,11.82,1003.9,0.0
36.72,30.0,2.66,1009.1,0.85
26.85,74.2,2.8,993.4,0.0
33.37,57.4,1.06,1005.1,4.58
25.05,88.1,1.86,1012.3,0.0
28.25,54.7,1.05,1011.4,4.69
25.29,49.0,4.83,1019.3,0.0
33.75,42.2,1.69,1014.7,2.27
38.75,62.6,6.35,1011.3,0.22
33.99,84.5,1.04,1008.2,1.92
34.91,72.6,10.32,1004.3,0.0
34.92,46.4,4.61,1012.0,0.0
32.13,100.0,0.95,1010.6,0.0
19.46,79.7,3.14,1005.0,0.0
40.76,82.0,3.96,1001.1,0.36
41.53,91.1,6.82,1007.6,2.16
26.25,38.5,5.73,1017.2,2.29
25.22,51.6,6.12,1008.9,0.0
32.59,82.8,0.5,1008.2,0.0
32.13,53.4,3.34,1011.4,0.14
26.49,63.0,3.0,1011.9,4.81
18.62,66.6,3.81,1010.0,0.0
30.29,45.0,6.58,1007.7,0.87
32.14,61.5,9.76,1003.9,0.0
33.44,84.5,7.86,1016.0,0.0
30.62,81.1,2.33,1004.6,2.29
25.97,88.0,3.2,1020.6,0.47
35.46,86.2,3.92,1009.2,12.6
28.49,75.3,5.63,1008.4,4.52
24.51,73.9,5.84,1014.1,0.96
26.65,72.6,4.83,1002.8,10.44
14.91,56.7,1.24,1012.6,0.0
26.63,49.5,3.2,1008.9,1.94
33.16,55.6,1.76,1011.3,0.0
30.55,62.1,4.82,1002.5,0.0
39.4,56.2,1.25,1002.5,12.68
26.03,75.4,2.67,993.3,1.99
31.65,71.6,8.86,1004.3,0.0
33.95,73.6,4.45,1003.9,0.0
45.0,74.3,3.96,1002.7,0.0
29.09,89.5,2.21,1007.1,0.0
20.17,67.8,10.52,1008.5,1.47
34.36,86.2,8.65,1012.0,0.94
41.99,77.3,9.03,1012.5,10.27
25.58,88.3,2.83,1013.2,0.0
34.31,97.1,0.5,1013.5,0.0
37.22,78.4,1.23,1010.2,0.0
35.63,69.9,4.25,1008.4,5.49
28.94,69.8,3.25,1015.4,0.0
22.76,59.5,2.66,1013.5,4.86
27.39,58.9,3.26,996.1,0.0
31.44,84.2,0.5,1006.6,1.16
34.81,50.7,3.58,993.6,5.86
30.5,97.1,6.79,993.4,2.05
25.15,65.3,0.5,1003.9,0.0
32.17,100.0,3.44,1007.0,3.6
34.45,55.5,2.49,1004.6,0.0
30.85,72.5,0.71,993.8,2.56
21.73,61.7,8.53,1014.2,0.0
26.64,53.7,2.93,1002.3,0.0
35.11,87.1,1.23,1011.9,0.0
17.63,48.1,2.07,1002.6,7.02
12.3,55.8,0.5,1004.0,6.2
39.31,78.6,3.11,1011.5,119.81
31.84,81.4,2.14,1005.2,0.0
32.55,42.9,2.47,1009.4,0.52
19.92,78.5,2.94,1010.2,0.0
33.53,70.3,4.21,996.6,4.89
30.06,51.5,7.17,1011.8,0.0
16.12,53.8,8.01,1000.5,0.0
38.68,31.4,2.48,999.1,0.0
29.19,98.9,6.89,1002.2,0.94
25.03,86.3,3.85,1014.5,0.0
25.17,44.8,7.17,995.2,0.33
12.89,82.4,4.2,1013.2,4.14
32.45,57.7,5.34,1010.7,0.0
29.96,84.5,6.28,1008.6,0.0
26.54,59.1,1.08,1010.0,0.0
37.59,61.5,4.78,1005.7,0.0
17.62,62.8,9.82,1013.5,0.0
23.52,56.2,2.51,1004.6,0.0
21.62,93.2,2.82,995.0,2.7
25.91,84.2,0.5,1007.4,0.75
28.51,70.0,5.67,1014.4,3.12
31.23,86.4,1.8,1011.9,0.0
25.4,38.7,2.06,1022.5,2.87
21.42,45.9,3.34,1006.0,0.0
40.65,76.5,2.51,1006.7,0.0
45.0,81.2,4.89,1006.1,1.76
29.07,73.0,7.95,1001.8,9.96
22.32,34.1,4.88,1004.2,0.0
39.07,48.9,1.03,999.7,0.0
17.15,75.5,0.94,989.6,0.99
25.49,100.0,2.85,1003.4,0.0
22.78,89.9,4.65,1008.2,0.0
19.3,96.4,7.89,1013.0,0.29
25.9,74.1,3.52,1003.4,8.59
21.52,74.0,3.23,1003.5,0.0
28.09,49.4,3.16,1016.2,5.58
28.2,85.1,3.86,997.4,4.12
23.34,66.7,0.87,1006.7,0.64
25.22,80.5,3.63,1015.7,1.58
26.27,68.6,3.41,1002.3,0.0
34.07,73.0,1.11,995.7,15.58
26.89,66.4,10.25,1021.7,0.42
34.19,72.0,0.78,1014.4,2.83
32.39,86.0,2.65,1014.6,5.17
32.29,45.2,2.63,1007.3,0.0
38.41,41.1,1.45,1013.1,0.0
19.6,75.7,4.4,988.1,67.98
24.45,93.9,5.82,1004.5,0.82
41.22,98.5,5.53,1015.6,4.16
26.07,46.0,9.27,996.8,4.51
10.0,60.7,1.45,1005.3,2.86
26.48,41.4,1.02,1010.6,8.25
29.01,58.1,7.6,1001.7,1.63
10.0,88.2,0.62,1008.1,4.53
38.0,67.8,3.06,1011.1,4.52
22.65,61.3,1.75,1010.4,2.18
30.46,77.8,4.75,1004.8,6.17
26.31,53.7,10.56,1001.4,2.61
18.34,96.7,3.52,1011.2,0.0
19.97,68.1,6.99,1010.7,0.0
20.99,60.8,10.13,1010.3,4.1
36.14,78.6,1.72,1008.9,76.92
26.89,84.9,0.68,1010.7,0.0
24.09,96.7,3.15,1015.0,0.53
20.99,64.2,1.22,1010.5,0.74
36.97,87.5,3.37,1008.8,2.3
38.98,69.8,1.14,1003.8,0.0
36.89,57.0,5.46,1019.1,0.0
31.69,54.0,2.78,999.0,0.58
30.17,48.3,2.61,1006.4,4.39
18.88,54.6,1.64,1003.9,0.0
26.16,88.1,5.62,993.4,0.0
22.87,80.7,2.92,1010.8,1.3
14.31,45.7,9.73,1006.4,2.12
35.93,36.6,1.91,1008.3,0.0
22.78,48.0,7.85,1006.6,0.0
36.97,54.0,6.11,1014.0,0.0
34.61,62.5,6.88,1015.1,0.65
32.18,89.1,0.64,999.2,0.0
32.6,58.1,4.84,1022.1,0.0
23.39,98.2,1.34,1006.1,0.0
41.93,37.8,1.29,1012.7,0.0
28.32,61.7,14.83,1009.4,0.0
30.26,82.1,1.18,1008.8,2.57
23.13,83.2,3.85,1012.5,0.0
21.02,62.0,2.22,1018.5,5.17
31.58,86.0,9.39,1014.2,87.58
29.63,82.6,3.74,1006.1,0.0
22.08,55.7,2.48,1007.3,0.0
17.21,73.7,1.84,1003.5,0.0
18.48,80.7,9.5,1013.7,3.14
36.97,57.0,4.21,1012.7,2.77
23.4,98.5,2.19,1005.3,12.62
25.46,53.0,2.47,1018.6,0.0
38.88,70.6,1.56,1016.6,0.0
19.58,45.5,1.56,1022.6,7.64
22.55,69.9,3.18,1001.7,0.0
22.23,48.8,3.34,1007.2,0.0
40.14,62.7,1.54,1006.4,0.0
42.95,39.4,7.88,1028.8,0.0
33.64,82.4,3.49,1008.1,0.29
33.88,74.4,6.97,1018.1,1.74
23.65,87.6,6.46,1016.3,2.34
42.6,61.7,1.41,1007.3,0.0
30.01,88.4,3.47,1008.4,0.0
34.4,68.7,3.32,1012.2,0.0
27.21,70.0,8.1,1018.1,0.0
25.99,100.0,2.01,1006.6,0.19
40.47,59.3,2.18,1003.9,1.16
32.05,90.1,0.98,1015.5,0.0
38.89,76.6,1.8,998.8,0.0
29.91,57.7,4.41,1010.0,5.39
21.64,44.3,3.23,1016.5,0.0
23.62,49.4,4.36,1011.4,0.0
28.77,88.4,3.62,1003.5,7.06
23.3,99.2,5.42,1000.0,0.0
19.69,69.6,7.71,1017.5,0.0
37.01,70.6,5.55,1006.6,56.69
23.91,82.0,6.64,1000.8,1.05
29.04,69.3,2.59,1017.1,7.12
30.22,87.8,8.68,1014.4,3.92
23.59,73.2,2.15,999.6,0.98
38.88,70.4,2.19,1028.1,0.0
19.62,55.4,3.22,1003.7,4.85
29.96,51.0,1.1,1014.3,0.0
29.85,30.0,7.8,1023.9,0.0
27.59,90.2,1.97,1015.1,0.0
18.27,65.4,7.1,1010.1,1.99
34.53,60.8,9.25,996.5,0.0
33.58,32.9,7.99,1024.3,0.22
22.93,56.5,4.3,1014.9,0.0
33.31,54.1,4.83,996.7,2.44
30.81,53.7,8.78,1020.4,0.0
18.4,74.0,1.22,1008.5,5.34
21.6,70.2,15.0,1005.8,0.0
36.54,43.5,3.3,1003.4,0.0
30.32,44.6,1.46,1009.4,0.0
23.77,44.6,7.76,1014.5,0.18
21.56,100.0,3.43,1004.0,0.0
24.13,94.9,1.72,1009.0,0.0
24.67,52.7,1.93,1030.0,6.19
21.66,32.4,1.0,1011.8,0.0
14.94,70.3,2.26,1015.7,0.0
36.55,68.8,1.47,1000.3,0.0
35.28,73.7,4.41,997.1,2.94
18.45,81.3,3.72,1019.7,0.0
29.02,76.1,2.48,1017.4,0.0
21.23,47.9,6.64,1021.7,0.0
26.04,73.3,15.0,1007.4,8.76
25.41,83.4,1.64,1018.0,6.46
24.79,55.0,1.44,987.6,9.84
43.02,73.4,3.77,1012.3,0.0
24.7,58.0,0.56,1016.3,0.0
21.94,100.0,5.09,1002.5,0.0
22.28,44.1,2.32,1016.4,2.27
35.83,88.8,3.39,1006.6,139.52
15.61,37.9,1.38,1007.4,0.0
22.28,100.0,4.68,1005.9,1.22
38.85,47.5,5.82,1020.7,0.45
29.83,71.4,8.38,1004.4,0.0
29.44,38.7,6.27,1003.4,2.49
43.99,43.7,1.79,1001.1,1.84
29.85,84.2,2.57,1005.1,5.43
22.69,86.5,3.38,1009.6,2.38
25.88,72.3,7.72,1013.1,1.28
19.48,81.3,2.62,1002.0,0.0
37.42,86.8,6.83,1011.0,0.0
32.31,55.7,6.64,1012.9,6.92
36.43,42.8,5.05,1000.5,3.73
37.1,67.8,3.94,1008.5,0.0
24.89,57.6,15.0,1007.3,3.23
20.91,75.0,5.56,1008.6,0.91
27.61,77.9,2.23,1003.8,0.0
21.45,55.7,5.77,1006.9,3.21
29.24,80.7,1.0,1008.2,2.94
36.49,79.8,2.99,1022.9,0.0
26.74,81.0,4.7,1008.4,0.16
29.12,60.7,2.54,1018.7,0.0
27.3,82.0,7.71,1019.3,0.0
34.02,77.4,3.22,997.4,5.56
22.99,79.5,7.21,1005.7,0.93
11.53,98.2,5.97,1019.3,0.0
31.53,73.9,1.98,1009.4,1.39
35.41,57.1,2.2,1007.1,0.0
31.35,48.0,3.12,1014.0,0.0
23.2,88.3,0.5,1016.5,0.0
19.49,74.4,1.33,1007.8,0.0
31.71,98.1,4.7,1005.8,0.85
29.06,31.5,0.5,989.1,0.0
27.06,84.4,2.72,1008.4,5.53
41.67,63.3,1.4,1005.0,0.0
20.9,61.6,4.64,999.9,0.0
41.31,54.2,3.65,1006.4,0.0
28.24,84.2,4.79,1004.7,0.0
14.23,79.0,2.12,1009.4,1.57
26.66,47.4,1.05,1005.8,0.0
35.2,71.0,4.8,1011.6,0.0
25.26,80.7,6.15,1009.4,0.0
16.94,71.2,1.83,1018.2,0.0
26.77,87.9,1.65,1003.7,0.59
21.57,62.8,13.18,1022.2,4.35
31.69,30.0,3.36,1016.5,1.09
33.8,71.4,5.2,1019.9,1.89
20.08,71.3,7.49,1010.0,132.92
22.71,73.6,5.74,1005.7,3.29
33.67,87.9,6.8,1003.7,0.0
21.56,32.9,3.18,1022.0,3.73
19.88,63.7,2.8,1016.8,1.87
19.16,51.4,3.38,999.9,4.38
30.64,46.3,6.98,1015.8,0.0
30.32,66.7,0.5,1001.4,0.0
22.87,80.6,3.06,1010.6,0.0
28.04,73.4,3.92,1014.6,0.0
39.45,55.6,3.16,1019.7,0.0
20.69,65.4,3.26,1009.9,7.58
13.36,84.7,0.89,1006.9,0.0
31.41,80.3,7.02,1008.4,0.0
27.17,58.1,3.31,1016.5,0.45
22.67,56.9,3.4,1014.3,0.66
32.89,37.1,4.13,1007.9,0.0
34.29,60.3,1.52,993.1,6.59
11.44,36.8,3.61,988.5,1.08
23.11,100.0,6.58,1009.8,4.27
45.0,52.6,2.97,998.6,0.0
32.38,88.0,0.8,1003.8,0.0
33.07,100.0,5.51,1006.2,0.0
36.8,71.9,1.12,1024.6,60.4
28.13,66.2,5.93,1009.0,3.54
33.98,44.2,9.95,1013.8,0.0
33.39,58.9,4.02,1012.0,0.0
32.04,96.9,2.01,988.6,16.23
25.58,74.3,0.98,1004.8,0.0
29.29,68.5,1.24,998.2,6.68
23.59,91.6,1.05,1021.8,0.0
28.1,80.5,7.22,993.4,8.22
19.24,65.3,5.0,1004.6,16.47
22.07,71.9,5.08,1005.9,0.0
25.88,54.2,1.99,1000.1,0.0
20.92,57.9,1.07,1008.8,3.2
24.21,64.3,3.25,1007.7,0.0
26.77,78.0,2.7,1009.3,0.0
31.02,45.5,1.29,1012.0,0.0
35.12,69.4,2.08,1009.9,0.0
24.52,61.0,3.22,1011.0,0.0
38.01,51.8,4.48,1016.9,0.0
35.04,61.1,1.2,994.8,3.97
31.78,30.0,2.14,1013.6,0.98
29.15,54.4,5.11,999.6,0.0
30.39,48.2,4.81,1002.9,0.0
36.9,63.0,2.55,1009.0,0.0
37.18,30.0,0.89,1011.3,0.0
38.01,71.4,2.2,1012.2,3.13
28.31,84.4,4.42,1000.4,2.84
32.16,65.9,2.1,1021.0,0.34
38.08,77.0,6.13,1004.7,0.0
23.32,58.8,2.27,1002.2,0.0
25.61,40.0,15.0,997.8,0.0
28.12,68.0,1.54,997.0,0.0
34.75,80.2,2.78,996.8,0.0
34.86,44.2,6.37,1010.5,0.0
26.27,59.6,14.43,1012.8,0.0
16.69,63.6,3.76,1001.1,0.0
29.85,100.0,1.14,998.9,0.0
21.11,72.0,3.0,1006.3,0.0
16.83,33.7,3.84,1008.8,0.0
18.52,30.0,4.06,1010.1,0.0
30.45,81.1,5.58,1000.3,0.84
38.21,100.0,6.97,1006.7,0.0
28.29,62.9,3.15,1020.5,5.19
29.59,61.9,11.32,998.4,1.72
36.87,75.8,0.77,1007.8,1.02
16.42,53.6,1.18,1012.0,0.0
31.9,30.0,0.52,1000.3,0.36
27.91,86.7,4.97,1012.9,0.0
32.25,57.0,7.6,997.3,0.0
24.37,86.9,3.47,1013.1,0.0
21.87,54.3,7.74,1008.3,0.0
29.05,70.2,2.89,996.6,6.66
40.37,83.4,1.86,1013.5,50.04
34.46,87.3,5.53,1000.8,0.0
24.19,72.2,1.61,1006.8,0.0
17.94,71.3,4.31,1013.0,0.0
15.38,79.2,1.49,1000.3,0.16
37.87,76.4,1.54,1003.8,0.0
20.84,44.8,1.7,1017.0,0.0
25.56,45.1,2.45,991.4,0.0
37.91,30.0,5.61,1019.3,0.0
15.9,81.8,3.82,996.3,0.0
39.19,60.9,3.77,1002.4,1.03
26.1,82.8,4.7,1010.3,0.0
19.39,75.3,7.14,1012.8,0.0
26.14,50.0,5.67,1010.4,0.0
22.58,65.8,3.13,1008.4,0.94
31.31,59.8,2.54,1004.5,0.06
23.14,57.0,7.23,1020.5,0.0
13.66,84.5,1.81,1014.2,0.14
26.35,100.0,3.21,1017.4,0.0
17.83,88.1,1.86,1004.6,0.99
29.53,67.5,2.84,989.4,0.0
19.1,90.7,1.92,1016.2,0.0
24.34,98.8,2.22,1010.9,0.89
29.37,42.9,1.61,1009.5,3.54
26.41,90.0,4.35,1003.5,0.0
29.88,81.9,0.73,1005.2,0.0
33.1,89.4,2.17,1003.2,3.63
19.32,82.6,1.38,1008.4,0.0
27.52,63.9,2.28,998.9,0.0
10.0,100.0,2.41,1014.1,0.0
29.85,74.1,4.44,1024.3,1.6
25.74,60.2,3.36,1003.2,5.17
20.62,77.1,1.04,995.3,0.0
30.37,85.5,4.0,1007.2,5.32
36.8,69.7,0.9,1010.5,0.0
24.43,75.1,3.61,1011.6,0.0
20.91,69.6,6.55,1020.8,0.0
29.24,56.1,4.46,1014.5,2.62
17.98,53.2,4.36,993.5,0.0
23.05,42.7,1.55,998.1,0.0
37.17,95.3,5.56,1011.2,121.75
28.47,64.0,5.35,1004.4,0.0
13.9,30.0,1.23,1020.1,0.0
14.52,75.1,7.16,1000.5,0.0
29.22,74.8,1.11,1015.7,0.0
34.47,34.4,1.84,1002.8,7.05
15.87,53.0,4.79,1010.1,3.02
31.37,52.2,2.09,1001.4,0.0
37.98,54.6,0.62,1012.5,0.0
42.16,89.8,0.5,1016.6,0.93
30.48,65.3,0.65,1010.0,0.0
31.8,60.3,8.34,1023.3,0.58
12.0,88.2,8.68,1002.2,120.36
43.75,76.9,4.47,1008.8,0.03
23.68,36.7,2.17,1014.8,0.0
21.0,56.9,8.9,1000.4,0.0
26.09,73.8,4.75,1008.5,9.32
39.34,51.2,1.51,1013.3,1.41
44.56,100.0,0.93,1015.4,0.0
28.94,70.0,4.6,1017.1,0.0
35.49,54.4,8.14,1001.0,0.0
28.32,47.8,1.58,1010.3,0.0
20.22,84.7,2.16,997.5,0.51
39.08,56.3,3.17,1002.2,0.0
23.33,74.8,1.6,1006.6,95.81
39.52,47.3,6.15,1017.2,0.0
37.74,69.3,1.67,1012.2,6.75
32.61,56.6,1.66,1008.3,0.0
41.72,62.3,2.14,1011.6,0.0
44.74,53.7,1.87,1012.2,0.0
26.69,86.5,2.65,1011.0,0.0
21.93,59.2,1.18,1003.4,0.0
14.02,65.4,2.59,1000.3,0.53
44.84,66.3,6.36,1006.2,0.0
24.7,97.0,2.04,1001.6,0.0
36.51,84.0,3.41,1013.0,1.54
22.44,82.2,5.13,1020.2,0.56
39.54,39.6,5.46,1012.5,0.0
22.75,56.2,6.7,993.5,0.0
19.06,89.4,7.51,1002.9,2.67
26.44,46.9,2.4,1008.1,0.0
24.01,69.5,0.75,996.5,0.0
32.47,48.8,5.4,1008.2,0.0
27.61,50.6,2.0,1011.8,0.0
32.71,98.3,11.22,1019.3,0.0
25.82,80.9,1.21,1022.5,0.0
23.01,85.7,1.07,998.5,0.0
23.62,82.1,1.54,1007.1,0.03
43.34,65.5,2.95,1007.2,0.0
29.69,55.6,2.58,1002.3,0.09
13.12,60.8,2.29,1008.8,0.0
24.1,64.5,6.32,1007.4,0.0
28.73,100.0,2.14,1012.9,0.0
41.84,43.9,3.39,1018.9,0.0
35.72,58.0,4.18,1009.1,3.94
21.09,51.6,0.93,1004.1,0.0
45.0,87.0,4.9,999.8,6.99
27.77,100.0,5.38,1024.3,5.7
37.35,73.6,4.21,1015.3,0.0
19.34,75.0,2.22,1011.2,0.0
10.01,69.6,4.87,1006.7,4.44
17.44,75.9,1.75,1020.9,0.0
10.0,81.9,3.59,1006.7,0.0
43.84,75.7,5.26,994.3,1.47
29.61,77.0,2.73,1010.1,0.0
21.07,82.0,3.36,998.2,0.0
31.39,36.0,2.72,1010.2,0.0
29.42,68.0,0.66,1018.8,0.0
32.66,73.5,1.76,994.6,0.0
37.07,75.5,2.57,1000.8,0.0
25.83,64.9,1.88,1014.9,2.17
21.4,70.9,1.24,1004.0,4.5
34.21,55.0,2.08,1011.3,4.66
34.02,36.1,6.76,1011.3,8.65
28.76,85.7,4.88,1015.1,0.0
44.33,47.6,4.98,1002.8,0.0
24.72,65.1,1.72,987.6,5.16
21.25,54.5,4.84,1011.2,2.47
31.14,96.6,2.28,995.4,5.89
22.94,66.6,3.0,1015.5,0.87
31.72,62.4,2.25,1007.7,0.03
21.75,81.5,4.09,1005.6,93.08
25.0,100.0,7.54,1013.5,0.71
42.18,75.3,4.53,994.1,0.0
24.96,61.2,1.57,1006.4,2.44
22.01,80.5,4.32,1011.6,0.0
36.78,39.7,3.39,1010.0,0.0
20.12,68.8,3.89,1004.1,0.0
22.8,100.0,3.87,1004.2,0.0
32.32,70.8,3.71,1020.3,0.0
35.04,69.9,7.11,1015.3,0.0
37.15,68.4,4.18,1002.7,6.02
22.4,60.9,1.5,1018.8,1.2
32.47,73.7,5.05,1014.0,0.0
24.5,82.0,2.2,1011.9,0.0
23.46,62.0,1.91,1012.2,0.0
37.02,30.0,1.19,998.8,1.16
23.88,76.4,4.89,1020.0,3.0
30.09,100.0,12.23,1015.6,0.0
29.17,61.2,2.92,1010.0,5.79
19.97,41.5,1.77,1009.9,2.29
35.25,80.2,4.0,1007.3,8.72
32.2,99.4,1.52,1003.5,0.0
13.1,77.5,3.0,1012.3,0.0
30.08,99.0,3.76,1001.6,0.0
22.2,82.3,1.88,1009.2,85.04
36.23,80.7,0.5,1008.8,141.55
17.16,58.7,1.32,1011.1,2.84
25.33,73.1,8.65,1015.5,0.0
30.72,67.5,4.08,1011.2,4.43
28.41,66.9,6.34,1013.5,0.0
33.72,63.4,5.33,992.5,0.0
16.61,72.1,5.49,1011.7,0.0
40.39,44.7,1.98,1008.6,9.53
31.94,82.6,4.37,1011.0,0.78
38.2,52.2,5.03,1003.8,0.2
34.56,63.5,13.9,1017.2,0.0
27.91,74.0,3.24,1010.0,1.92
18.37,51.3,4.87,1002.0,1.25
23.77,32.6,6.07,1003.5,0.69
39.92,61.1,2.81,1015.2,0.0
38.39,42.2,1.73,1007.3,1.55
23.35,80.8,1.87,1008.0,0.0
10.0,47.2,8.13,1006.4,0.0
26.4,94.7,4.32,1016.1,1.66
25.84,67.9,1.25,1011.9,0.0
26.13,69.1,3.32,998.5,0.0
31.96,32.3,1.72,1000.2,1.5
34.57,70.6,2.92,1008.0,0.63
35.43,66.6,1.73,1002.9,0.0
31.34,44.6,5.29,990.7,0.0
14.49,69.6,2.05,1002.0,0.0
25.44,60.8,6.0,1005.8,0.0
45.0,64.1,2.31,1004.8,0.0
30.81,68.5,9.35,1013.8,3.61
30.76,59.5,2.33,990.1,1.58
30.7,72.4,0.5,1001.8,0.0
31.12,66.4,2.62,1014.4,6.23
10.13,76.5,4.13,1002.7,0.0
26.2,58.5,2.59,998.3,0.0
27.72,48.8,1.42,1002.6,11.02
37.61,55.2,5.43,1011.6,7.76
28.36,94.0,3.34,1006.0,0.0
15.65,85.2,3.33,1002.2,0.66
31.23,89.8,2.84,1011.9,1.93
21.97,91.1,3.35,1011.0,2.46
18.87,59.6,3.77,997.9,0.0
21.74,73.3,8.88,1008.8,0.09
32.07,69.4,1.81,997.6,0.0
37.44,79.9,4.39,1017.4,9.05
31.62,62.8,6.0,1017.8,0.0
32.74,69.7,6.11,1005.7,6.43
31.55,69.3,2.25,1016.5,0.0
28.76,77.6,3.76,1002.0,0.69
33.23,79.8,7.62,1006.9,0.0
10.0,69.7,3.46,1003.3,0.0
28.83,70.2,6.23,1007.8,136.02
20.16,72.1,5.84,1008.5,0.0
36.72,97.6,2.67,1008.0,0.0
26.9,36.9,2.68,1007.3,0.0
28.23,50.5,5.84,1009.0,0.0
16.71,80.1,10.36,1018.0,2.89
35.63,72.9,2.48,991.9,0.0
32.7,72.7,2.08,1023.4,0.0
32.18,80.0,3.65,1005.2,53.84
21.9,71.9,3.46,1007.4,0.57
22.2,57.9,3.7,1018.6,0.0
29.68,79.3,4.86,1012.9,146.69
22.79,68.4,3.48,1012.3,7.7
31.26,59.9,3.75,1018.0,8.65
11.79,80.4,6.68,1006.7,0.0
24.34,79.7,1.79,1015.4,0.0
41.48,71.9,5.01,997.9,0.0
31.3,98.9,3.8,1011.3,0.31
29.25,91.9,4.49,1012.5,142.55
42.89,86.0,2.68,1017.2,0.33
10.48,100.0,6.7,1013.7,0.0
21.89,65.4,1.94,1009.6,6.48
24.99,59.6,5.88,1005.5,6.73
34.44,83.5,7.7,1005.4,2.0
34.57,63.5,4.39,1005.4,4.45
21.5,68.2,1.67,997.6,0.0
35.48,50.3,1.37,1021.9,0.0
24.98,78.9,14.41,1016.0,0.0
37.09,41.5,4.44,1010.0,0.0
20.26,66.3,5.24,1014.5,0.0
27.08,67.7,5.82,1014.0,0.0
24.32,60.2,5.17,1000.1,17.44
35.92,36.4,7.01,1013.1,0.0
24.08,36.2,1.22,1018.2,0.0
27.68,54.6,11.23,1002.6,0.0
31.8,77.7,5.09,995.7,10.19
32.09,73.2,2.29,998.7,8.0
34.65,67.7,3.69,1007.2,0.0
29.58,52.1,3.33,998.2,0.0
24.86,74.1,3.06,1006.6,0.0
25.38,35.6,7.19,1002.8,7.77
28.19,30.0,1.28,1008.0,0.0
29.87,63.6,2.14,1003.9,0.0
26.9,58.2,2.94,1007.7,0.0
28.14,86.2,2.13,1012.8,4.08
16.62,70.8,7.05,1000.3,2.98
33.01,97.7,2.8,1010.3,0.95
29.36,58.1,2.11,1001.2,0.0
35.51,76.8,4.68,1008.0,0.0
28.0,63.5,3.5,1007.3,8.6
14.96,92.9,3.98,1010.8,0.0
25.31,64.3,4.49,1009.5,0.0
26.5,83.4,1.58,1017.9,2.04
33.57,48.6,1.26,1007.8,9.04
12.47,60.5,4.5,1003.0,0.0
28.31,66.5,3.08,1015.4,0.0
31.85,90.7,5.08,1010.6,5.8
23.04,30.0,5.71,1015.1,0.22
28.56,62.0,3.06,1007.0,0.0
23.3,61.4,2.34,997.5,0.35
22.53,30.6,2.13,1026.0,0.0
24.94,59.6,5.19,1003.2,0.6
22.67,40.3,1.3,998.7,0.0
33.13,30.0,4.91,1013.7,0.0
22.49,63.3,2.69,1000.4,6.46
21.23,62.7,5.88,1004.9,0.5
41.26,63.6,0.85,1009.0,0.0
35.21,72.6,2.41,1006.9,2.15
14.04,52.2,3.14,1005.1,0.0
22.26,100.0,7.93,1020.7,0.0
29.82,67.4,9.12,1007.1,0.0
30.43,91.2,4.4,1000.8,2.64
16.82,37.8,2.26,1015.8,0.0
36.69,53.0,1.63,1002.2,0.0
34.19,80.4,2.12,1007.1,0.29
31.61,63.9,0.67,1000.8,5.69
38.18,48.7,2.12,1009.7,0.0
31.39,34.9,3.35,1008.3,5.78
31.36,81.2,3.14,1007.8,0.74
39.68,79.7,2.94,1009.2,0.0
36.26,72.4,4.71,1014.5,1.25
21.69,59.1,5.99,1013.6,0.0
32.75,48.0,1.89,999.7,6.35
23.02,67.0,1.05,1002.6,1.79
31.78,44.3,1.56,1015.4,3.14
31.57,54.5,1.21,1001.7,0.0
17.62,90.7,3.1,1011.9,1.51
27.09,34.7,5.61,1014.7,0.0
29.99,80.2,1.8,994.9,0.0
24.73,94.9,1.45,1004.7,0.0
30.36,82.7,6.35,1014.5,0.0
34.04,75.2,0.69,1006.8,0.0
27.77,59.7,1.62,1004.8,2.89
29.68,56.4,0.97,1014.6,19.11
38.38,30.0,6.3,1016.8,1.03
31.55,68.7,3.19,1002.6,0.76
29.51,60.8,5.25,1022.1,0.0
20.81,55.4,4.27,993.7,3.02
33.03,67.6,5.43,995.9,0.0
30.48,69.1,3.95,1004.4,0.0
37.63,56.6,4.4,1005.3,0.0
28.35,97.0,3.81,1005.7,0.0
14.38,81.2,3.83,1003.7,0.0
15.25,84.1,2.63,1002.2,12.35
33.52,66.1,4.39,1006.2,0.0
23.72,77.2,0.54,1003.3,0.0
31.28,51.9,3.88,1013.5,0.09
28.86,80.0,3.27,1008.2,3.72
26.75,64.3,7.81,1006.2,10.34
27.28,49.6,6.16,1007.4,4.3
21.51,67.6,11.79,1016.9,0.0
27.88,62.7,5.56,1004.1,0.0
23.62,100.0,3.13,997.8,0.0
25.21,75.8,3.8,1000.2,4.58
25.57,96.4,3.32,1006.1,2.11
26.3,88.4,0.5,1011.9,3.37
34.92,68.7,5.77,1015.0,0.0
27.03,60.0,4.67,1021.2,1.15
35.68,36.7,8.67,1013.9,1.26
39.53,52.3,2.27,1000.9,0.0
34.41,79.9,0.72,1006.4,0.0
32.01,62.6,4.34,990.7,1.61
30.45,74.8,7.46,1005.5,4.26
34.49,31.5,9.66,1003.2,0.0
28.67,76.2,0.5,989.5,0.0
35.38,87.7,1.63,1024.9,2.18
32.61,36.0,2.18,1005.0,0.0
25.3,74.7,3.14,991.1,0.19
34.72,92.2,2.61,1005.8,0.0
28.69,98.2,4.87,1021.2,0.0
27.2,58.9,7.16,1023.3,0.0
24.43,82.0,5.3,1008.5,0.0
29.25,93.7,2.23,1008.8,0.0
35.47,75.2,0.52,1017.8,0.0
34.67,91.1,4.6,1006.8,0.15
30.65,67.4,3.87,1011.7,0.0
32.5,75.1,6.23,1014.7,0.0
37.54,56.8,6.71,999.4,0.0
26.88,65.0,7.48,1020.3,0.0
19.63,75.8,1.47,1001.0,0.23
37.76,55.5,6.21,1002.9,0.0
24.03,64.0,3.5,1008.8,0.0
22.82,81.7,0.5,1015.5,1.91
14.53,100.0,1.13,1013.4,0.0
32.28,31.1,6.47,1007.6,0.0
15.84,100.0,1.75,1010.3,0.0
22.37,63.3,4.89,1016.6,1.39
32.41,85.4,8.08,1008.1,0.27
33.41,88.9,5.34,1001.5,2.85
23.11,96.2,2.69,1003.2,0.0
26.99,54.9,0.62,1015.3,0.0
21.46,63.9,9.85,1001.5,7.49
23.89,67.0,3.86,995.5,0.0
30.0,61.6,9.8,1005.6,1.73
24.24,91.7,7.68,1007.4,0.0
26.17,66.6,7.56,1014.9,0.0
17.01,38.9,5.43,996.3,0.0
36.5,56.6,6.14,1010.8,0.0
31.83,39.6,4.03,1017.2,0.0
33.95,63.9,2.19,1001.5,0.0
37.68,80.1,1.85,1008.7,0.0
21.81,56.2,5.64,990.8,0.0
25.31,60.7,3.95,1015.0,0.0
13.79,63.1,9.77,1014.4,1.41
45.0,70.5,1.7,1007.8,0.0
26.88,77.3,3.82,997.4,0.0
35.79,82.5,1.06,1013.3,0.0
18.71,100.0,4.94,1006.0,7.85
35.47,70.2,0.5,985.8,0.69
41.93,81.2,4.14,1014.2,3.51
27.55,39.4,3.99,1017.3,3.33
20.42,61.2,2.8,1018.7,0.0
26.96,63.1,9.41,997.8,5.17
11.3,49.7,4.82,992.7,2.02
27.72,58.4,1.99,1004.7,0.0
34.16,66.1,4.76,1012.1,0.04
27.73,58.9,3.9,1000.5,0.56
25.87,100.0,5.55,995.3,0.0
31.96,77.2,3.57,1013.8,2.26
32.53,100.0,15.0,1005.2,0.0
15.55,94.9,4.33,1013.0,0.0
28.67,56.5,2.16,1008.1,8.17
45.0,68.7,3.56,1006.7,1.34
17.99,60.2,1.77,1007.5,7.63
27.36,65.1,1.56,1005.1,1.08
42.56,50.4,6.89,1004.3,0.0
36.28,60.1,3.16,999.2,0.0
24.15,74.5,9.09,1011.9,0.0
29.55,74.0,2.97,1018.0,1.23
27.98,72.6,3.44,1004.0,0.0
22.39,66.9,4.8,1022.9,0.0
27.44,83.5,6.36,1011.0,2.04
25.9,63.4,4.68,1010.1,1.84
28.85,93.0,4.57,1013.2,0.0
22.39,34.7,1.89,1015.8,0.0
18.43,79.8,5.52,1004.4,0.0
27.69,76.8,0.89,1012.4,4.09
40.86,55.9,7.14,1016.4,1.73
28.62,61.6,0.5,1005.0,0.85
25.51,76.4,5.12,1008.0,2.54
33.66,84.5,1.57,1001.9,0.0
26.81,36.5,2.64,1004.1,0.0
42.01,79.3,1.69,1005.2,3.33
27.97,59.8,2.35,1000.8,0.0
33.25,88.3,2.34,1007.5,1.68
22.34,34.9,1.88,1010.6,10.39
31.77,100.0,8.45,1011.4,0.04
30.06,52.0,0.63,1001.5,0.0
27.58,93.7,5.24,1003.1,2.67
24.24,66.8,6.54,1014.8,0.0
23.21,53.3,0.51,1003.1,0.0
30.12,72.8,1.62,1014.6,0.54
32.72,86.5,1.76,1002.1,0.0
27.05,40.1,6.33,1011.0,0.0
30.15,80.6,3.39,1014.0,0.88
27.72,67.8,2.52,986.8,0.0
28.74,78.4,2.12,1014.9,0.0
26.5,68.2,2.06,1018.4,8.38
28.13,57.7,5.11,1005.5,1.7
45.0,48.0,2.01,1010.8,0.14
30.34,80.1,0.65,1001.3,3.02
32.84,80.0,2.81,1010.9,1.04
31.29,79.9,1.47,1027.7,0.0
26.03,75.7,1.87,990.4,2.22
37.7,85.0,2.2,1004.0,0.0
25.82,93.3,1.31,1014.4,2.35
35.91,34.2,4.67,1018.1,0.0
25.49,30.0,0.7,996.9,4.36
20.8,98.9,7.4,1002.9,1.03
30.74,43.9,2.59,1003.4,10.1
19.71,48.4,3.13,1002.8,0.0
32.02,62.8,2.15,1007.1,0.45
19.04,38.2,3.64,996.6,0.0
25.61,61.1,0.97,1006.0,0.0
17.26,50.9,3.95,1000.5,0.1
45.0,63.8,2.25,1007.4,0.0
15.6,73.0,4.44,1002.4,0.0
28.07,61.8,8.34,1006.6,0.0
36.57,60.9,4.42,999.7,0.0
35.77,72.6,1.0,1015.6,0.0
34.39,86.8,6.07,1005.4,14.19
25.62,96.9,2.12,1008.1,78.88
38.13,64.1,2.41,1006.8,0.0
34.85,100.0,2.78,1008.1,0.0
29.59,83.8,7.52,1008.0,1.39
29.8,45.8,3.86,1014.4,0.03
25.72,45.3,2.18,1005.7,0.0
21.18,57.6,6.43,1002.2,0.0
37.28,94.0,5.45,1008.3,0.0
37.84,59.0,3.91,1003.1,0.66
21.37,33.9,3.97,1007.4,1.98
26.85,63.9,2.8,999.6,0.0
